term,category,subcategory,sensitivity,source,is_synthetic
방위산업기술 보호법,LAW,법령명,low,S01,0
방위산업기술보호법,LAW,법령명,low,S01,0
방산기술보호법,LAW,법령명,low,S01,0
방위산업기술 보호법 시행령,LAW,법령명,low,S01,0
방위산업기술 지정 고시,LAW,법령명,low,S01,0
방위산업기술보호지침,LAW,법령명,low,S01,0
산업기술의 유출방지 및 보호에 관한 법률,LAW,법령명,low,S04,0
산업기술보호법,LAW,법령명,low,S04,0
국가핵심기술 지정 등에 관한 고시,LAW,법령명,low,S04,0
산업기술보호지침,LAW,법령명,low,S04,0
군사기밀 보호법,LAW,법령명,low,S06,0
군사기밀보호법,LAW,법령명,low,S06,0
군형법,LAW,법령명,low,S06,0
국가보안법,LAW,법령명,low,S06,0
형법 제98조,LAW,법령명,low,S06,0
간첩죄,LAW,법령명,low,S06,0
일반이적죄,LAW,법령명,low,S06,0
군사상 기밀,LAW,법령명,low,S06,0
군기누설,LAW,법령명,low,S06,0
공무상비밀누설,LAW,법령명,low,S06,0
부정경쟁방지 및 영업비밀보호에 관한 법률,LAW,법령명,low,S09,0
부정경쟁방지법,LAW,법령명,low,S09,0
영업비밀,LAW,법령명,low,S09,0
영업비밀 국외누설,LAW,법령명,low,S09,0
영업비밀 누설,LAW,법령명,low,S09,0
대외무역법,LAW,법령명,low,S09,0
전략물자,LAW,법령명,low,S09,0
전략물자 수출허가,LAW,법령명,low,S09,0
방위사업법,LAW,법령명,low,S09,0
국가첨단전략산업 경쟁력 강화 및 보호에 관한 특별법,LAW,법령명,low,S09,0
국가정보원법,LAW,법령명,low,S09,0
군사기밀보호법위반,LAW,죄명,low,S08,0
산업기술의유출방지및보호에관한법률위반,LAW,죄명,low,S08,0
영업비밀국외누설,LAW,죄명,low,S08,0
업무상배임,LAW,죄명,low,S08,0
뇌물수수,LAW,죄명,low,S08,0
뇌물공여,LAW,죄명,low,S08,0
부정처사후수뢰,LAW,죄명,low,S08,0
정보통신망법 위반,LAW,죄명,low,S08,0
군사Ⅰ급 비밀,GRADE,군사기밀,mid,S06,0
군사Ⅱ급 비밀,GRADE,군사기밀,mid,S06,0
군사Ⅲ급 비밀,GRADE,군사기밀,mid,S06,0
군사 I급 비밀,GRADE,군사기밀,mid,S06,0
군사 II급 비밀,GRADE,군사기밀,mid,S06,0
군사 III급 비밀,GRADE,군사기밀,mid,S06,0
군사기밀,GRADE,군사기밀,mid,S06,0
대외비,GRADE,군사기밀,mid,S06,0
비공개 군사자료,GRADE,군사기밀,mid,S06,0
군사 2급 비밀,GRADE,군사기밀,mid,S06,0
군사 3급 비밀,GRADE,군사기밀,mid,S06,0
방위산업기술,GRADE,기술지정,mid,S01,0
방위산업기술 해당 여부 판정,GRADE,기술지정,mid,S01,0
방산기술 판정,GRADE,기술지정,mid,S01,0
방위산업기술 지정,GRADE,기술지정,mid,S01,0
국가핵심기술,GRADE,기술지정,mid,S05,0
국가핵심기술 보유기관,GRADE,기술지정,mid,S05,0
국가핵심기술 해외 이전,GRADE,기술지정,mid,S05,0
국가핵심기술 수출 승인,GRADE,기술지정,mid,S05,0
첨단기술,GRADE,기술지정,mid,S05,0
산업기술,GRADE,기술지정,mid,S05,0
전략기술,GRADE,기술지정,mid,S05,0
국가연구개발사업 산업기술,GRADE,기술지정,mid,S05,0
센서,DOMAIN,방산기술분야,mid,S03,0
정보통신,DOMAIN,방산기술분야,mid,S03,0
제어전자,DOMAIN,방산기술분야,mid,S03,0
탄약/에너지,DOMAIN,방산기술분야,mid,S03,0
추진,DOMAIN,방산기술분야,mid,S03,0
화생방,DOMAIN,방산기술분야,mid,S03,0
소재,DOMAIN,방산기술분야,mid,S03,0
플랫폼/구조,DOMAIN,방산기술분야,mid,S03,0
반도체,DOMAIN,국가핵심기술분야,mid,S05,0
디스플레이,DOMAIN,국가핵심기술분야,mid,S05,0
전기전자,DOMAIN,국가핵심기술분야,mid,S05,0
자동차·철도,DOMAIN,국가핵심기술분야,mid,S05,0
철강,DOMAIN,국가핵심기술분야,mid,S05,0
조선,DOMAIN,국가핵심기술분야,mid,S05,0
원자력,DOMAIN,국가핵심기술분야,mid,S05,0
우주,DOMAIN,국가핵심기술분야,mid,S05,0
생명공학,DOMAIN,국가핵심기술분야,mid,S05,0
기계,DOMAIN,국가핵심기술분야,mid,S05,0
로봇,DOMAIN,국가핵심기술분야,mid,S05,0
수소,DOMAIN,국가핵심기술분야,mid,S05,0
연료전지,DOMAIN,국가핵심기술분야,mid,S05,0
건설·산업기계용 연료전지,DOMAIN,국가핵심기술분야,mid,S05,0
고정형 연료전지,DOMAIN,국가핵심기술분야,mid,S05,0
레이더,TECH,센서,high,S03,0
능동위상배열레이더,TECH,센서,high,S03,0
전자광학,TECH,센서,high,S03,0
적외선 탐색기,TECH,센서,high,S03,0
소나,TECH,센서,high,S03,0
함정 소나,TECH,센서,high,S03,0
탐색기,TECH,센서,high,S03,0
신호처리기,TECH,센서,high,S03,0
표적 탐지·추적,TECH,센서,high,S03,0
전술데이터링크,TECH,통신,high,S03,0
전술통신,TECH,통신,high,S03,0
군용 암호장비,TECH,통신,high,S03,0
암호모듈,TECH,통신,high,S03,0
위성통신,TECH,통신,high,S03,0
재밍,TECH,통신,high,S03,0
위성항법 재밍,TECH,통신,high,S03,0
전자전,TECH,통신,high,S03,0
전자전 장비,TECH,통신,high,S03,0
비행제어,TECH,제어전자,high,S03,0
비행제어컴퓨터,TECH,제어전자,high,S03,0
무인기 비행제어,TECH,제어전자,high,S03,0
임무컴퓨터,TECH,제어전자,high,S03,0
관성항법장치,TECH,제어전자,high,S03,0
제어소프트웨어,TECH,제어전자,high,S03,0
펌웨어,TECH,제어전자,high,S03,0
FPGA 소스코드,TECH,제어전자,high,S03,0
소스코드,TECH,제어전자,high,S03,0
추진기관,TECH,추진,high,S03,0
추진체,TECH,추진,high,S03,0
항공기 엔진,TECH,추진,high,S03,0
엔진 제어,TECH,추진,high,S03,0
로켓모터,TECH,추진,high,S03,0
전차 파워팩,TECH,추진,high,S03,0
파워팩,TECH,추진,high,S03,0
탄약,TECH,탄약에너지,high,S03,0
고폭탄,TECH,탄약에너지,high,S03,0
신관,TECH,탄약에너지,high,S03,0
유도탄,TECH,탄약에너지,high,S03,0
유도무기,TECH,탄약에너지,high,S03,0
지대공유도탄,TECH,탄약에너지,high,S03,0
함대함유도탄,TECH,탄약에너지,high,S03,0
탄도탄 요격,TECH,탄약에너지,high,S03,0
화약,TECH,탄약에너지,high,S03,0
추진제,TECH,탄약에너지,high,S03,0
잠수함,TECH,플랫폼,high,S03,0
잠수함 소음저감,TECH,플랫폼,high,S03,0
차기 잠수함,TECH,플랫폼,high,S03,0
전투기,TECH,플랫폼,high,S03,0
한국형전투기,TECH,플랫폼,high,S03,0
헬기,TECH,플랫폼,high,S03,0
전차,TECH,플랫폼,high,S03,0
자주포,TECH,플랫폼,high,S03,0
장갑차,TECH,플랫폼,high,S03,0
구축함,TECH,플랫폼,high,S03,0
호위함,TECH,플랫폼,high,S03,0
함정,TECH,플랫폼,high,S03,0
무인항공기,TECH,플랫폼,high,S03,0
무인기,TECH,플랫폼,high,S03,0
스텔스,TECH,플랫폼,high,S03,0
스텔스 코팅,TECH,플랫폼,high,S03,0
항만감시체계,TECH,플랫폼,high,S03,0
장갑 소재,TECH,소재,high,S03,0
복합소재,TECH,소재,high,S03,0
특수 강판,TECH,소재,high,S03,0
방탄 소재,TECH,소재,high,S03,0
흡수 소재,TECH,소재,high,S03,0
생화학 방호,TECH,화생방,high,S03,0
탐지 장비,TECH,화생방,high,S03,0
제독,TECH,화생방,high,S03,0
극초음속,TECH,신개념,high,S03,0
고출력 레이저,TECH,신개념,high,S03,0
고출력 마이크로웨이브,TECH,신개념,high,S03,0
인공지능 무기체계,TECH,신개념,high,S03,0
유무인 복합체계,TECH,신개념,high,S03,0
KSS-Ⅰ,TECH,공개체계명,high,S08,0
KSS-I,TECH,공개체계명,high,S08,0
HUSS,TECH,공개체계명,high,S08,0
천궁-2,TECH,공개체계명,high,S08,0
천궁,TECH,공개체계명,high,S08,0
KF-21,TECH,공개체계명,high,S08,0
작전운용성능,DOC,사업정보,mid,S08,0
소요량,DOC,사업정보,mid,S08,0
전력증강계획,DOC,사업정보,mid,S08,0
성능개량,DOC,사업정보,mid,S08,0
성능개량 문건,DOC,사업정보,mid,S08,0
체계개발,DOC,사업정보,mid,S08,0
사업 수주,DOC,사업정보,mid,S08,0
무기체계,DOC,사업정보,mid,S08,0
한미연합연습,DOC,사업정보,mid,S08,0
유엔사 관련 자료,DOC,사업정보,mid,S08,0
훈련자료,DOC,사업정보,mid,S08,0
설계도면,DOC,기술자료,mid,S08,0
회로도,DOC,기술자료,mid,S08,0
제조공정,DOC,기술자료,mid,S08,0
공정도,DOC,기술자료,mid,S08,0
첨단기술 자료,DOC,기술자료,mid,S08,0
기술자료,DOC,기술자료,mid,S08,0
매뉴얼,DOC,기술자료,mid,S08,0
장비 매뉴얼,DOC,기술자료,mid,S08,0
시험성적서,DOC,기술자료,mid,S08,0
분석표,DOC,기술자료,mid,S08,0
범죄일람표,DOC,기술자료,mid,S08,0
연구용역 결과물,DOC,기술자료,mid,S08,0
연구 결과물,DOC,기술자료,mid,S08,0
제안요청서,DOC,기술자료,mid,S01,0
시험평가결과서,DOC,기술자료,mid,S01,0
기술이전 계약서,DOC,기술자료,mid,S01,0
수출허가서,DOC,기술자료,mid,S01,0
체계설계서,DOC,기술자료,mid,S01,0
형상관리문서,DOC,기술자료,mid,S01,0
USB,CHANNEL,저장매체,mid,S08,0
외장하드,CHANNEL,저장매체,mid,S08,0
외장형 저장장치,CHANNEL,저장매체,mid,S08,0
개인 외장하드,CHANNEL,저장매체,mid,S08,0
저장매체,CHANNEL,저장매체,mid,S08,0
NAS 서버,CHANNEL,저장매체,mid,S08,0
압축파일,CHANNEL,저장매체,mid,S08,0
개인 클라우드,CHANNEL,저장매체,mid,S08,0
개인 이메일,CHANNEL,저장매체,mid,S08,0
카카오톡 단체대화방,CHANNEL,저장매체,mid,S08,0
메신저,CHANNEL,저장매체,mid,S08,0
이메일,CHANNEL,저장매체,mid,S08,0
메모지,CHANNEL,저장매체,mid,S08,0
촬영,CHANNEL,저장매체,mid,S08,0
몰래 가지고 나온,CHANNEL,수법,mid,S08,0
유출,CHANNEL,수법,mid,S08,0
누설,CHANNEL,수법,mid,S08,0
탐지·수집,CHANNEL,수법,mid,S08,0
탐지,CHANNEL,수법,mid,S08,0
수집,CHANNEL,수법,mid,S08,0
공개,CHANNEL,수법,mid,S08,0
사용,CHANNEL,수법,mid,S08,0
취득,CHANNEL,수법,mid,S08,0
부정한 방법,CHANNEL,수법,mid,S08,0
부정한 이익,CHANNEL,수법,mid,S08,0
국외 유출,CHANNEL,수법,mid,S08,0
해외 유출,CHANNEL,수법,mid,S08,0
외국에서 사용하거나 사용되게 할 목적,CHANNEL,수법,mid,S08,0
이직,CHANNEL,수법,mid,S08,0
퇴사,CHANNEL,수법,mid,S08,0
퇴직,CHANNEL,수법,mid,S08,0
경쟁업체,CHANNEL,수법,mid,S08,0
중국 업체,CHANNEL,수법,mid,S08,0
중국 회사로 이직,CHANNEL,수법,mid,S08,0
복사,CHANNEL,수법,mid,S08,0
반출,CHANNEL,수법,mid,S08,0
삭제 요구,CHANNEL,수법,mid,S08,0
반환 요구,CHANNEL,수법,mid,S08,0
사본 보유,CHANNEL,수법,mid,S08,0
방위산업기술 보호책임자,CHANNEL,보호조치,low,S02,0
보호구역,CHANNEL,보호조치,low,S02,0
출입 제한,CHANNEL,보호조치,low,S02,0
외부망 차단,CHANNEL,보호조치,low,S02,0
비밀유지의무,CHANNEL,보호조치,low,S02,0
보안서약,CHANNEL,보호조치,low,S02,0
보안교육,CHANNEL,보호조치,low,S02,0
이직 관리,CHANNEL,보호조치,low,S02,0
휴대품 검사,CHANNEL,보호조치,low,S02,0
실태조사,CHANNEL,보호조치,low,S02,0
외국 업체,ACTOR,수령처,mid,S08,0
외국인,ACTOR,수령처,mid,S08,0
외국 정보기관,ACTOR,수령처,mid,S08,0
중국 정보기관 관계자,ACTOR,수령처,mid,S08,0
독일 기업,ACTOR,수령처,mid,S08,0
해외 방산업체,ACTOR,수령처,mid,S08,0
제3국,ACTOR,수령처,mid,S08,0
무기중개업자,ACTOR,수령처,mid,S08,0
방산 컨설턴트,ACTOR,수령처,mid,S08,0
방위산업체,ACTOR,수령처,mid,S08,0
방산업체,ACTOR,수령처,mid,S08,0
협력업체,ACTOR,수령처,mid,S08,0
협력업체 직원,ACTOR,수령처,mid,S08,0
퇴직자,ACTOR,수령처,mid,S08,0
예비역,ACTOR,수령처,mid,S08,0
현역 군인,ACTOR,수령처,mid,S08,0
육군 병사,ACTOR,수령처,mid,S08,0
방산업체 관계자,ACTOR,수령처,mid,S08,0
전직 연구원,ACTOR,수령처,mid,S08,0
방위사업청,ACTOR,기관,low,S01,0
방위사업청장,ACTOR,기관,low,S01,0
국방부,ACTOR,기관,low,S01,0
국방부장관,ACTOR,기관,low,S01,0
국방기술품질원,ACTOR,기관,low,S01,0
국방과학연구소,ACTOR,기관,low,S01,0
국방기술진흥연구소,ACTOR,기관,low,S01,0
방위산업기술지원센터,ACTOR,기관,low,S01,0
방위산업기술보호센터,ACTOR,기관,low,S01,0
방위산업기술 보호위원회,ACTOR,기관,low,S01,0
한국방위산업진흥회,ACTOR,기관,low,S01,0
산업통상자원부,ACTOR,기관,low,S04,0
산업통상부,ACTOR,기관,low,S04,0
산업기술보호위원회,ACTOR,기관,low,S04,0
국가핵심기술위원회,ACTOR,기관,low,S04,0
산업기술분쟁조정위원회,ACTOR,기관,low,S04,0
한국산업기술보호협회,ACTOR,기관,low,S04,0
정보수사기관,ACTOR,기관,low,S04,0
국가정보원,ACTOR,기관,low,S06,0
국군방첩사령부,ACTOR,기관,low,S06,0
국군정보사령부,ACTOR,기관,low,S06,0
합동참모본부,ACTOR,기관,low,S06,0
육군,ACTOR,기관,low,S06,0
해군,ACTOR,기관,low,S06,0
공군,ACTOR,기관,low,S06,0
해병대,ACTOR,기관,low,S06,0
사이버작전사령부,ACTOR,기관,low,S06,0
국가수사본부,ACTOR,기관,low,S06,0
경찰청 안보수사국,ACTOR,기관,low,S06,0
검찰,ACTOR,기관,low,S06,0
군검찰,ACTOR,기관,low,S06,0
고등군사법원,ACTOR,기관,low,S06,0
보통군사법원,ACTOR,기관,low,S06,0
사상·신념,PII,민감정보,high,S07,0
노동조합 가입,PII,민감정보,high,S07,0
정당 가입,PII,민감정보,high,S07,0
정치적 견해,PII,민감정보,high,S07,0
건강에 관한 정보,PII,민감정보,high,S07,0
성생활,PII,민감정보,high,S07,0
유전정보,PII,민감정보,high,S07,0
범죄경력자료,PII,민감정보,high,S07,0
생체인식정보,PII,민감정보,high,S07,0
인종,PII,민감정보,high,S07,0
민족,PII,민감정보,high,S07,0
주민등록번호,PII,고유식별정보,high,S07,0
여권번호,PII,고유식별정보,high,S07,0
운전면허번호,PII,고유식별정보,high,S07,0
외국인등록번호,PII,고유식별정보,high,S07,0
계좌번호,PII,고유식별정보,high,S07,0
휴대전화번호,PII,고유식별정보,high,S07,0
주소,PII,고유식별정보,high,S07,0
이메일 주소,PII,고유식별정보,high,S07,0
성명,PII,고유식별정보,high,S07,0
피고인,PII,고유식별정보,high,S07,0
피해자,PII,고유식별정보,high,S07,0
증인,PII,고유식별정보,high,S07,0
참고인,PII,고유식별정보,high,S07,0
EXP-2022-0502,CODE,합성-과제코드,mid,synthetic,1
MIL-2016-0150,CODE,합성-과제코드,mid,synthetic,1
MIL-2005-0469,CODE,합성-과제코드,mid,synthetic,1
DP-2017-0101,CODE,합성-과제코드,mid,synthetic,1
DP-2022-0536,CODE,합성-과제코드,mid,synthetic,1
미사일 제어기 소스코드,TECH_DOC,합성-체계부품문서,high,synthetic,1
MIL-2014-0352,CODE,합성-과제코드,mid,synthetic,1
MIL-2005-0257,CODE,합성-과제코드,mid,synthetic,1
SYS-2010-0420,CODE,합성-과제코드,mid,synthetic,1
ROC-2016-0539,CODE,합성-과제코드,mid,synthetic,1
ROC-2011-0078,CODE,합성-과제코드,mid,synthetic,1
PRJ-2008-0586,CODE,합성-과제코드,mid,synthetic,1
DP-2019-0382,CODE,합성-과제코드,mid,synthetic,1
MIL-2016-0477,CODE,합성-과제코드,mid,synthetic,1
PRJ-2020-0281,CODE,합성-과제코드,mid,synthetic,1
DP-2014-0457,CODE,합성-과제코드,mid,synthetic,1
EXP-2015-0581,CODE,합성-과제코드,mid,synthetic,1
TECH-2016-0183,CODE,합성-과제코드,mid,synthetic,1
EXP-2005-0233,CODE,합성-과제코드,mid,synthetic,1
MIL-2008-0463,CODE,합성-과제코드,mid,synthetic,1
SEC-2014-0190,CODE,합성-과제코드,mid,synthetic,1
EXP-2006-0043,CODE,합성-과제코드,mid,synthetic,1
DP-2015-0136,CODE,합성-과제코드,mid,synthetic,1
EXP-2026-0305,CODE,합성-과제코드,mid,synthetic,1
SYS-2019-0384,CODE,합성-과제코드,mid,synthetic,1
SYS-2011-0519,CODE,합성-과제코드,mid,synthetic,1
무인기 센서모듈 정비교범,TECH_DOC,합성-체계부품문서,high,synthetic,1
SEC-2011-0551,CODE,합성-과제코드,mid,synthetic,1
DP-2007-0182,CODE,합성-과제코드,mid,synthetic,1
PRJ-2023-0043,CODE,합성-과제코드,mid,synthetic,1
MIL-2014-0402,CODE,합성-과제코드,mid,synthetic,1
TECH-2025-0450,CODE,합성-과제코드,mid,synthetic,1
EXP-2009-0163,CODE,합성-과제코드,mid,synthetic,1
ROC-2005-0577,CODE,합성-과제코드,mid,synthetic,1
DP-2006-0096,CODE,합성-과제코드,mid,synthetic,1
SEC-2017-0447,CODE,합성-과제코드,mid,synthetic,1
TECH-2026-0515,CODE,합성-과제코드,mid,synthetic,1
TECH-2005-0579,CODE,합성-과제코드,mid,synthetic,1
EXP-2009-0173,CODE,합성-과제코드,mid,synthetic,1
DP-2009-0449,CODE,합성-과제코드,mid,synthetic,1
DP-2020-0585,CODE,합성-과제코드,mid,synthetic,1
SYS-2024-0241,CODE,합성-과제코드,mid,synthetic,1
EXP-2006-0496,CODE,합성-과제코드,mid,synthetic,1
SEC-2009-0484,CODE,합성-과제코드,mid,synthetic,1
MIL-2023-0115,CODE,합성-과제코드,mid,synthetic,1
SYS-2018-0548,CODE,합성-과제코드,mid,synthetic,1
ROC-2008-0524,CODE,합성-과제코드,mid,synthetic,1
EXP-2019-0450,CODE,합성-과제코드,mid,synthetic,1
SEC-2010-0554,CODE,합성-과제코드,mid,synthetic,1
SYS-2010-0047,CODE,합성-과제코드,mid,synthetic,1
PRJ-2020-0312,CODE,합성-과제코드,mid,synthetic,1
DP-2020-0490,CODE,합성-과제코드,mid,synthetic,1
TECH-2014-0083,CODE,합성-과제코드,mid,synthetic,1
비밀 헬기 구동장치 정비교범,TECH_DOC,합성-체계부품문서,high,synthetic,1
EXP-2017-0329,CODE,합성-과제코드,mid,synthetic,1
PRJ-2006-0539,CODE,합성-과제코드,mid,synthetic,1
SYS-2019-0403,CODE,합성-과제코드,mid,synthetic,1
SYS-2016-0163,CODE,합성-과제코드,mid,synthetic,1
TECH-2022-0264,CODE,합성-과제코드,mid,synthetic,1
EXP-2005-0537,CODE,합성-과제코드,mid,synthetic,1
SYS-2022-0568,CODE,합성-과제코드,mid,synthetic,1
TECH-2011-0068,CODE,합성-과제코드,mid,synthetic,1
SEC-2010-0435,CODE,합성-과제코드,mid,synthetic,1
EXP-2009-0599,CODE,합성-과제코드,mid,synthetic,1
TECH-2020-0201,CODE,합성-과제코드,mid,synthetic,1
SEC-2011-0244,CODE,합성-과제코드,mid,synthetic,1
SYS-2006-0575,CODE,합성-과제코드,mid,synthetic,1
EXP-2011-0370,CODE,합성-과제코드,mid,synthetic,1
DP-2018-0213,CODE,합성-과제코드,mid,synthetic,1
ROC-2010-0375,CODE,합성-과제코드,mid,synthetic,1
SYS-2016-0481,CODE,합성-과제코드,mid,synthetic,1
ROC-2019-0194,CODE,합성-과제코드,mid,synthetic,1
ROC-2024-0098,CODE,합성-과제코드,mid,synthetic,1
TECH-2010-0139,CODE,합성-과제코드,mid,synthetic,1
ROC-2025-0237,CODE,합성-과제코드,mid,synthetic,1
MIL-2009-0036,CODE,합성-과제코드,mid,synthetic,1
DP-2006-0435,CODE,합성-과제코드,mid,synthetic,1
DP-2012-0397,CODE,합성-과제코드,mid,synthetic,1
PRJ-2024-0163,CODE,합성-과제코드,mid,synthetic,1
TECH-2009-0236,CODE,합성-과제코드,mid,synthetic,1
ROC-2024-0126,CODE,합성-과제코드,mid,synthetic,1
ROC-2019-0348,CODE,합성-과제코드,mid,synthetic,1
MIL-2008-0271,CODE,합성-과제코드,mid,synthetic,1
MIL-2012-0350,CODE,합성-과제코드,mid,synthetic,1
SEC-2009-0305,CODE,합성-과제코드,mid,synthetic,1
EXP-2020-0482,CODE,합성-과제코드,mid,synthetic,1
유도무기 안테나 공정도,TECH_DOC,합성-체계부품문서,high,synthetic,1
SYS-2006-0557,CODE,합성-과제코드,mid,synthetic,1
SEC-2018-0282,CODE,합성-과제코드,mid,synthetic,1
SEC-2011-0553,CODE,합성-과제코드,mid,synthetic,1
EXP-2015-0445,CODE,합성-과제코드,mid,synthetic,1
EXP-2024-0585,CODE,합성-과제코드,mid,synthetic,1
SYS-2007-0157,CODE,합성-과제코드,mid,synthetic,1
EXP-2020-0379,CODE,합성-과제코드,mid,synthetic,1
SYS-2026-0102,CODE,합성-과제코드,mid,synthetic,1
SYS-2017-0232,CODE,합성-과제코드,mid,synthetic,1
DP-2025-0310,CODE,합성-과제코드,mid,synthetic,1
EXP-2020-0240,CODE,합성-과제코드,mid,synthetic,1
DP-2008-0227,CODE,합성-과제코드,mid,synthetic,1
MIL-2023-0029,CODE,합성-과제코드,mid,synthetic,1
TECH-2005-0577,CODE,합성-과제코드,mid,synthetic,1
PRJ-2020-0595,CODE,합성-과제코드,mid,synthetic,1
MIL-2006-0104,CODE,합성-과제코드,mid,synthetic,1
TECH-2020-0486,CODE,합성-과제코드,mid,synthetic,1
EXP-2010-0151,CODE,합성-과제코드,mid,synthetic,1
TECH-2016-0597,CODE,합성-과제코드,mid,synthetic,1
DP-2025-0025,CODE,합성-과제코드,mid,synthetic,1
DP-2026-0147,CODE,합성-과제코드,mid,synthetic,1
EXP-2026-0276,CODE,합성-과제코드,mid,synthetic,1
SEC-2014-0388,CODE,합성-과제코드,mid,synthetic,1
TECH-2013-0340,CODE,합성-과제코드,mid,synthetic,1
SEC-2011-0070,CODE,합성-과제코드,mid,synthetic,1
ROC-2021-0147,CODE,합성-과제코드,mid,synthetic,1
ROC-2021-0033,CODE,합성-과제코드,mid,synthetic,1
DP-2024-0539,CODE,합성-과제코드,mid,synthetic,1
PRJ-2017-0507,CODE,합성-과제코드,mid,synthetic,1
MIL-2017-0310,CODE,합성-과제코드,mid,synthetic,1
EXP-2015-0430,CODE,합성-과제코드,mid,synthetic,1
EXP-2025-0063,CODE,합성-과제코드,mid,synthetic,1
ROC-2008-0239,CODE,합성-과제코드,mid,synthetic,1
SEC-2009-0351,CODE,합성-과제코드,mid,synthetic,1
SEC-2017-0235,CODE,합성-과제코드,mid,synthetic,1
MIL-2011-0404,CODE,합성-과제코드,mid,synthetic,1
SEC-2005-0198,CODE,합성-과제코드,mid,synthetic,1
MIL-2025-0452,CODE,합성-과제코드,mid,synthetic,1
SEC-2008-0237,CODE,합성-과제코드,mid,synthetic,1
SEC-2023-0399,CODE,합성-과제코드,mid,synthetic,1
SYS-2013-0331,CODE,합성-과제코드,mid,synthetic,1
유도무기 추진기관 구매규격서,TECH_DOC,합성-체계부품문서,high,synthetic,1
PRJ-2009-0474,CODE,합성-과제코드,mid,synthetic,1
SEC-2010-0081,CODE,합성-과제코드,mid,synthetic,1
MIL-2006-0584,CODE,합성-과제코드,mid,synthetic,1
MIL-2018-0123,CODE,합성-과제코드,mid,synthetic,1
MIL-2008-0345,CODE,합성-과제코드,mid,synthetic,1
SEC-2021-0086,CODE,합성-과제코드,mid,synthetic,1
TECH-2014-0429,CODE,합성-과제코드,mid,synthetic,1
TECH-2024-0036,CODE,합성-과제코드,mid,synthetic,1
EXP-2009-0066,CODE,합성-과제코드,mid,synthetic,1
DP-2013-0109,CODE,합성-과제코드,mid,synthetic,1
ROC-2021-0469,CODE,합성-과제코드,mid,synthetic,1
SYS-2020-0174,CODE,합성-과제코드,mid,synthetic,1
MIL-2017-0468,CODE,합성-과제코드,mid,synthetic,1
ROC-2026-0539,CODE,합성-과제코드,mid,synthetic,1
SYS-2010-0159,CODE,합성-과제코드,mid,synthetic,1
EXP-2020-0255,CODE,합성-과제코드,mid,synthetic,1
TECH-2005-0581,CODE,합성-과제코드,mid,synthetic,1
TECH-2007-0592,CODE,합성-과제코드,mid,synthetic,1
비밀 추진체 센서모듈 제조사양서,TECH_DOC,합성-체계부품문서,high,synthetic,1
SEC-2018-0090,CODE,합성-과제코드,mid,synthetic,1
DP-2015-0276,CODE,합성-과제코드,mid,synthetic,1
ROC-2023-0426,CODE,합성-과제코드,mid,synthetic,1
DP-2008-0178,CODE,합성-과제코드,mid,synthetic,1
EXP-2020-0300,CODE,합성-과제코드,mid,synthetic,1
TECH-2011-0136,CODE,합성-과제코드,mid,synthetic,1
ROC-2020-0340,CODE,합성-과제코드,mid,synthetic,1
TECH-2019-0392,CODE,합성-과제코드,mid,synthetic,1
SYS-2008-0315,CODE,합성-과제코드,mid,synthetic,1
TECH-2013-0479,CODE,합성-과제코드,mid,synthetic,1
MIL-2007-0346,CODE,합성-과제코드,mid,synthetic,1
TECH-2011-0002,CODE,합성-과제코드,mid,synthetic,1
SEC-2017-0541,CODE,합성-과제코드,mid,synthetic,1
DP-2017-0510,CODE,합성-과제코드,mid,synthetic,1
TECH-2019-0275,CODE,합성-과제코드,mid,synthetic,1
TECH-2021-0157,CODE,합성-과제코드,mid,synthetic,1
ROC-2007-0211,CODE,합성-과제코드,mid,synthetic,1
SEC-2017-0577,CODE,합성-과제코드,mid,synthetic,1
ROC-2005-0533,CODE,합성-과제코드,mid,synthetic,1
SEC-2020-0444,CODE,합성-과제코드,mid,synthetic,1
PRJ-2006-0420,CODE,합성-과제코드,mid,synthetic,1
MIL-2006-0289,CODE,합성-과제코드,mid,synthetic,1
SYS-2023-0582,CODE,합성-과제코드,mid,synthetic,1
TECH-2017-0206,CODE,합성-과제코드,mid,synthetic,1
SEC-2026-0363,CODE,합성-과제코드,mid,synthetic,1
DP-2024-0129,CODE,합성-과제코드,mid,synthetic,1
SYS-2008-0145,CODE,합성-과제코드,mid,synthetic,1
TECH-2008-0479,CODE,합성-과제코드,mid,synthetic,1
SEC-2006-0532,CODE,합성-과제코드,mid,synthetic,1
ROC-2017-0082,CODE,합성-과제코드,mid,synthetic,1
MIL-2007-0128,CODE,합성-과제코드,mid,synthetic,1
ROC-2021-0335,CODE,합성-과제코드,mid,synthetic,1
SEC-2016-0436,CODE,합성-과제코드,mid,synthetic,1
TECH-2020-0217,CODE,합성-과제코드,mid,synthetic,1
ROC-2008-0380,CODE,합성-과제코드,mid,synthetic,1
SYS-2012-0234,CODE,합성-과제코드,mid,synthetic,1
DP-2005-0056,CODE,합성-과제코드,mid,synthetic,1
MIL-2017-0440,CODE,합성-과제코드,mid,synthetic,1
EXP-2012-0109,CODE,합성-과제코드,mid,synthetic,1
ROC-2008-0271,CODE,합성-과제코드,mid,synthetic,1
SEC-2012-0287,CODE,합성-과제코드,mid,synthetic,1
DP-2012-0002,CODE,합성-과제코드,mid,synthetic,1
SYS-2017-0364,CODE,합성-과제코드,mid,synthetic,1
ROC-2008-0417,CODE,합성-과제코드,mid,synthetic,1
PRJ-2016-0416,CODE,합성-과제코드,mid,synthetic,1
TECH-2010-0293,CODE,합성-과제코드,mid,synthetic,1
SYS-2020-0528,CODE,합성-과제코드,mid,synthetic,1
SYS-2010-0361,CODE,합성-과제코드,mid,synthetic,1
DP-2019-0260,CODE,합성-과제코드,mid,synthetic,1
DP-2019-0108,CODE,합성-과제코드,mid,synthetic,1
EXP-2013-0038,CODE,합성-과제코드,mid,synthetic,1
MIL-2014-0401,CODE,합성-과제코드,mid,synthetic,1
MIL-2018-0525,CODE,합성-과제코드,mid,synthetic,1
TECH-2022-0086,CODE,합성-과제코드,mid,synthetic,1
EXP-2006-0110,CODE,합성-과제코드,mid,synthetic,1
MIL-2012-0241,CODE,합성-과제코드,mid,synthetic,1
MIL-2013-0176,CODE,합성-과제코드,mid,synthetic,1
MIL-2019-0440,CODE,합성-과제코드,mid,synthetic,1
대외비 탄약 제어기 설계도면,TECH_DOC,합성-체계부품문서,high,synthetic,1
SEC-2006-0223,CODE,합성-과제코드,mid,synthetic,1
SEC-2010-0484,CODE,합성-과제코드,mid,synthetic,1
SYS-2016-0065,CODE,합성-과제코드,mid,synthetic,1
SEC-2020-0325,CODE,합성-과제코드,mid,synthetic,1
TECH-2021-0505,CODE,합성-과제코드,mid,synthetic,1
SEC-2026-0337,CODE,합성-과제코드,mid,synthetic,1
PRJ-2009-0457,CODE,합성-과제코드,mid,synthetic,1
EXP-2024-0428,CODE,합성-과제코드,mid,synthetic,1
MIL-2007-0157,CODE,합성-과제코드,mid,synthetic,1
ROC-2019-0268,CODE,합성-과제코드,mid,synthetic,1
PRJ-2023-0325,CODE,합성-과제코드,mid,synthetic,1
EXP-2022-0017,CODE,합성-과제코드,mid,synthetic,1
PRJ-2024-0118,CODE,합성-과제코드,mid,synthetic,1
SYS-2023-0481,CODE,합성-과제코드,mid,synthetic,1
ROC-2006-0043,CODE,합성-과제코드,mid,synthetic,1
EXP-2010-0485,CODE,합성-과제코드,mid,synthetic,1
DP-2012-0377,CODE,합성-과제코드,mid,synthetic,1
PRJ-2019-0349,CODE,합성-과제코드,mid,synthetic,1
SEC-2018-0289,CODE,합성-과제코드,mid,synthetic,1
ROC-2019-0214,CODE,합성-과제코드,mid,synthetic,1
PRJ-2025-0212,CODE,합성-과제코드,mid,synthetic,1
SYS-2007-0569,CODE,합성-과제코드,mid,synthetic,1
EXP-2011-0162,CODE,합성-과제코드,mid,synthetic,1
DP-2014-0214,CODE,합성-과제코드,mid,synthetic,1
EXP-2015-0529,CODE,합성-과제코드,mid,synthetic,1
EXP-2005-0272,CODE,합성-과제코드,mid,synthetic,1
PRJ-2010-0447,CODE,합성-과제코드,mid,synthetic,1
SYS-2016-0582,CODE,합성-과제코드,mid,synthetic,1
SEC-2020-0387,CODE,합성-과제코드,mid,synthetic,1
SYS-2008-0319,CODE,합성-과제코드,mid,synthetic,1
MIL-2016-0053,CODE,합성-과제코드,mid,synthetic,1
ROC-2005-0217,CODE,합성-과제코드,mid,synthetic,1
EXP-2008-0124,CODE,합성-과제코드,mid,synthetic,1
SEC-2009-0141,CODE,합성-과제코드,mid,synthetic,1
SYS-2025-0588,CODE,합성-과제코드,mid,synthetic,1
ROC-2013-0280,CODE,합성-과제코드,mid,synthetic,1
MIL-2022-0169,CODE,합성-과제코드,mid,synthetic,1
DP-2010-0394,CODE,합성-과제코드,mid,synthetic,1
PRJ-2006-0581,CODE,합성-과제코드,mid,synthetic,1
ROC-2008-0049,CODE,합성-과제코드,mid,synthetic,1
TECH-2017-0082,CODE,합성-과제코드,mid,synthetic,1
비밀 위성 냉각장치 개발계획서,TECH_DOC,합성-체계부품문서,high,synthetic,1
ROC-2023-0175,CODE,합성-과제코드,mid,synthetic,1
유도무기 펌웨어 공정도,TECH_DOC,합성-체계부품문서,high,synthetic,1
MIL-2020-0028,CODE,합성-과제코드,mid,synthetic,1
ROC-2017-0442,CODE,합성-과제코드,mid,synthetic,1
DP-2014-0384,CODE,합성-과제코드,mid,synthetic,1
PRJ-2020-0355,CODE,합성-과제코드,mid,synthetic,1
EXP-2018-0307,CODE,합성-과제코드,mid,synthetic,1
MIL-2020-0468,CODE,합성-과제코드,mid,synthetic,1
MIL-2012-0488,CODE,합성-과제코드,mid,synthetic,1
TECH-2016-0236,CODE,합성-과제코드,mid,synthetic,1
PRJ-2026-0264,CODE,합성-과제코드,mid,synthetic,1
EXP-2019-0584,CODE,합성-과제코드,mid,synthetic,1
MIL-2026-0462,CODE,합성-과제코드,mid,synthetic,1
SYS-2020-0143,CODE,합성-과제코드,mid,synthetic,1
TECH-2015-0304,CODE,합성-과제코드,mid,synthetic,1
PRJ-2006-0042,CODE,합성-과제코드,mid,synthetic,1
SEC-2017-0367,CODE,합성-과제코드,mid,synthetic,1
PRJ-2005-0381,CODE,합성-과제코드,mid,synthetic,1
EXP-2010-0165,CODE,합성-과제코드,mid,synthetic,1
TECH-2018-0523,CODE,합성-과제코드,mid,synthetic,1
MIL-2015-0058,CODE,합성-과제코드,mid,synthetic,1
SEC-2024-0521,CODE,합성-과제코드,mid,synthetic,1
SEC-2016-0229,CODE,합성-과제코드,mid,synthetic,1
EXP-2026-0386,CODE,합성-과제코드,mid,synthetic,1
PRJ-2018-0019,CODE,합성-과제코드,mid,synthetic,1
EXP-2017-0434,CODE,합성-과제코드,mid,synthetic,1
SYS-2011-0470,CODE,합성-과제코드,mid,synthetic,1
ROC-2005-0130,CODE,합성-과제코드,mid,synthetic,1
ROC-2010-0347,CODE,합성-과제코드,mid,synthetic,1
SYS-2024-0516,CODE,합성-과제코드,mid,synthetic,1
EXP-2008-0518,CODE,합성-과제코드,mid,synthetic,1
MIL-2012-0261,CODE,합성-과제코드,mid,synthetic,1
EXP-2021-0029,CODE,합성-과제코드,mid,synthetic,1
TECH-2012-0161,CODE,합성-과제코드,mid,synthetic,1
SEC-2019-0325,CODE,합성-과제코드,mid,synthetic,1
PRJ-2016-0482,CODE,합성-과제코드,mid,synthetic,1
SYS-2013-0554,CODE,합성-과제코드,mid,synthetic,1
DP-2010-0173,CODE,합성-과제코드,mid,synthetic,1
MIL-2019-0589,CODE,합성-과제코드,mid,synthetic,1
MIL-2007-0152,CODE,합성-과제코드,mid,synthetic,1
SYS-2020-0069,CODE,합성-과제코드,mid,synthetic,1
TECH-2021-0547,CODE,합성-과제코드,mid,synthetic,1
MIL-2018-0114,CODE,합성-과제코드,mid,synthetic,1
SYS-2025-0104,CODE,합성-과제코드,mid,synthetic,1
EXP-2026-0145,CODE,합성-과제코드,mid,synthetic,1
EXP-2026-0439,CODE,합성-과제코드,mid,synthetic,1
TECH-2024-0288,CODE,합성-과제코드,mid,synthetic,1
EXP-2022-0008,CODE,합성-과제코드,mid,synthetic,1
ROC-2012-0319,CODE,합성-과제코드,mid,synthetic,1
SYS-2022-0475,CODE,합성-과제코드,mid,synthetic,1
SYS-2011-0549,CODE,합성-과제코드,mid,synthetic,1
TECH-2017-0434,CODE,합성-과제코드,mid,synthetic,1
MIL-2010-0220,CODE,합성-과제코드,mid,synthetic,1
SEC-2006-0357,CODE,합성-과제코드,mid,synthetic,1
SYS-2019-0275,CODE,합성-과제코드,mid,synthetic,1
ROC-2014-0299,CODE,합성-과제코드,mid,synthetic,1
PRJ-2009-0470,CODE,합성-과제코드,mid,synthetic,1
DP-2023-0584,CODE,합성-과제코드,mid,synthetic,1
EXP-2006-0104,CODE,합성-과제코드,mid,synthetic,1
SEC-2015-0409,CODE,합성-과제코드,mid,synthetic,1
SEC-2008-0364,CODE,합성-과제코드,mid,synthetic,1
ROC-2011-0573,CODE,합성-과제코드,mid,synthetic,1
SEC-2018-0012,CODE,합성-과제코드,mid,synthetic,1
PRJ-2005-0273,CODE,합성-과제코드,mid,synthetic,1
DP-2026-0554,CODE,합성-과제코드,mid,synthetic,1
TECH-2012-0575,CODE,합성-과제코드,mid,synthetic,1
TECH-2018-0377,CODE,합성-과제코드,mid,synthetic,1
PRJ-2011-0358,CODE,합성-과제코드,mid,synthetic,1
EXP-2011-0433,CODE,합성-과제코드,mid,synthetic,1
TECH-2024-0049,CODE,합성-과제코드,mid,synthetic,1
SYS-2021-0304,CODE,합성-과제코드,mid,synthetic,1
DP-2015-0178,CODE,합성-과제코드,mid,synthetic,1
DP-2020-0250,CODE,합성-과제코드,mid,synthetic,1
PRJ-2005-0059,CODE,합성-과제코드,mid,synthetic,1
ROC-2021-0121,CODE,합성-과제코드,mid,synthetic,1
SEC-2023-0078,CODE,합성-과제코드,mid,synthetic,1
DP-2017-0414,CODE,합성-과제코드,mid,synthetic,1
DP-2009-0117,CODE,합성-과제코드,mid,synthetic,1
ROC-2005-0029,CODE,합성-과제코드,mid,synthetic,1
MIL-2012-0060,CODE,합성-과제코드,mid,synthetic,1
ROC-2011-0572,CODE,합성-과제코드,mid,synthetic,1
MIL-2021-0044,CODE,합성-과제코드,mid,synthetic,1
비밀 장갑 센서모듈 공정도,TECH_DOC,합성-체계부품문서,high,synthetic,1
TECH-2014-0108,CODE,합성-과제코드,mid,synthetic,1
SYS-2008-0043,CODE,합성-과제코드,mid,synthetic,1
TECH-2016-0587,CODE,합성-과제코드,mid,synthetic,1
EXP-2005-0050,CODE,합성-과제코드,mid,synthetic,1
EXP-2022-0542,CODE,합성-과제코드,mid,synthetic,1
EXP-2009-0533,CODE,합성-과제코드,mid,synthetic,1
EXP-2010-0560,CODE,합성-과제코드,mid,synthetic,1
SYS-2015-0177,CODE,합성-과제코드,mid,synthetic,1
TECH-2019-0453,CODE,합성-과제코드,mid,synthetic,1
SEC-2022-0362,CODE,합성-과제코드,mid,synthetic,1
유도무기 신호처리기 공정도,TECH_DOC,합성-체계부품문서,high,synthetic,1
SEC-2006-0197,CODE,합성-과제코드,mid,synthetic,1
SYS-2026-0185,CODE,합성-과제코드,mid,synthetic,1
DP-2025-0291,CODE,합성-과제코드,mid,synthetic,1
SEC-2021-0413,CODE,합성-과제코드,mid,synthetic,1
TECH-2005-0179,CODE,합성-과제코드,mid,synthetic,1
PRJ-2025-0485,CODE,합성-과제코드,mid,synthetic,1
EXP-2011-0003,CODE,합성-과제코드,mid,synthetic,1
SYS-2026-0050,CODE,합성-과제코드,mid,synthetic,1
SYS-2005-0193,CODE,합성-과제코드,mid,synthetic,1
SEC-2010-0578,CODE,합성-과제코드,mid,synthetic,1
DP-2018-0080,CODE,합성-과제코드,mid,synthetic,1
SYS-2010-0440,CODE,합성-과제코드,mid,synthetic,1
EXP-2014-0416,CODE,합성-과제코드,mid,synthetic,1
EXP-2011-0179,CODE,합성-과제코드,mid,synthetic,1
SEC-2019-0489,CODE,합성-과제코드,mid,synthetic,1
EXP-2013-0436,CODE,합성-과제코드,mid,synthetic,1
SEC-2023-0203,CODE,합성-과제코드,mid,synthetic,1
EXP-2012-0291,CODE,합성-과제코드,mid,synthetic,1
MIL-2025-0018,CODE,합성-과제코드,mid,synthetic,1
SEC-2019-0069,CODE,합성-과제코드,mid,synthetic,1
ROC-2009-0330,CODE,합성-과제코드,mid,synthetic,1
MIL-2022-0507,CODE,합성-과제코드,mid,synthetic,1
PRJ-2017-0524,CODE,합성-과제코드,mid,synthetic,1
SYS-2007-0187,CODE,합성-과제코드,mid,synthetic,1
전차 관성항법장치 설계도면,TECH_DOC,합성-체계부품문서,high,synthetic,1
ROC-2015-0116,CODE,합성-과제코드,mid,synthetic,1
DP-2022-0416,CODE,합성-과제코드,mid,synthetic,1
SEC-2016-0140,CODE,합성-과제코드,mid,synthetic,1
TECH-2014-0023,CODE,합성-과제코드,mid,synthetic,1
MIL-2022-0373,CODE,합성-과제코드,mid,synthetic,1
ROC-2019-0502,CODE,합성-과제코드,mid,synthetic,1
ROC-2025-0334,CODE,합성-과제코드,mid,synthetic,1
SYS-2006-0432,CODE,합성-과제코드,mid,synthetic,1
PRJ-2008-0118,CODE,합성-과제코드,mid,synthetic,1
EXP-2024-0497,CODE,합성-과제코드,mid,synthetic,1
DP-2019-0152,CODE,합성-과제코드,mid,synthetic,1
MIL-2015-0280,CODE,합성-과제코드,mid,synthetic,1
PRJ-2022-0580,CODE,합성-과제코드,mid,synthetic,1
DP-2021-0259,CODE,합성-과제코드,mid,synthetic,1
MIL-2025-0507,CODE,합성-과제코드,mid,synthetic,1
DP-2010-0585,CODE,합성-과제코드,mid,synthetic,1
SYS-2021-0458,CODE,합성-과제코드,mid,synthetic,1
SYS-2014-0552,CODE,합성-과제코드,mid,synthetic,1
ROC-2005-0040,CODE,합성-과제코드,mid,synthetic,1
EXP-2015-0544,CODE,합성-과제코드,mid,synthetic,1
PRJ-2015-0264,CODE,합성-과제코드,mid,synthetic,1
TECH-2017-0271,CODE,합성-과제코드,mid,synthetic,1
SEC-2022-0245,CODE,합성-과제코드,mid,synthetic,1
MIL-2019-0167,CODE,합성-과제코드,mid,synthetic,1
EXP-2018-0194,CODE,합성-과제코드,mid,synthetic,1
MIL-2023-0181,CODE,합성-과제코드,mid,synthetic,1
ROC-2025-0068,CODE,합성-과제코드,mid,synthetic,1
DP-2017-0596,CODE,합성-과제코드,mid,synthetic,1
PRJ-2011-0376,CODE,합성-과제코드,mid,synthetic,1
ROC-2010-0166,CODE,합성-과제코드,mid,synthetic,1
TECH-2007-0198,CODE,합성-과제코드,mid,synthetic,1
SEC-2018-0572,CODE,합성-과제코드,mid,synthetic,1
TECH-2022-0501,CODE,합성-과제코드,mid,synthetic,1
SYS-2022-0448,CODE,합성-과제코드,mid,synthetic,1
SEC-2014-0536,CODE,합성-과제코드,mid,synthetic,1
ROC-2014-0011,CODE,합성-과제코드,mid,synthetic,1
TECH-2010-0274,CODE,합성-과제코드,mid,synthetic,1
DP-2013-0508,CODE,합성-과제코드,mid,synthetic,1
MIL-2014-0565,CODE,합성-과제코드,mid,synthetic,1
대외비 추진체 탐색기 정비교범,TECH_DOC,합성-체계부품문서,high,synthetic,1
EXP-2020-0451,CODE,합성-과제코드,mid,synthetic,1
SYS-2016-0332,CODE,합성-과제코드,mid,synthetic,1
ROC-2011-0015,CODE,합성-과제코드,mid,synthetic,1
ROC-2006-0394,CODE,합성-과제코드,mid,synthetic,1
ROC-2019-0308,CODE,합성-과제코드,mid,synthetic,1
PRJ-2021-0221,CODE,합성-과제코드,mid,synthetic,1
MIL-2022-0503,CODE,합성-과제코드,mid,synthetic,1
MIL-2017-0522,CODE,합성-과제코드,mid,synthetic,1
TECH-2008-0472,CODE,합성-과제코드,mid,synthetic,1
ROC-2017-0441,CODE,합성-과제코드,mid,synthetic,1
SYS-2022-0018,CODE,합성-과제코드,mid,synthetic,1
EXP-2019-0190,CODE,합성-과제코드,mid,synthetic,1
대외비 전투기 열영상장비 시험성적서,TECH_DOC,합성-체계부품문서,high,synthetic,1
MIL-2026-0281,CODE,합성-과제코드,mid,synthetic,1
TECH-2005-0267,CODE,합성-과제코드,mid,synthetic,1
MIL-2018-0478,CODE,합성-과제코드,mid,synthetic,1
PRJ-2009-0330,CODE,합성-과제코드,mid,synthetic,1
SYS-2011-0455,CODE,합성-과제코드,mid,synthetic,1
MIL-2024-0160,CODE,합성-과제코드,mid,synthetic,1
TECH-2005-0184,CODE,합성-과제코드,mid,synthetic,1
TECH-2018-0261,CODE,합성-과제코드,mid,synthetic,1
ROC-2022-0502,CODE,합성-과제코드,mid,synthetic,1
EXP-2013-0291,CODE,합성-과제코드,mid,synthetic,1
SYS-2007-0408,CODE,합성-과제코드,mid,synthetic,1
MIL-2022-0066,CODE,합성-과제코드,mid,synthetic,1
ROC-2017-0235,CODE,합성-과제코드,mid,synthetic,1
DP-2020-0479,CODE,합성-과제코드,mid,synthetic,1
TECH-2007-0331,CODE,합성-과제코드,mid,synthetic,1
TECH-2006-0102,CODE,합성-과제코드,mid,synthetic,1
PRJ-2007-0553,CODE,합성-과제코드,mid,synthetic,1
DP-2011-0028,CODE,합성-과제코드,mid,synthetic,1
MIL-2016-0074,CODE,합성-과제코드,mid,synthetic,1
ROC-2013-0328,CODE,합성-과제코드,mid,synthetic,1
SYS-2009-0344,CODE,합성-과제코드,mid,synthetic,1
DP-2008-0037,CODE,합성-과제코드,mid,synthetic,1
장갑 구동장치 공정도,TECH_DOC,합성-체계부품문서,high,synthetic,1
TECH-2008-0257,CODE,합성-과제코드,mid,synthetic,1
TECH-2026-0265,CODE,합성-과제코드,mid,synthetic,1
TECH-2023-0530,CODE,합성-과제코드,mid,synthetic,1
ROC-2015-0551,CODE,합성-과제코드,mid,synthetic,1
TECH-2016-0427,CODE,합성-과제코드,mid,synthetic,1
PRJ-2015-0249,CODE,합성-과제코드,mid,synthetic,1
MIL-2021-0136,CODE,합성-과제코드,mid,synthetic,1
SYS-2026-0098,CODE,합성-과제코드,mid,synthetic,1
MIL-2006-0270,CODE,합성-과제코드,mid,synthetic,1
SEC-2022-0275,CODE,합성-과제코드,mid,synthetic,1
DP-2017-0098,CODE,합성-과제코드,mid,synthetic,1
DP-2026-0240,CODE,합성-과제코드,mid,synthetic,1
SYS-2010-0034,CODE,합성-과제코드,mid,synthetic,1
PRJ-2024-0077,CODE,합성-과제코드,mid,synthetic,1
EXP-2015-0267,CODE,합성-과제코드,mid,synthetic,1
SYS-2013-0012,CODE,합성-과제코드,mid,synthetic,1
DP-2010-0496,CODE,합성-과제코드,mid,synthetic,1
TECH-2025-0269,CODE,합성-과제코드,mid,synthetic,1
SEC-2013-0290,CODE,합성-과제코드,mid,synthetic,1
SYS-2009-0365,CODE,합성-과제코드,mid,synthetic,1
PRJ-2016-0222,CODE,합성-과제코드,mid,synthetic,1
지휘통제 추진기관 설계도면,TECH_DOC,합성-체계부품문서,high,synthetic,1
SEC-2012-0387,CODE,합성-과제코드,mid,synthetic,1
EXP-2023-0317,CODE,합성-과제코드,mid,synthetic,1
ROC-2011-0117,CODE,합성-과제코드,mid,synthetic,1
MIL-2019-0492,CODE,합성-과제코드,mid,synthetic,1
TECH-2016-0459,CODE,합성-과제코드,mid,synthetic,1
SYS-2013-0059,CODE,합성-과제코드,mid,synthetic,1
MIL-2023-0151,CODE,합성-과제코드,mid,synthetic,1
EXP-2012-0312,CODE,합성-과제코드,mid,synthetic,1
PRJ-2024-0128,CODE,합성-과제코드,mid,synthetic,1
MIL-2010-0519,CODE,합성-과제코드,mid,synthetic,1
ROC-2007-0281,CODE,합성-과제코드,mid,synthetic,1
ROC-2015-0267,CODE,합성-과제코드,mid,synthetic,1
ROC-2026-0134,CODE,합성-과제코드,mid,synthetic,1
TECH-2026-0177,CODE,합성-과제코드,mid,synthetic,1
ROC-2008-0036,CODE,합성-과제코드,mid,synthetic,1
TECH-2010-0509,CODE,합성-과제코드,mid,synthetic,1
EXP-2013-0045,CODE,합성-과제코드,mid,synthetic,1
EXP-2013-0581,CODE,합성-과제코드,mid,synthetic,1
비밀 전차 추진기관 공정도,TECH_DOC,합성-체계부품문서,high,synthetic,1
ROC-2016-0182,CODE,합성-과제코드,mid,synthetic,1
SYS-2024-0018,CODE,합성-과제코드,mid,synthetic,1
MIL-2018-0291,CODE,합성-과제코드,mid,synthetic,1
SYS-2005-0508,CODE,합성-과제코드,mid,synthetic,1
ROC-2026-0421,CODE,합성-과제코드,mid,synthetic,1
EXP-2022-0006,CODE,합성-과제코드,mid,synthetic,1
TECH-2008-0576,CODE,합성-과제코드,mid,synthetic,1
EXP-2010-0123,CODE,합성-과제코드,mid,synthetic,1
DP-2024-0227,CODE,합성-과제코드,mid,synthetic,1
SYS-2006-0522,CODE,합성-과제코드,mid,synthetic,1
SEC-2010-0021,CODE,합성-과제코드,mid,synthetic,1
SYS-2005-0534,CODE,합성-과제코드,mid,synthetic,1
PRJ-2026-0371,CODE,합성-과제코드,mid,synthetic,1
EXP-2015-0222,CODE,합성-과제코드,mid,synthetic,1
PRJ-2024-0009,CODE,합성-과제코드,mid,synthetic,1
PRJ-2017-0231,CODE,합성-과제코드,mid,synthetic,1
PRJ-2025-0340,CODE,합성-과제코드,mid,synthetic,1
PRJ-2006-0576,CODE,합성-과제코드,mid,synthetic,1
DP-2016-0004,CODE,합성-과제코드,mid,synthetic,1
MIL-2024-0289,CODE,합성-과제코드,mid,synthetic,1
EXP-2025-0468,CODE,합성-과제코드,mid,synthetic,1
SYS-2024-0317,CODE,합성-과제코드,mid,synthetic,1
DP-2018-0249,CODE,합성-과제코드,mid,synthetic,1
SEC-2014-0116,CODE,합성-과제코드,mid,synthetic,1
MIL-2016-0483,CODE,합성-과제코드,mid,synthetic,1
PRJ-2010-0333,CODE,합성-과제코드,mid,synthetic,1
SYS-2006-0019,CODE,합성-과제코드,mid,synthetic,1
SEC-2017-0127,CODE,합성-과제코드,mid,synthetic,1
MIL-2024-0473,CODE,합성-과제코드,mid,synthetic,1
TECH-2021-0143,CODE,합성-과제코드,mid,synthetic,1
MIL-2025-0075,CODE,합성-과제코드,mid,synthetic,1
TECH-2018-0264,CODE,합성-과제코드,mid,synthetic,1
MIL-2010-0382,CODE,합성-과제코드,mid,synthetic,1
TECH-2005-0055,CODE,합성-과제코드,mid,synthetic,1
SEC-2024-0346,CODE,합성-과제코드,mid,synthetic,1
DP-2005-0567,CODE,합성-과제코드,mid,synthetic,1
ROC-2025-0320,CODE,합성-과제코드,mid,synthetic,1
ROC-2013-0256,CODE,합성-과제코드,mid,synthetic,1
SYS-2013-0111,CODE,합성-과제코드,mid,synthetic,1
TECH-2023-0313,CODE,합성-과제코드,mid,synthetic,1
ROC-2010-0004,CODE,합성-과제코드,mid,synthetic,1
SYS-2009-0357,CODE,합성-과제코드,mid,synthetic,1
EXP-2020-0527,CODE,합성-과제코드,mid,synthetic,1
ROC-2008-0179,CODE,합성-과제코드,mid,synthetic,1
MIL-2019-0036,CODE,합성-과제코드,mid,synthetic,1
DP-2017-0049,CODE,합성-과제코드,mid,synthetic,1
EXP-2008-0171,CODE,합성-과제코드,mid,synthetic,1
SEC-2010-0528,CODE,합성-과제코드,mid,synthetic,1
SYS-2026-0106,CODE,합성-과제코드,mid,synthetic,1
DP-2016-0350,CODE,합성-과제코드,mid,synthetic,1
ROC-2015-0182,CODE,합성-과제코드,mid,synthetic,1
PRJ-2015-0179,CODE,합성-과제코드,mid,synthetic,1
MIL-2020-0001,CODE,합성-과제코드,mid,synthetic,1
PRJ-2016-0146,CODE,합성-과제코드,mid,synthetic,1
PRJ-2013-0050,CODE,합성-과제코드,mid,synthetic,1
SEC-2021-0271,CODE,합성-과제코드,mid,synthetic,1
EXP-2015-0534,CODE,합성-과제코드,mid,synthetic,1
MIL-2019-0239,CODE,합성-과제코드,mid,synthetic,1
MIL-2013-0355,CODE,합성-과제코드,mid,synthetic,1
SEC-2020-0425,CODE,합성-과제코드,mid,synthetic,1
PRJ-2015-0081,CODE,합성-과제코드,mid,synthetic,1
SYS-2013-0556,CODE,합성-과제코드,mid,synthetic,1
SEC-2018-0059,CODE,합성-과제코드,mid,synthetic,1
비밀 잠수함 냉각장치 정비교범,TECH_DOC,합성-체계부품문서,high,synthetic,1
PRJ-2014-0077,CODE,합성-과제코드,mid,synthetic,1
DP-2023-0423,CODE,합성-과제코드,mid,synthetic,1
TECH-2007-0550,CODE,합성-과제코드,mid,synthetic,1
TECH-2022-0376,CODE,합성-과제코드,mid,synthetic,1
DP-2008-0541,CODE,합성-과제코드,mid,synthetic,1
PRJ-2026-0132,CODE,합성-과제코드,mid,synthetic,1
DP-2016-0155,CODE,합성-과제코드,mid,synthetic,1
SYS-2026-0082,CODE,합성-과제코드,mid,synthetic,1
SEC-2009-0013,CODE,합성-과제코드,mid,synthetic,1
DP-2012-0487,CODE,합성-과제코드,mid,synthetic,1
ROC-2017-0189,CODE,합성-과제코드,mid,synthetic,1
TECH-2014-0243,CODE,합성-과제코드,mid,synthetic,1
SEC-2013-0242,CODE,합성-과제코드,mid,synthetic,1
DP-2008-0598,CODE,합성-과제코드,mid,synthetic,1
PRJ-2013-0466,CODE,합성-과제코드,mid,synthetic,1
MIL-2014-0241,CODE,합성-과제코드,mid,synthetic,1
SEC-2025-0095,CODE,합성-과제코드,mid,synthetic,1
ROC-2025-0210,CODE,합성-과제코드,mid,synthetic,1
TECH-2024-0306,CODE,합성-과제코드,mid,synthetic,1
ROC-2018-0376,CODE,합성-과제코드,mid,synthetic,1
SEC-2016-0296,CODE,합성-과제코드,mid,synthetic,1
MIL-2011-0383,CODE,합성-과제코드,mid,synthetic,1
ROC-2011-0351,CODE,합성-과제코드,mid,synthetic,1
SYS-2025-0232,CODE,합성-과제코드,mid,synthetic,1
SYS-2011-0340,CODE,합성-과제코드,mid,synthetic,1
SYS-2010-0040,CODE,합성-과제코드,mid,synthetic,1
TECH-2020-0481,CODE,합성-과제코드,mid,synthetic,1
전투기 암호모듈 제조사양서,TECH_DOC,합성-체계부품문서,high,synthetic,1
SYS-2023-0193,CODE,합성-과제코드,mid,synthetic,1
EXP-2022-0323,CODE,합성-과제코드,mid,synthetic,1
PRJ-2009-0575,CODE,합성-과제코드,mid,synthetic,1
ROC-2006-0563,CODE,합성-과제코드,mid,synthetic,1
PRJ-2008-0141,CODE,합성-과제코드,mid,synthetic,1
MIL-2016-0065,CODE,합성-과제코드,mid,synthetic,1
TECH-2016-0504,CODE,합성-과제코드,mid,synthetic,1
SEC-2012-0333,CODE,합성-과제코드,mid,synthetic,1
SEC-2012-0173,CODE,합성-과제코드,mid,synthetic,1
SEC-2009-0295,CODE,합성-과제코드,mid,synthetic,1
SYS-2026-0351,CODE,합성-과제코드,mid,synthetic,1
PRJ-2019-0411,CODE,합성-과제코드,mid,synthetic,1
ROC-2014-0202,CODE,합성-과제코드,mid,synthetic,1
EXP-2006-0463,CODE,합성-과제코드,mid,synthetic,1
PRJ-2021-0366,CODE,합성-과제코드,mid,synthetic,1
PRJ-2021-0266,CODE,합성-과제코드,mid,synthetic,1
TECH-2011-0584,CODE,합성-과제코드,mid,synthetic,1
EXP-2005-0491,CODE,합성-과제코드,mid,synthetic,1
SEC-2014-0309,CODE,합성-과제코드,mid,synthetic,1
SEC-2025-0059,CODE,합성-과제코드,mid,synthetic,1
MIL-2011-0274,CODE,합성-과제코드,mid,synthetic,1
TECH-2008-0228,CODE,합성-과제코드,mid,synthetic,1
SYS-2016-0306,CODE,합성-과제코드,mid,synthetic,1
EXP-2018-0538,CODE,합성-과제코드,mid,synthetic,1
SEC-2007-0249,CODE,합성-과제코드,mid,synthetic,1
SEC-2021-0458,CODE,합성-과제코드,mid,synthetic,1
SYS-2015-0499,CODE,합성-과제코드,mid,synthetic,1
DP-2012-0029,CODE,합성-과제코드,mid,synthetic,1
MIL-2020-0395,CODE,합성-과제코드,mid,synthetic,1
SYS-2016-0101,CODE,합성-과제코드,mid,synthetic,1
EXP-2019-0560,CODE,합성-과제코드,mid,synthetic,1
DP-2022-0516,CODE,합성-과제코드,mid,synthetic,1
SEC-2021-0537,CODE,합성-과제코드,mid,synthetic,1
SYS-2024-0228,CODE,합성-과제코드,mid,synthetic,1
MIL-2025-0462,CODE,합성-과제코드,mid,synthetic,1
TECH-2008-0546,CODE,합성-과제코드,mid,synthetic,1
DP-2025-0223,CODE,합성-과제코드,mid,synthetic,1
MIL-2016-0031,CODE,합성-과제코드,mid,synthetic,1
ROC-2019-0114,CODE,합성-과제코드,mid,synthetic,1
TECH-2010-0124,CODE,합성-과제코드,mid,synthetic,1
추진체 통신모듈 설계도면,TECH_DOC,합성-체계부품문서,high,synthetic,1
ROC-2008-0142,CODE,합성-과제코드,mid,synthetic,1
MIL-2007-0048,CODE,합성-과제코드,mid,synthetic,1
DP-2020-0540,CODE,합성-과제코드,mid,synthetic,1
PRJ-2016-0453,CODE,합성-과제코드,mid,synthetic,1
ROC-2026-0560,CODE,합성-과제코드,mid,synthetic,1
MIL-2025-0285,CODE,합성-과제코드,mid,synthetic,1
ROC-2026-0359,CODE,합성-과제코드,mid,synthetic,1
항법 센서모듈 공정도,TECH_DOC,합성-체계부품문서,high,synthetic,1
TECH-2014-0104,CODE,합성-과제코드,mid,synthetic,1
PRJ-2015-0541,CODE,합성-과제코드,mid,synthetic,1
MIL-2006-0033,CODE,합성-과제코드,mid,synthetic,1
ROC-2015-0424,CODE,합성-과제코드,mid,synthetic,1
ROC-2013-0581,CODE,합성-과제코드,mid,synthetic,1
SEC-2026-0518,CODE,합성-과제코드,mid,synthetic,1
SEC-2007-0083,CODE,합성-과제코드,mid,synthetic,1
MIL-2011-0497,CODE,합성-과제코드,mid,synthetic,1
TECH-2008-0219,CODE,합성-과제코드,mid,synthetic,1
MIL-2025-0265,CODE,합성-과제코드,mid,synthetic,1
EXP-2024-0518,CODE,합성-과제코드,mid,synthetic,1
EXP-2019-0034,CODE,합성-과제코드,mid,synthetic,1
EXP-2014-0366,CODE,합성-과제코드,mid,synthetic,1
DP-2021-0338,CODE,합성-과제코드,mid,synthetic,1
SYS-2019-0082,CODE,합성-과제코드,mid,synthetic,1
SYS-2005-0551,CODE,합성-과제코드,mid,synthetic,1
MIL-2011-0070,CODE,합성-과제코드,mid,synthetic,1
DP-2022-0511,CODE,합성-과제코드,mid,synthetic,1
DP-2025-0547,CODE,합성-과제코드,mid,synthetic,1
MIL-2019-0576,CODE,합성-과제코드,mid,synthetic,1
EXP-2008-0481,CODE,합성-과제코드,mid,synthetic,1
DP-2011-0371,CODE,합성-과제코드,mid,synthetic,1
MIL-2020-0509,CODE,합성-과제코드,mid,synthetic,1
DP-2025-0378,CODE,합성-과제코드,mid,synthetic,1
소나 신호처리기 소스코드,TECH_DOC,합성-체계부품문서,high,synthetic,1
ROC-2023-0274,CODE,합성-과제코드,mid,synthetic,1
MIL-2012-0240,CODE,합성-과제코드,mid,synthetic,1
SEC-2012-0039,CODE,합성-과제코드,mid,synthetic,1
SYS-2025-0008,CODE,합성-과제코드,mid,synthetic,1
MIL-2025-0316,CODE,합성-과제코드,mid,synthetic,1
DP-2012-0483,CODE,합성-과제코드,mid,synthetic,1
MIL-2005-0276,CODE,합성-과제코드,mid,synthetic,1
PRJ-2013-0285,CODE,합성-과제코드,mid,synthetic,1
SYS-2011-0420,CODE,합성-과제코드,mid,synthetic,1
EXP-2010-0476,CODE,합성-과제코드,mid,synthetic,1
TECH-2010-0540,CODE,합성-과제코드,mid,synthetic,1
EXP-2008-0226,CODE,합성-과제코드,mid,synthetic,1
DP-2022-0318,CODE,합성-과제코드,mid,synthetic,1
PRJ-2024-0418,CODE,합성-과제코드,mid,synthetic,1
TECH-2024-0154,CODE,합성-과제코드,mid,synthetic,1
DP-2014-0190,CODE,합성-과제코드,mid,synthetic,1
SYS-2019-0433,CODE,합성-과제코드,mid,synthetic,1
SEC-2015-0452,CODE,합성-과제코드,mid,synthetic,1
TECH-2015-0167,CODE,합성-과제코드,mid,synthetic,1
SYS-2010-0051,CODE,합성-과제코드,mid,synthetic,1
SEC-2025-0106,CODE,합성-과제코드,mid,synthetic,1
DP-2018-0290,CODE,합성-과제코드,mid,synthetic,1
EXP-2010-0270,CODE,합성-과제코드,mid,synthetic,1
PRJ-2008-0292,CODE,합성-과제코드,mid,synthetic,1
EXP-2022-0186,CODE,합성-과제코드,mid,synthetic,1
SYS-2025-0214,CODE,합성-과제코드,mid,synthetic,1
TECH-2018-0136,CODE,합성-과제코드,mid,synthetic,1
PRJ-2016-0449,CODE,합성-과제코드,mid,synthetic,1
DP-2008-0564,CODE,합성-과제코드,mid,synthetic,1
SEC-2019-0308,CODE,합성-과제코드,mid,synthetic,1
DP-2005-0128,CODE,합성-과제코드,mid,synthetic,1
MIL-2016-0337,CODE,합성-과제코드,mid,synthetic,1
MIL-2020-0118,CODE,합성-과제코드,mid,synthetic,1
MIL-2007-0457,CODE,합성-과제코드,mid,synthetic,1
DP-2007-0293,CODE,합성-과제코드,mid,synthetic,1
SEC-2012-0009,CODE,합성-과제코드,mid,synthetic,1
MIL-2013-0188,CODE,합성-과제코드,mid,synthetic,1
ROC-2017-0313,CODE,합성-과제코드,mid,synthetic,1
MIL-2010-0550,CODE,합성-과제코드,mid,synthetic,1
TECH-2014-0409,CODE,합성-과제코드,mid,synthetic,1
ROC-2022-0119,CODE,합성-과제코드,mid,synthetic,1
DP-2019-0231,CODE,합성-과제코드,mid,synthetic,1
PRJ-2015-0587,CODE,합성-과제코드,mid,synthetic,1
PRJ-2005-0430,CODE,합성-과제코드,mid,synthetic,1
ROC-2016-0111,CODE,합성-과제코드,mid,synthetic,1
SYS-2023-0290,CODE,합성-과제코드,mid,synthetic,1
PRJ-2007-0107,CODE,합성-과제코드,mid,synthetic,1
DP-2012-0054,CODE,합성-과제코드,mid,synthetic,1
MIL-2020-0582,CODE,합성-과제코드,mid,synthetic,1
SYS-2013-0552,CODE,합성-과제코드,mid,synthetic,1
SYS-2021-0018,CODE,합성-과제코드,mid,synthetic,1
ROC-2016-0447,CODE,합성-과제코드,mid,synthetic,1
MIL-2025-0530,CODE,합성-과제코드,mid,synthetic,1
SYS-2024-0002,CODE,합성-과제코드,mid,synthetic,1
SYS-2020-0578,CODE,합성-과제코드,mid,synthetic,1
MIL-2020-0010,CODE,합성-과제코드,mid,synthetic,1
SYS-2017-0432,CODE,합성-과제코드,mid,synthetic,1
SEC-2006-0236,CODE,합성-과제코드,mid,synthetic,1
MIL-2021-0472,CODE,합성-과제코드,mid,synthetic,1
PRJ-2016-0108,CODE,합성-과제코드,mid,synthetic,1
TECH-2019-0304,CODE,합성-과제코드,mid,synthetic,1
ROC-2013-0292,CODE,합성-과제코드,mid,synthetic,1
PRJ-2015-0027,CODE,합성-과제코드,mid,synthetic,1
PRJ-2006-0511,CODE,합성-과제코드,mid,synthetic,1
ROC-2008-0561,CODE,합성-과제코드,mid,synthetic,1
TECH-2015-0268,CODE,합성-과제코드,mid,synthetic,1
SEC-2024-0078,CODE,합성-과제코드,mid,synthetic,1
SEC-2018-0533,CODE,합성-과제코드,mid,synthetic,1
DP-2007-0532,CODE,합성-과제코드,mid,synthetic,1
MIL-2018-0381,CODE,합성-과제코드,mid,synthetic,1
MIL-2014-0468,CODE,합성-과제코드,mid,synthetic,1
PRJ-2007-0532,CODE,합성-과제코드,mid,synthetic,1
PRJ-2009-0581,CODE,합성-과제코드,mid,synthetic,1
EXP-2007-0280,CODE,합성-과제코드,mid,synthetic,1
EXP-2013-0432,CODE,합성-과제코드,mid,synthetic,1
SYS-2013-0587,CODE,합성-과제코드,mid,synthetic,1
SYS-2025-0226,CODE,합성-과제코드,mid,synthetic,1
EXP-2011-0481,CODE,합성-과제코드,mid,synthetic,1
SYS-2020-0257,CODE,합성-과제코드,mid,synthetic,1
DP-2015-0108,CODE,합성-과제코드,mid,synthetic,1
SYS-2017-0296,CODE,합성-과제코드,mid,synthetic,1
TECH-2023-0209,CODE,합성-과제코드,mid,synthetic,1
TECH-2007-0159,CODE,합성-과제코드,mid,synthetic,1
TECH-2013-0531,CODE,합성-과제코드,mid,synthetic,1
ROC-2022-0561,CODE,합성-과제코드,mid,synthetic,1
PRJ-2024-0483,CODE,합성-과제코드,mid,synthetic,1
SYS-2025-0015,CODE,합성-과제코드,mid,synthetic,1
SEC-2025-0316,CODE,합성-과제코드,mid,synthetic,1
MIL-2022-0462,CODE,합성-과제코드,mid,synthetic,1
DP-2018-0481,CODE,합성-과제코드,mid,synthetic,1
EXP-2025-0271,CODE,합성-과제코드,mid,synthetic,1
SYS-2013-0598,CODE,합성-과제코드,mid,synthetic,1
PRJ-2006-0174,CODE,합성-과제코드,mid,synthetic,1
EXP-2013-0495,CODE,합성-과제코드,mid,synthetic,1
TECH-2017-0137,CODE,합성-과제코드,mid,synthetic,1
MIL-2012-0327,CODE,합성-과제코드,mid,synthetic,1
DP-2010-0205,CODE,합성-과제코드,mid,synthetic,1
MIL-2017-0407,CODE,합성-과제코드,mid,synthetic,1
SEC-2007-0021,CODE,합성-과제코드,mid,synthetic,1
ROC-2017-0287,CODE,합성-과제코드,mid,synthetic,1
PRJ-2016-0300,CODE,합성-과제코드,mid,synthetic,1
SEC-2019-0056,CODE,합성-과제코드,mid,synthetic,1
EXP-2021-0132,CODE,합성-과제코드,mid,synthetic,1
EXP-2015-0137,CODE,합성-과제코드,mid,synthetic,1
PRJ-2009-0107,CODE,합성-과제코드,mid,synthetic,1
SEC-2011-0185,CODE,합성-과제코드,mid,synthetic,1
PRJ-2009-0111,CODE,합성-과제코드,mid,synthetic,1
PRJ-2018-0024,CODE,합성-과제코드,mid,synthetic,1
SYS-2007-0138,CODE,합성-과제코드,mid,synthetic,1
ROC-2022-0327,CODE,합성-과제코드,mid,synthetic,1
TECH-2020-0031,CODE,합성-과제코드,mid,synthetic,1
SEC-2010-0136,CODE,합성-과제코드,mid,synthetic,1
SYS-2012-0113,CODE,합성-과제코드,mid,synthetic,1
PRJ-2014-0132,CODE,합성-과제코드,mid,synthetic,1
DP-2006-0449,CODE,합성-과제코드,mid,synthetic,1
EXP-2011-0583,CODE,합성-과제코드,mid,synthetic,1
MIL-2014-0181,CODE,합성-과제코드,mid,synthetic,1
ROC-2005-0170,CODE,합성-과제코드,mid,synthetic,1
EXP-2014-0030,CODE,합성-과제코드,mid,synthetic,1
SEC-2010-0489,CODE,합성-과제코드,mid,synthetic,1
SYS-2026-0398,CODE,합성-과제코드,mid,synthetic,1
PRJ-2020-0179,CODE,합성-과제코드,mid,synthetic,1
EXP-2026-0437,CODE,합성-과제코드,mid,synthetic,1
SEC-2008-0241,CODE,합성-과제코드,mid,synthetic,1
EXP-2013-0375,CODE,합성-과제코드,mid,synthetic,1
SEC-2007-0595,CODE,합성-과제코드,mid,synthetic,1
EXP-2023-0246,CODE,합성-과제코드,mid,synthetic,1
SYS-2011-0580,CODE,합성-과제코드,mid,synthetic,1
MIL-2023-0130,CODE,합성-과제코드,mid,synthetic,1
PRJ-2014-0202,CODE,합성-과제코드,mid,synthetic,1
MIL-2017-0034,CODE,합성-과제코드,mid,synthetic,1
MIL-2022-0337,CODE,합성-과제코드,mid,synthetic,1
SYS-2025-0548,CODE,합성-과제코드,mid,synthetic,1
DP-2023-0414,CODE,합성-과제코드,mid,synthetic,1
PRJ-2009-0466,CODE,합성-과제코드,mid,synthetic,1
SYS-2013-0276,CODE,합성-과제코드,mid,synthetic,1
PRJ-2025-0456,CODE,합성-과제코드,mid,synthetic,1
SYS-2013-0522,CODE,합성-과제코드,mid,synthetic,1
ROC-2016-0242,CODE,합성-과제코드,mid,synthetic,1
ROC-2012-0450,CODE,합성-과제코드,mid,synthetic,1
SEC-2022-0255,CODE,합성-과제코드,mid,synthetic,1
PRJ-2013-0301,CODE,합성-과제코드,mid,synthetic,1
TECH-2021-0595,CODE,합성-과제코드,mid,synthetic,1
TECH-2005-0260,CODE,합성-과제코드,mid,synthetic,1
SEC-2023-0457,CODE,합성-과제코드,mid,synthetic,1
SEC-2024-0252,CODE,합성-과제코드,mid,synthetic,1
SEC-2014-0024,CODE,합성-과제코드,mid,synthetic,1
TECH-2013-0589,CODE,합성-과제코드,mid,synthetic,1
MIL-2021-0056,CODE,합성-과제코드,mid,synthetic,1
ROC-2022-0006,CODE,합성-과제코드,mid,synthetic,1
SEC-2024-0289,CODE,합성-과제코드,mid,synthetic,1
PRJ-2021-0237,CODE,합성-과제코드,mid,synthetic,1
TECH-2025-0406,CODE,합성-과제코드,mid,synthetic,1
SEC-2022-0143,CODE,합성-과제코드,mid,synthetic,1
MIL-2018-0360,CODE,합성-과제코드,mid,synthetic,1
SYS-2008-0067,CODE,합성-과제코드,mid,synthetic,1
MIL-2020-0279,CODE,합성-과제코드,mid,synthetic,1
SYS-2012-0557,CODE,합성-과제코드,mid,synthetic,1
DP-2021-0295,CODE,합성-과제코드,mid,synthetic,1
MIL-2019-0210,CODE,합성-과제코드,mid,synthetic,1
MIL-2005-0474,CODE,합성-과제코드,mid,synthetic,1
ROC-2019-0497,CODE,합성-과제코드,mid,synthetic,1
SEC-2012-0257,CODE,합성-과제코드,mid,synthetic,1
TECH-2014-0001,CODE,합성-과제코드,mid,synthetic,1
EXP-2025-0270,CODE,합성-과제코드,mid,synthetic,1
DP-2018-0118,CODE,합성-과제코드,mid,synthetic,1
EXP-2007-0520,CODE,합성-과제코드,mid,synthetic,1
MIL-2018-0073,CODE,합성-과제코드,mid,synthetic,1
MIL-2024-0591,CODE,합성-과제코드,mid,synthetic,1
DP-2019-0451,CODE,합성-과제코드,mid,synthetic,1
PRJ-2011-0427,CODE,합성-과제코드,mid,synthetic,1
DP-2019-0526,CODE,합성-과제코드,mid,synthetic,1
EXP-2011-0439,CODE,합성-과제코드,mid,synthetic,1
잠수함 열영상장비 공정도,TECH_DOC,합성-체계부품문서,high,synthetic,1
PRJ-2021-0098,CODE,합성-과제코드,mid,synthetic,1
PRJ-2005-0033,CODE,합성-과제코드,mid,synthetic,1
SYS-2015-0242,CODE,합성-과제코드,mid,synthetic,1
TECH-2022-0170,CODE,합성-과제코드,mid,synthetic,1
DP-2018-0425,CODE,합성-과제코드,mid,synthetic,1
ROC-2020-0141,CODE,합성-과제코드,mid,synthetic,1
EXP-2012-0589,CODE,합성-과제코드,mid,synthetic,1
SEC-2005-0181,CODE,합성-과제코드,mid,synthetic,1
PRJ-2017-0327,CODE,합성-과제코드,mid,synthetic,1
SEC-2018-0250,CODE,합성-과제코드,mid,synthetic,1
SYS-2022-0261,CODE,합성-과제코드,mid,synthetic,1
PRJ-2020-0307,CODE,합성-과제코드,mid,synthetic,1
DP-2006-0078,CODE,합성-과제코드,mid,synthetic,1
ROC-2020-0145,CODE,합성-과제코드,mid,synthetic,1
ROC-2016-0361,CODE,합성-과제코드,mid,synthetic,1
TECH-2013-0226,CODE,합성-과제코드,mid,synthetic,1
PRJ-2017-0473,CODE,합성-과제코드,mid,synthetic,1
SEC-2018-0503,CODE,합성-과제코드,mid,synthetic,1
ROC-2021-0528,CODE,합성-과제코드,mid,synthetic,1
MIL-2017-0553,CODE,합성-과제코드,mid,synthetic,1
TECH-2014-0205,CODE,합성-과제코드,mid,synthetic,1
MIL-2011-0031,CODE,합성-과제코드,mid,synthetic,1
PRJ-2016-0583,CODE,합성-과제코드,mid,synthetic,1
TECH-2006-0531,CODE,합성-과제코드,mid,synthetic,1
PRJ-2026-0082,CODE,합성-과제코드,mid,synthetic,1
PRJ-2019-0196,CODE,합성-과제코드,mid,synthetic,1
PRJ-2012-0324,CODE,합성-과제코드,mid,synthetic,1
MIL-2019-0336,CODE,합성-과제코드,mid,synthetic,1
ROC-2024-0173,CODE,합성-과제코드,mid,synthetic,1
SEC-2020-0113,CODE,합성-과제코드,mid,synthetic,1
EXP-2016-0588,CODE,합성-과제코드,mid,synthetic,1
MIL-2026-0073,CODE,합성-과제코드,mid,synthetic,1
SYS-2022-0333,CODE,합성-과제코드,mid,synthetic,1
ROC-2020-0131,CODE,합성-과제코드,mid,synthetic,1
DP-2026-0298,CODE,합성-과제코드,mid,synthetic,1
TECH-2022-0023,CODE,합성-과제코드,mid,synthetic,1
MIL-2020-0242,CODE,합성-과제코드,mid,synthetic,1
EXP-2020-0429,CODE,합성-과제코드,mid,synthetic,1
SYS-2021-0530,CODE,합성-과제코드,mid,synthetic,1
EXP-2020-0263,CODE,합성-과제코드,mid,synthetic,1
MIL-2014-0212,CODE,합성-과제코드,mid,synthetic,1
SYS-2017-0201,CODE,합성-과제코드,mid,synthetic,1
SEC-2012-0502,CODE,합성-과제코드,mid,synthetic,1
SYS-2014-0398,CODE,합성-과제코드,mid,synthetic,1
DP-2012-0317,CODE,합성-과제코드,mid,synthetic,1
SYS-2013-0590,CODE,합성-과제코드,mid,synthetic,1
TECH-2015-0002,CODE,합성-과제코드,mid,synthetic,1
ROC-2023-0056,CODE,합성-과제코드,mid,synthetic,1
MIL-2022-0254,CODE,합성-과제코드,mid,synthetic,1
ROC-2021-0555,CODE,합성-과제코드,mid,synthetic,1
PRJ-2009-0484,CODE,합성-과제코드,mid,synthetic,1
MIL-2024-0003,CODE,합성-과제코드,mid,synthetic,1
DP-2006-0181,CODE,합성-과제코드,mid,synthetic,1
TECH-2013-0377,CODE,합성-과제코드,mid,synthetic,1
EXP-2006-0197,CODE,합성-과제코드,mid,synthetic,1
SEC-2012-0094,CODE,합성-과제코드,mid,synthetic,1
PRJ-2016-0476,CODE,합성-과제코드,mid,synthetic,1
DP-2011-0274,CODE,합성-과제코드,mid,synthetic,1
ROC-2019-0576,CODE,합성-과제코드,mid,synthetic,1
PRJ-2014-0241,CODE,합성-과제코드,mid,synthetic,1
EXP-2018-0254,CODE,합성-과제코드,mid,synthetic,1
SEC-2005-0373,CODE,합성-과제코드,mid,synthetic,1
ROC-2025-0082,CODE,합성-과제코드,mid,synthetic,1
DP-2016-0479,CODE,합성-과제코드,mid,synthetic,1
MIL-2008-0250,CODE,합성-과제코드,mid,synthetic,1
SEC-2010-0468,CODE,합성-과제코드,mid,synthetic,1
TECH-2026-0472,CODE,합성-과제코드,mid,synthetic,1
SYS-2018-0020,CODE,합성-과제코드,mid,synthetic,1
ROC-2016-0049,CODE,합성-과제코드,mid,synthetic,1
MIL-2022-0588,CODE,합성-과제코드,mid,synthetic,1
ROC-2015-0512,CODE,합성-과제코드,mid,synthetic,1
SEC-2008-0197,CODE,합성-과제코드,mid,synthetic,1
SYS-2023-0011,CODE,합성-과제코드,mid,synthetic,1
DP-2011-0570,CODE,합성-과제코드,mid,synthetic,1
TECH-2007-0280,CODE,합성-과제코드,mid,synthetic,1
EXP-2019-0552,CODE,합성-과제코드,mid,synthetic,1
DP-2011-0328,CODE,합성-과제코드,mid,synthetic,1
SEC-2023-0581,CODE,합성-과제코드,mid,synthetic,1
SYS-2009-0205,CODE,합성-과제코드,mid,synthetic,1
DP-2009-0294,CODE,합성-과제코드,mid,synthetic,1
DP-2025-0106,CODE,합성-과제코드,mid,synthetic,1
PRJ-2014-0574,CODE,합성-과제코드,mid,synthetic,1
TECH-2024-0363,CODE,합성-과제코드,mid,synthetic,1
SYS-2011-0515,CODE,합성-과제코드,mid,synthetic,1
SYS-2008-0144,CODE,합성-과제코드,mid,synthetic,1
EXP-2019-0448,CODE,합성-과제코드,mid,synthetic,1
SYS-2026-0352,CODE,합성-과제코드,mid,synthetic,1
DP-2015-0525,CODE,합성-과제코드,mid,synthetic,1
PRJ-2006-0281,CODE,합성-과제코드,mid,synthetic,1
ROC-2017-0570,CODE,합성-과제코드,mid,synthetic,1
SEC-2011-0195,CODE,합성-과제코드,mid,synthetic,1
MIL-2017-0344,CODE,합성-과제코드,mid,synthetic,1
전자전 펌웨어 형상관리문서,TECH_DOC,합성-체계부품문서,high,synthetic,1
EXP-2025-0061,CODE,합성-과제코드,mid,synthetic,1
SEC-2014-0131,CODE,합성-과제코드,mid,synthetic,1
TECH-2005-0251,CODE,합성-과제코드,mid,synthetic,1
ROC-2016-0136,CODE,합성-과제코드,mid,synthetic,1
EXP-2022-0086,CODE,합성-과제코드,mid,synthetic,1
SEC-2011-0572,CODE,합성-과제코드,mid,synthetic,1
DP-2022-0339,CODE,합성-과제코드,mid,synthetic,1
SEC-2020-0155,CODE,합성-과제코드,mid,synthetic,1
TECH-2010-0276,CODE,합성-과제코드,mid,synthetic,1
PRJ-2005-0595,CODE,합성-과제코드,mid,synthetic,1
EXP-2016-0031,CODE,합성-과제코드,mid,synthetic,1
PRJ-2018-0391,CODE,합성-과제코드,mid,synthetic,1
EXP-2023-0367,CODE,합성-과제코드,mid,synthetic,1
MIL-2011-0246,CODE,합성-과제코드,mid,synthetic,1
EXP-2009-0526,CODE,합성-과제코드,mid,synthetic,1
ROC-2024-0295,CODE,합성-과제코드,mid,synthetic,1
SYS-2008-0478,CODE,합성-과제코드,mid,synthetic,1
PRJ-2016-0540,CODE,합성-과제코드,mid,synthetic,1
DP-2025-0337,CODE,합성-과제코드,mid,synthetic,1
DP-2010-0212,CODE,합성-과제코드,mid,synthetic,1
DP-2021-0271,CODE,합성-과제코드,mid,synthetic,1
DP-2026-0243,CODE,합성-과제코드,mid,synthetic,1
PRJ-2005-0060,CODE,합성-과제코드,mid,synthetic,1
PRJ-2009-0353,CODE,합성-과제코드,mid,synthetic,1
EXP-2010-0269,CODE,합성-과제코드,mid,synthetic,1
MIL-2023-0156,CODE,합성-과제코드,mid,synthetic,1
DP-2005-0268,CODE,합성-과제코드,mid,synthetic,1
SEC-2026-0437,CODE,합성-과제코드,mid,synthetic,1
DP-2015-0166,CODE,합성-과제코드,mid,synthetic,1
SYS-2021-0469,CODE,합성-과제코드,mid,synthetic,1
EXP-2009-0297,CODE,합성-과제코드,mid,synthetic,1
EXP-2013-0544,CODE,합성-과제코드,mid,synthetic,1
MIL-2007-0257,CODE,합성-과제코드,mid,synthetic,1
SYS-2008-0492,CODE,합성-과제코드,mid,synthetic,1
EXP-2008-0167,CODE,합성-과제코드,mid,synthetic,1
EXP-2012-0314,CODE,합성-과제코드,mid,synthetic,1
TECH-2020-0193,CODE,합성-과제코드,mid,synthetic,1
MIL-2011-0272,CODE,합성-과제코드,mid,synthetic,1
MIL-2011-0594,CODE,합성-과제코드,mid,synthetic,1
EXP-2010-0418,CODE,합성-과제코드,mid,synthetic,1
ROC-2023-0226,CODE,합성-과제코드,mid,synthetic,1
SEC-2012-0079,CODE,합성-과제코드,mid,synthetic,1
EXP-2011-0380,CODE,합성-과제코드,mid,synthetic,1
EXP-2026-0141,CODE,합성-과제코드,mid,synthetic,1
TECH-2011-0363,CODE,합성-과제코드,mid,synthetic,1
PRJ-2008-0380,CODE,합성-과제코드,mid,synthetic,1
EXP-2015-0385,CODE,합성-과제코드,mid,synthetic,1
DP-2025-0527,CODE,합성-과제코드,mid,synthetic,1
TECH-2016-0179,CODE,합성-과제코드,mid,synthetic,1
PRJ-2014-0300,CODE,합성-과제코드,mid,synthetic,1
MIL-2018-0491,CODE,합성-과제코드,mid,synthetic,1
SEC-2005-0584,CODE,합성-과제코드,mid,synthetic,1
MIL-2018-0029,CODE,합성-과제코드,mid,synthetic,1
PRJ-2009-0502,CODE,합성-과제코드,mid,synthetic,1
비밀 함정 관성항법장치 제조사양서,TECH_DOC,합성-체계부품문서,high,synthetic,1
TECH-2014-0304,CODE,합성-과제코드,mid,synthetic,1
SEC-2013-0100,CODE,합성-과제코드,mid,synthetic,1
ROC-2009-0394,CODE,합성-과제코드,mid,synthetic,1
ROC-2016-0366,CODE,합성-과제코드,mid,synthetic,1
DP-2023-0020,CODE,합성-과제코드,mid,synthetic,1
DP-2025-0524,CODE,합성-과제코드,mid,synthetic,1
DP-2007-0112,CODE,합성-과제코드,mid,synthetic,1
SYS-2012-0556,CODE,합성-과제코드,mid,synthetic,1
PRJ-2005-0037,CODE,합성-과제코드,mid,synthetic,1
TECH-2018-0556,CODE,합성-과제코드,mid,synthetic,1
TECH-2025-0251,CODE,합성-과제코드,mid,synthetic,1
SYS-2013-0006,CODE,합성-과제코드,mid,synthetic,1
SYS-2013-0356,CODE,합성-과제코드,mid,synthetic,1
DP-2011-0316,CODE,합성-과제코드,mid,synthetic,1
헬기 냉각장치 설계도면,TECH_DOC,합성-체계부품문서,high,synthetic,1
TECH-2012-0598,CODE,합성-과제코드,mid,synthetic,1
DP-2017-0262,CODE,합성-과제코드,mid,synthetic,1
ROC-2024-0185,CODE,합성-과제코드,mid,synthetic,1
ROC-2013-0391,CODE,합성-과제코드,mid,synthetic,1
MIL-2013-0444,CODE,합성-과제코드,mid,synthetic,1
MIL-2020-0362,CODE,합성-과제코드,mid,synthetic,1
PRJ-2024-0341,CODE,합성-과제코드,mid,synthetic,1
MIL-2020-0306,CODE,합성-과제코드,mid,synthetic,1
MIL-2007-0149,CODE,합성-과제코드,mid,synthetic,1
MIL-2018-0563,CODE,합성-과제코드,mid,synthetic,1
ROC-2011-0072,CODE,합성-과제코드,mid,synthetic,1
ROC-2014-0243,CODE,합성-과제코드,mid,synthetic,1
ROC-2014-0597,CODE,합성-과제코드,mid,synthetic,1
TECH-2023-0462,CODE,합성-과제코드,mid,synthetic,1
DP-2022-0421,CODE,합성-과제코드,mid,synthetic,1
PRJ-2013-0568,CODE,합성-과제코드,mid,synthetic,1
MIL-2005-0343,CODE,합성-과제코드,mid,synthetic,1
TECH-2021-0049,CODE,합성-과제코드,mid,synthetic,1
ROC-2011-0272,CODE,합성-과제코드,mid,synthetic,1
DP-2021-0483,CODE,합성-과제코드,mid,synthetic,1
SEC-2016-0522,CODE,합성-과제코드,mid,synthetic,1
ROC-2026-0510,CODE,합성-과제코드,mid,synthetic,1
SYS-2017-0470,CODE,합성-과제코드,mid,synthetic,1
MIL-2006-0169,CODE,합성-과제코드,mid,synthetic,1
SYS-2006-0380,CODE,합성-과제코드,mid,synthetic,1
MIL-2009-0108,CODE,합성-과제코드,mid,synthetic,1
SEC-2024-0059,CODE,합성-과제코드,mid,synthetic,1
SYS-2005-0095,CODE,합성-과제코드,mid,synthetic,1
MIL-2016-0372,CODE,합성-과제코드,mid,synthetic,1
PRJ-2016-0290,CODE,합성-과제코드,mid,synthetic,1
유도무기 통신모듈 소스코드,TECH_DOC,합성-체계부품문서,high,synthetic,1
DP-2022-0079,CODE,합성-과제코드,mid,synthetic,1
SYS-2013-0001,CODE,합성-과제코드,mid,synthetic,1
SYS-2015-0270,CODE,합성-과제코드,mid,synthetic,1
PRJ-2025-0447,CODE,합성-과제코드,mid,synthetic,1
SEC-2016-0334,CODE,합성-과제코드,mid,synthetic,1
EXP-2019-0175,CODE,합성-과제코드,mid,synthetic,1
TECH-2025-0594,CODE,합성-과제코드,mid,synthetic,1
PRJ-2005-0190,CODE,합성-과제코드,mid,synthetic,1
SEC-2012-0491,CODE,합성-과제코드,mid,synthetic,1
MIL-2022-0461,CODE,합성-과제코드,mid,synthetic,1
EXP-2014-0517,CODE,합성-과제코드,mid,synthetic,1
ROC-2010-0291,CODE,합성-과제코드,mid,synthetic,1
TECH-2005-0437,CODE,합성-과제코드,mid,synthetic,1
EXP-2017-0353,CODE,합성-과제코드,mid,synthetic,1
TECH-2024-0459,CODE,합성-과제코드,mid,synthetic,1
PRJ-2015-0449,CODE,합성-과제코드,mid,synthetic,1
SEC-2013-0102,CODE,합성-과제코드,mid,synthetic,1
MIL-2022-0011,CODE,합성-과제코드,mid,synthetic,1
ROC-2008-0320,CODE,합성-과제코드,mid,synthetic,1
DP-2024-0205,CODE,합성-과제코드,mid,synthetic,1
MIL-2024-0574,CODE,합성-과제코드,mid,synthetic,1
EXP-2012-0357,CODE,합성-과제코드,mid,synthetic,1
전술통신 전원장치 정비교범,TECH_DOC,합성-체계부품문서,high,synthetic,1
PRJ-2026-0033,CODE,합성-과제코드,mid,synthetic,1
PRJ-2017-0379,CODE,합성-과제코드,mid,synthetic,1
EXP-2019-0224,CODE,합성-과제코드,mid,synthetic,1
DP-2020-0101,CODE,합성-과제코드,mid,synthetic,1
TECH-2009-0416,CODE,합성-과제코드,mid,synthetic,1
PRJ-2026-0009,CODE,합성-과제코드,mid,synthetic,1
ROC-2026-0172,CODE,합성-과제코드,mid,synthetic,1
PRJ-2018-0293,CODE,합성-과제코드,mid,synthetic,1
SYS-2021-0397,CODE,합성-과제코드,mid,synthetic,1
SEC-2015-0112,CODE,합성-과제코드,mid,synthetic,1
SEC-2009-0302,CODE,합성-과제코드,mid,synthetic,1
DP-2022-0596,CODE,합성-과제코드,mid,synthetic,1
ROC-2025-0029,CODE,합성-과제코드,mid,synthetic,1
DP-2020-0374,CODE,합성-과제코드,mid,synthetic,1
ROC-2007-0500,CODE,합성-과제코드,mid,synthetic,1
DP-2024-0504,CODE,합성-과제코드,mid,synthetic,1
DP-2022-0196,CODE,합성-과제코드,mid,synthetic,1
TECH-2008-0086,CODE,합성-과제코드,mid,synthetic,1
ROC-2018-0244,CODE,합성-과제코드,mid,synthetic,1
소나 시뮬레이터 정비교범,TECH_DOC,합성-체계부품문서,high,synthetic,1
DP-2017-0038,CODE,합성-과제코드,mid,synthetic,1
TECH-2017-0249,CODE,합성-과제코드,mid,synthetic,1
PRJ-2009-0055,CODE,합성-과제코드,mid,synthetic,1
PRJ-2022-0114,CODE,합성-과제코드,mid,synthetic,1
PRJ-2008-0334,CODE,합성-과제코드,mid,synthetic,1
ROC-2019-0598,CODE,합성-과제코드,mid,synthetic,1
SYS-2016-0543,CODE,합성-과제코드,mid,synthetic,1
PRJ-2011-0548,CODE,합성-과제코드,mid,synthetic,1
DP-2020-0186,CODE,합성-과제코드,mid,synthetic,1
SEC-2009-0574,CODE,합성-과제코드,mid,synthetic,1
DP-2015-0042,CODE,합성-과제코드,mid,synthetic,1
비밀 항법 전원장치 성능분석자료,TECH_DOC,합성-체계부품문서,high,synthetic,1
SYS-2012-0122,CODE,합성-과제코드,mid,synthetic,1
EXP-2026-0302,CODE,합성-과제코드,mid,synthetic,1
PRJ-2023-0454,CODE,합성-과제코드,mid,synthetic,1
MIL-2005-0088,CODE,합성-과제코드,mid,synthetic,1
TECH-2013-0393,CODE,합성-과제코드,mid,synthetic,1
SYS-2017-0473,CODE,합성-과제코드,mid,synthetic,1
PRJ-2015-0395,CODE,합성-과제코드,mid,synthetic,1
DP-2019-0493,CODE,합성-과제코드,mid,synthetic,1
SEC-2021-0144,CODE,합성-과제코드,mid,synthetic,1
TECH-2007-0307,CODE,합성-과제코드,mid,synthetic,1
DP-2023-0170,CODE,합성-과제코드,mid,synthetic,1
ROC-2012-0471,CODE,합성-과제코드,mid,synthetic,1
MIL-2014-0334,CODE,합성-과제코드,mid,synthetic,1
SYS-2025-0195,CODE,합성-과제코드,mid,synthetic,1
ROC-2022-0549,CODE,합성-과제코드,mid,synthetic,1
ROC-2016-0530,CODE,합성-과제코드,mid,synthetic,1
PRJ-2012-0577,CODE,합성-과제코드,mid,synthetic,1
ROC-2015-0461,CODE,합성-과제코드,mid,synthetic,1
TECH-2010-0332,CODE,합성-과제코드,mid,synthetic,1
SEC-2006-0322,CODE,합성-과제코드,mid,synthetic,1
PRJ-2006-0295,CODE,합성-과제코드,mid,synthetic,1
ROC-2008-0225,CODE,합성-과제코드,mid,synthetic,1
ROC-2022-0375,CODE,합성-과제코드,mid,synthetic,1
PRJ-2026-0171,CODE,합성-과제코드,mid,synthetic,1
TECH-2017-0487,CODE,합성-과제코드,mid,synthetic,1
PRJ-2026-0151,CODE,합성-과제코드,mid,synthetic,1
ROC-2009-0398,CODE,합성-과제코드,mid,synthetic,1
SEC-2013-0270,CODE,합성-과제코드,mid,synthetic,1
SYS-2007-0582,CODE,합성-과제코드,mid,synthetic,1
SEC-2010-0031,CODE,합성-과제코드,mid,synthetic,1
ROC-2009-0278,CODE,합성-과제코드,mid,synthetic,1
EXP-2006-0199,CODE,합성-과제코드,mid,synthetic,1
SEC-2008-0559,CODE,합성-과제코드,mid,synthetic,1
PRJ-2020-0400,CODE,합성-과제코드,mid,synthetic,1
TECH-2015-0080,CODE,합성-과제코드,mid,synthetic,1
TECH-2010-0072,CODE,합성-과제코드,mid,synthetic,1
EXP-2011-0264,CODE,합성-과제코드,mid,synthetic,1
DP-2015-0163,CODE,합성-과제코드,mid,synthetic,1
MIL-2026-0177,CODE,합성-과제코드,mid,synthetic,1
MIL-2021-0221,CODE,합성-과제코드,mid,synthetic,1
DP-2013-0356,CODE,합성-과제코드,mid,synthetic,1
EXP-2011-0391,CODE,합성-과제코드,mid,synthetic,1
EXP-2022-0286,CODE,합성-과제코드,mid,synthetic,1
SYS-2025-0016,CODE,합성-과제코드,mid,synthetic,1
PRJ-2012-0085,CODE,합성-과제코드,mid,synthetic,1
MIL-2005-0134,CODE,합성-과제코드,mid,synthetic,1
SEC-2016-0256,CODE,합성-과제코드,mid,synthetic,1
함정 열영상장비 성능분석자료,TECH_DOC,합성-체계부품문서,high,synthetic,1
EXP-2013-0477,CODE,합성-과제코드,mid,synthetic,1
PRJ-2007-0375,CODE,합성-과제코드,mid,synthetic,1
PRJ-2011-0293,CODE,합성-과제코드,mid,synthetic,1
TECH-2015-0442,CODE,합성-과제코드,mid,synthetic,1
SEC-2014-0376,CODE,합성-과제코드,mid,synthetic,1
SEC-2005-0220,CODE,합성-과제코드,mid,synthetic,1
PRJ-2017-0204,CODE,합성-과제코드,mid,synthetic,1
TECH-2010-0352,CODE,합성-과제코드,mid,synthetic,1
ROC-2017-0402,CODE,합성-과제코드,mid,synthetic,1
PRJ-2017-0262,CODE,합성-과제코드,mid,synthetic,1
SEC-2017-0105,CODE,합성-과제코드,mid,synthetic,1
PRJ-2010-0220,CODE,합성-과제코드,mid,synthetic,1
MIL-2007-0124,CODE,합성-과제코드,mid,synthetic,1
MIL-2018-0427,CODE,합성-과제코드,mid,synthetic,1
MIL-2018-0227,CODE,합성-과제코드,mid,synthetic,1
ROC-2005-0320,CODE,합성-과제코드,mid,synthetic,1
ROC-2016-0294,CODE,합성-과제코드,mid,synthetic,1
MIL-2008-0360,CODE,합성-과제코드,mid,synthetic,1
ROC-2008-0007,CODE,합성-과제코드,mid,synthetic,1
TECH-2015-0175,CODE,합성-과제코드,mid,synthetic,1
SYS-2011-0169,CODE,합성-과제코드,mid,synthetic,1
SEC-2011-0044,CODE,합성-과제코드,mid,synthetic,1
PRJ-2023-0505,CODE,합성-과제코드,mid,synthetic,1
MIL-2016-0288,CODE,합성-과제코드,mid,synthetic,1
SEC-2011-0497,CODE,합성-과제코드,mid,synthetic,1
TECH-2010-0279,CODE,합성-과제코드,mid,synthetic,1
SYS-2026-0319,CODE,합성-과제코드,mid,synthetic,1
EXP-2020-0587,CODE,합성-과제코드,mid,synthetic,1
MIL-2024-0498,CODE,합성-과제코드,mid,synthetic,1
SYS-2022-0079,CODE,합성-과제코드,mid,synthetic,1
SYS-2005-0370,CODE,합성-과제코드,mid,synthetic,1
SYS-2008-0472,CODE,합성-과제코드,mid,synthetic,1
SYS-2024-0119,CODE,합성-과제코드,mid,synthetic,1
DP-2026-0525,CODE,합성-과제코드,mid,synthetic,1
TECH-2009-0380,CODE,합성-과제코드,mid,synthetic,1
EXP-2019-0079,CODE,합성-과제코드,mid,synthetic,1
DP-2024-0519,CODE,합성-과제코드,mid,synthetic,1
TECH-2018-0100,CODE,합성-과제코드,mid,synthetic,1
TECH-2018-0159,CODE,합성-과제코드,mid,synthetic,1
DP-2014-0152,CODE,합성-과제코드,mid,synthetic,1
SEC-2006-0323,CODE,합성-과제코드,mid,synthetic,1
PRJ-2026-0438,CODE,합성-과제코드,mid,synthetic,1
EXP-2015-0210,CODE,합성-과제코드,mid,synthetic,1
TECH-2017-0553,CODE,합성-과제코드,mid,synthetic,1
SYS-2021-0533,CODE,합성-과제코드,mid,synthetic,1
SYS-2019-0280,CODE,합성-과제코드,mid,synthetic,1
전투기 추진기관 성능분석자료,TECH_DOC,합성-체계부품문서,high,synthetic,1
DP-2016-0255,CODE,합성-과제코드,mid,synthetic,1
대외비 레이더 제어기 소스코드,TECH_DOC,합성-체계부품문서,high,synthetic,1
TECH-2026-0438,CODE,합성-과제코드,mid,synthetic,1
MIL-2013-0560,CODE,합성-과제코드,mid,synthetic,1
TECH-2009-0258,CODE,합성-과제코드,mid,synthetic,1
DP-2007-0503,CODE,합성-과제코드,mid,synthetic,1
EXP-2013-0373,CODE,합성-과제코드,mid,synthetic,1
EXP-2005-0591,CODE,합성-과제코드,mid,synthetic,1
SYS-2014-0385,CODE,합성-과제코드,mid,synthetic,1
SYS-2011-0541,CODE,합성-과제코드,mid,synthetic,1
ROC-2015-0329,CODE,합성-과제코드,mid,synthetic,1
SEC-2021-0506,CODE,합성-과제코드,mid,synthetic,1
PRJ-2011-0465,CODE,합성-과제코드,mid,synthetic,1
PRJ-2024-0534,CODE,합성-과제코드,mid,synthetic,1
EXP-2021-0344,CODE,합성-과제코드,mid,synthetic,1
PRJ-2008-0344,CODE,합성-과제코드,mid,synthetic,1
MIL-2011-0365,CODE,합성-과제코드,mid,synthetic,1
ROC-2014-0521,CODE,합성-과제코드,mid,synthetic,1
TECH-2011-0302,CODE,합성-과제코드,mid,synthetic,1
MIL-2020-0050,CODE,합성-과제코드,mid,synthetic,1
SEC-2023-0236,CODE,합성-과제코드,mid,synthetic,1
EXP-2017-0033,CODE,합성-과제코드,mid,synthetic,1
PRJ-2020-0455,CODE,합성-과제코드,mid,synthetic,1
DP-2025-0411,CODE,합성-과제코드,mid,synthetic,1
SYS-2018-0004,CODE,합성-과제코드,mid,synthetic,1
MIL-2021-0109,CODE,합성-과제코드,mid,synthetic,1
PRJ-2007-0162,CODE,합성-과제코드,mid,synthetic,1
MIL-2015-0405,CODE,합성-과제코드,mid,synthetic,1
DP-2005-0099,CODE,합성-과제코드,mid,synthetic,1
PRJ-2020-0123,CODE,합성-과제코드,mid,synthetic,1
SYS-2005-0271,CODE,합성-과제코드,mid,synthetic,1
SEC-2007-0091,CODE,합성-과제코드,mid,synthetic,1
SEC-2014-0422,CODE,합성-과제코드,mid,synthetic,1
TECH-2018-0536,CODE,합성-과제코드,mid,synthetic,1
EXP-2010-0204,CODE,합성-과제코드,mid,synthetic,1
PRJ-2012-0042,CODE,합성-과제코드,mid,synthetic,1
SYS-2012-0325,CODE,합성-과제코드,mid,synthetic,1
SYS-2020-0589,CODE,합성-과제코드,mid,synthetic,1
DP-2016-0292,CODE,합성-과제코드,mid,synthetic,1
TECH-2019-0442,CODE,합성-과제코드,mid,synthetic,1
DP-2007-0244,CODE,합성-과제코드,mid,synthetic,1
SYS-2018-0153,CODE,합성-과제코드,mid,synthetic,1
MIL-2006-0241,CODE,합성-과제코드,mid,synthetic,1
SEC-2022-0592,CODE,합성-과제코드,mid,synthetic,1
ROC-2011-0597,CODE,합성-과제코드,mid,synthetic,1
DP-2015-0194,CODE,합성-과제코드,mid,synthetic,1
SYS-2022-0366,CODE,합성-과제코드,mid,synthetic,1
EXP-2005-0528,CODE,합성-과제코드,mid,synthetic,1
DP-2015-0258,CODE,합성-과제코드,mid,synthetic,1
ROC-2025-0233,CODE,합성-과제코드,mid,synthetic,1
SYS-2017-0402,CODE,합성-과제코드,mid,synthetic,1
ROC-2020-0572,CODE,합성-과제코드,mid,synthetic,1
SEC-2023-0122,CODE,합성-과제코드,mid,synthetic,1
ROC-2012-0188,CODE,합성-과제코드,mid,synthetic,1
SEC-2020-0399,CODE,합성-과제코드,mid,synthetic,1
PRJ-2012-0166,CODE,합성-과제코드,mid,synthetic,1
TECH-2007-0270,CODE,합성-과제코드,mid,synthetic,1
DP-2020-0098,CODE,합성-과제코드,mid,synthetic,1
PRJ-2021-0126,CODE,합성-과제코드,mid,synthetic,1
SYS-2024-0387,CODE,합성-과제코드,mid,synthetic,1
TECH-2012-0577,CODE,합성-과제코드,mid,synthetic,1
PRJ-2011-0593,CODE,합성-과제코드,mid,synthetic,1
SEC-2008-0378,CODE,합성-과제코드,mid,synthetic,1
SYS-2010-0496,CODE,합성-과제코드,mid,synthetic,1
MIL-2021-0173,CODE,합성-과제코드,mid,synthetic,1
ROC-2007-0035,CODE,합성-과제코드,mid,synthetic,1
SEC-2006-0317,CODE,합성-과제코드,mid,synthetic,1
TECH-2011-0121,CODE,합성-과제코드,mid,synthetic,1
EXP-2017-0218,CODE,합성-과제코드,mid,synthetic,1
MIL-2009-0575,CODE,합성-과제코드,mid,synthetic,1
ROC-2021-0254,CODE,합성-과제코드,mid,synthetic,1
DP-2024-0131,CODE,합성-과제코드,mid,synthetic,1
SEC-2018-0146,CODE,합성-과제코드,mid,synthetic,1
MIL-2023-0332,CODE,합성-과제코드,mid,synthetic,1
TECH-2021-0351,CODE,합성-과제코드,mid,synthetic,1
DP-2016-0162,CODE,합성-과제코드,mid,synthetic,1
장갑 추진기관 제조사양서,TECH_DOC,합성-체계부품문서,high,synthetic,1
SYS-2023-0003,CODE,합성-과제코드,mid,synthetic,1
TECH-2015-0466,CODE,합성-과제코드,mid,synthetic,1
ROC-2009-0069,CODE,합성-과제코드,mid,synthetic,1
SYS-2021-0544,CODE,합성-과제코드,mid,synthetic,1
SYS-2023-0277,CODE,합성-과제코드,mid,synthetic,1
TECH-2006-0464,CODE,합성-과제코드,mid,synthetic,1
TECH-2011-0089,CODE,합성-과제코드,mid,synthetic,1
SEC-2011-0397,CODE,합성-과제코드,mid,synthetic,1
ROC-2022-0223,CODE,합성-과제코드,mid,synthetic,1
EXP-2026-0547,CODE,합성-과제코드,mid,synthetic,1
SYS-2026-0501,CODE,합성-과제코드,mid,synthetic,1
DP-2022-0310,CODE,합성-과제코드,mid,synthetic,1
SYS-2011-0342,CODE,합성-과제코드,mid,synthetic,1
ROC-2010-0343,CODE,합성-과제코드,mid,synthetic,1
DP-2011-0344,CODE,합성-과제코드,mid,synthetic,1
대외비 위성 시뮬레이터 공정도,TECH_DOC,합성-체계부품문서,high,synthetic,1
DP-2005-0540,CODE,합성-과제코드,mid,synthetic,1
PRJ-2021-0017,CODE,합성-과제코드,mid,synthetic,1
ROC-2018-0357,CODE,합성-과제코드,mid,synthetic,1
EXP-2013-0237,CODE,합성-과제코드,mid,synthetic,1
SEC-2021-0457,CODE,합성-과제코드,mid,synthetic,1
SEC-2006-0019,CODE,합성-과제코드,mid,synthetic,1
TECH-2017-0549,CODE,합성-과제코드,mid,synthetic,1
TECH-2013-0447,CODE,합성-과제코드,mid,synthetic,1
SYS-2023-0240,CODE,합성-과제코드,mid,synthetic,1
EXP-2005-0025,CODE,합성-과제코드,mid,synthetic,1
MIL-2022-0311,CODE,합성-과제코드,mid,synthetic,1
PRJ-2011-0203,CODE,합성-과제코드,mid,synthetic,1
EXP-2007-0046,CODE,합성-과제코드,mid,synthetic,1
DP-2016-0226,CODE,합성-과제코드,mid,synthetic,1
ROC-2020-0258,CODE,합성-과제코드,mid,synthetic,1
SYS-2026-0479,CODE,합성-과제코드,mid,synthetic,1
PRJ-2023-0140,CODE,합성-과제코드,mid,synthetic,1
DP-2009-0101,CODE,합성-과제코드,mid,synthetic,1
ROC-2015-0292,CODE,합성-과제코드,mid,synthetic,1
PRJ-2005-0253,CODE,합성-과제코드,mid,synthetic,1
SEC-2022-0523,CODE,합성-과제코드,mid,synthetic,1
MIL-2024-0474,CODE,합성-과제코드,mid,synthetic,1
ROC-2016-0227,CODE,합성-과제코드,mid,synthetic,1
SEC-2011-0448,CODE,합성-과제코드,mid,synthetic,1
SEC-2005-0117,CODE,합성-과제코드,mid,synthetic,1
TECH-2024-0583,CODE,합성-과제코드,mid,synthetic,1
SEC-2006-0402,CODE,합성-과제코드,mid,synthetic,1
TECH-2025-0036,CODE,합성-과제코드,mid,synthetic,1
PRJ-2022-0108,CODE,합성-과제코드,mid,synthetic,1
PRJ-2025-0292,CODE,합성-과제코드,mid,synthetic,1
EXP-2019-0350,CODE,합성-과제코드,mid,synthetic,1
DP-2005-0411,CODE,합성-과제코드,mid,synthetic,1
SYS-2013-0288,CODE,합성-과제코드,mid,synthetic,1
SEC-2012-0594,CODE,합성-과제코드,mid,synthetic,1
EXP-2020-0309,CODE,합성-과제코드,mid,synthetic,1
DP-2005-0418,CODE,합성-과제코드,mid,synthetic,1
ROC-2016-0434,CODE,합성-과제코드,mid,synthetic,1
TECH-2012-0230,CODE,합성-과제코드,mid,synthetic,1
TECH-2020-0275,CODE,합성-과제코드,mid,synthetic,1
ROC-2013-0470,CODE,합성-과제코드,mid,synthetic,1
TECH-2009-0259,CODE,합성-과제코드,mid,synthetic,1
EXP-2022-0165,CODE,합성-과제코드,mid,synthetic,1
SEC-2015-0203,CODE,합성-과제코드,mid,synthetic,1
ROC-2023-0584,CODE,합성-과제코드,mid,synthetic,1
SEC-2010-0139,CODE,합성-과제코드,mid,synthetic,1
TECH-2006-0429,CODE,합성-과제코드,mid,synthetic,1
SYS-2005-0106,CODE,합성-과제코드,mid,synthetic,1
DP-2016-0497,CODE,합성-과제코드,mid,synthetic,1
SYS-2016-0267,CODE,합성-과제코드,mid,synthetic,1
ROC-2020-0052,CODE,합성-과제코드,mid,synthetic,1
SEC-2012-0524,CODE,합성-과제코드,mid,synthetic,1
MIL-2007-0049,CODE,합성-과제코드,mid,synthetic,1
대외비 전자전 시뮬레이터 성능분석자료,TECH_DOC,합성-체계부품문서,high,synthetic,1
EXP-2012-0210,CODE,합성-과제코드,mid,synthetic,1
SYS-2020-0278,CODE,합성-과제코드,mid,synthetic,1
ROC-2014-0230,CODE,합성-과제코드,mid,synthetic,1
MIL-2021-0460,CODE,합성-과제코드,mid,synthetic,1
TECH-2013-0232,CODE,합성-과제코드,mid,synthetic,1
DP-2021-0077,CODE,합성-과제코드,mid,synthetic,1
ROC-2023-0250,CODE,합성-과제코드,mid,synthetic,1
SYS-2013-0154,CODE,합성-과제코드,mid,synthetic,1
MIL-2011-0321,CODE,합성-과제코드,mid,synthetic,1
SEC-2012-0477,CODE,합성-과제코드,mid,synthetic,1
DP-2009-0010,CODE,합성-과제코드,mid,synthetic,1
PRJ-2017-0381,CODE,합성-과제코드,mid,synthetic,1
SYS-2012-0003,CODE,합성-과제코드,mid,synthetic,1
SYS-2007-0539,CODE,합성-과제코드,mid,synthetic,1
TECH-2011-0501,CODE,합성-과제코드,mid,synthetic,1
MIL-2011-0055,CODE,합성-과제코드,mid,synthetic,1
전술통신 펌웨어 공정도,TECH_DOC,합성-체계부품문서,high,synthetic,1
SEC-2020-0438,CODE,합성-과제코드,mid,synthetic,1
ROC-2010-0221,CODE,합성-과제코드,mid,synthetic,1
DP-2012-0012,CODE,합성-과제코드,mid,synthetic,1
MIL-2007-0150,CODE,합성-과제코드,mid,synthetic,1
SYS-2005-0526,CODE,합성-과제코드,mid,synthetic,1
ROC-2008-0050,CODE,합성-과제코드,mid,synthetic,1
DP-2022-0181,CODE,합성-과제코드,mid,synthetic,1
PRJ-2012-0570,CODE,합성-과제코드,mid,synthetic,1
SEC-2009-0085,CODE,합성-과제코드,mid,synthetic,1
SYS-2006-0511,CODE,합성-과제코드,mid,synthetic,1
MIL-2008-0586,CODE,합성-과제코드,mid,synthetic,1
PRJ-2007-0174,CODE,합성-과제코드,mid,synthetic,1
PRJ-2011-0486,CODE,합성-과제코드,mid,synthetic,1
미사일 안테나 시험성적서,TECH_DOC,합성-체계부품문서,high,synthetic,1
SEC-2010-0184,CODE,합성-과제코드,mid,synthetic,1
SEC-2020-0530,CODE,합성-과제코드,mid,synthetic,1
EXP-2019-0111,CODE,합성-과제코드,mid,synthetic,1
EXP-2021-0274,CODE,합성-과제코드,mid,synthetic,1
헬기 암호모듈 성능분석자료,TECH_DOC,합성-체계부품문서,high,synthetic,1
MIL-2026-0525,CODE,합성-과제코드,mid,synthetic,1
SEC-2009-0244,CODE,합성-과제코드,mid,synthetic,1
ROC-2008-0104,CODE,합성-과제코드,mid,synthetic,1
DP-2021-0473,CODE,합성-과제코드,mid,synthetic,1
항법 열영상장비 시험성적서,TECH_DOC,합성-체계부품문서,high,synthetic,1
SEC-2023-0512,CODE,합성-과제코드,mid,synthetic,1
MIL-2009-0212,CODE,합성-과제코드,mid,synthetic,1
MIL-2014-0277,CODE,합성-과제코드,mid,synthetic,1
PRJ-2009-0121,CODE,합성-과제코드,mid,synthetic,1
ROC-2016-0571,CODE,합성-과제코드,mid,synthetic,1
MIL-2020-0483,CODE,합성-과제코드,mid,synthetic,1
SYS-2024-0474,CODE,합성-과제코드,mid,synthetic,1
PRJ-2016-0556,CODE,합성-과제코드,mid,synthetic,1
TECH-2011-0235,CODE,합성-과제코드,mid,synthetic,1
PRJ-2013-0515,CODE,합성-과제코드,mid,synthetic,1
PRJ-2020-0294,CODE,합성-과제코드,mid,synthetic,1
EXP-2012-0262,CODE,합성-과제코드,mid,synthetic,1
MIL-2012-0082,CODE,합성-과제코드,mid,synthetic,1
SEC-2017-0558,CODE,합성-과제코드,mid,synthetic,1
대외비 무인기 구동장치 정비교범,TECH_DOC,합성-체계부품문서,high,synthetic,1
EXP-2016-0493,CODE,합성-과제코드,mid,synthetic,1
EXP-2021-0398,CODE,합성-과제코드,mid,synthetic,1
PRJ-2015-0024,CODE,합성-과제코드,mid,synthetic,1
PRJ-2023-0307,CODE,합성-과제코드,mid,synthetic,1
DP-2014-0558,CODE,합성-과제코드,mid,synthetic,1
방공체계 냉각장치 정비교범,TECH_DOC,합성-체계부품문서,high,synthetic,1
SYS-2017-0483,CODE,합성-과제코드,mid,synthetic,1
DP-2021-0229,CODE,합성-과제코드,mid,synthetic,1
MIL-2007-0114,CODE,합성-과제코드,mid,synthetic,1
EXP-2007-0398,CODE,합성-과제코드,mid,synthetic,1
TECH-2005-0266,CODE,합성-과제코드,mid,synthetic,1
TECH-2018-0057,CODE,합성-과제코드,mid,synthetic,1
SYS-2024-0070,CODE,합성-과제코드,mid,synthetic,1
레이더 안테나 성능분석자료,TECH_DOC,합성-체계부품문서,high,synthetic,1
ROC-2010-0367,CODE,합성-과제코드,mid,synthetic,1
ROC-2022-0489,CODE,합성-과제코드,mid,synthetic,1
PRJ-2011-0317,CODE,합성-과제코드,mid,synthetic,1
ROC-2014-0529,CODE,합성-과제코드,mid,synthetic,1
MIL-2007-0596,CODE,합성-과제코드,mid,synthetic,1
PRJ-2015-0297,CODE,합성-과제코드,mid,synthetic,1
EXP-2026-0521,CODE,합성-과제코드,mid,synthetic,1
PRJ-2013-0286,CODE,합성-과제코드,mid,synthetic,1
DP-2025-0367,CODE,합성-과제코드,mid,synthetic,1
SEC-2010-0360,CODE,합성-과제코드,mid,synthetic,1
DP-2020-0391,CODE,합성-과제코드,mid,synthetic,1
PRJ-2009-0147,CODE,합성-과제코드,mid,synthetic,1
EXP-2019-0374,CODE,합성-과제코드,mid,synthetic,1
MIL-2025-0365,CODE,합성-과제코드,mid,synthetic,1
MIL-2017-0054,CODE,합성-과제코드,mid,synthetic,1
SYS-2013-0515,CODE,합성-과제코드,mid,synthetic,1
PRJ-2026-0384,CODE,합성-과제코드,mid,synthetic,1
ROC-2016-0147,CODE,합성-과제코드,mid,synthetic,1
TECH-2013-0331,CODE,합성-과제코드,mid,synthetic,1
SEC-2010-0323,CODE,합성-과제코드,mid,synthetic,1
TECH-2014-0488,CODE,합성-과제코드,mid,synthetic,1
PRJ-2015-0199,CODE,합성-과제코드,mid,synthetic,1
MIL-2010-0332,CODE,합성-과제코드,mid,synthetic,1
TECH-2010-0317,CODE,합성-과제코드,mid,synthetic,1
ROC-2020-0094,CODE,합성-과제코드,mid,synthetic,1
TECH-2006-0081,CODE,합성-과제코드,mid,synthetic,1
SEC-2025-0211,CODE,합성-과제코드,mid,synthetic,1
PRJ-2023-0404,CODE,합성-과제코드,mid,synthetic,1
ROC-2005-0137,CODE,합성-과제코드,mid,synthetic,1
PRJ-2013-0581,CODE,합성-과제코드,mid,synthetic,1
ROC-2013-0598,CODE,합성-과제코드,mid,synthetic,1
ROC-2013-0569,CODE,합성-과제코드,mid,synthetic,1
PRJ-2026-0241,CODE,합성-과제코드,mid,synthetic,1
무인기 구동장치 시험성적서,TECH_DOC,합성-체계부품문서,high,synthetic,1
EXP-2015-0484,CODE,합성-과제코드,mid,synthetic,1
MIL-2025-0321,CODE,합성-과제코드,mid,synthetic,1
ROC-2016-0059,CODE,합성-과제코드,mid,synthetic,1
TECH-2010-0017,CODE,합성-과제코드,mid,synthetic,1
EXP-2007-0151,CODE,합성-과제코드,mid,synthetic,1
ROC-2024-0595,CODE,합성-과제코드,mid,synthetic,1
TECH-2022-0012,CODE,합성-과제코드,mid,synthetic,1
SEC-2014-0414,CODE,합성-과제코드,mid,synthetic,1
MIL-2013-0105,CODE,합성-과제코드,mid,synthetic,1
ROC-2025-0265,CODE,합성-과제코드,mid,synthetic,1
PRJ-2010-0451,CODE,합성-과제코드,mid,synthetic,1
MIL-2020-0162,CODE,합성-과제코드,mid,synthetic,1
TECH-2026-0369,CODE,합성-과제코드,mid,synthetic,1
TECH-2022-0445,CODE,합성-과제코드,mid,synthetic,1
PRJ-2005-0323,CODE,합성-과제코드,mid,synthetic,1
SEC-2025-0184,CODE,합성-과제코드,mid,synthetic,1
EXP-2013-0503,CODE,합성-과제코드,mid,synthetic,1
SYS-2026-0001,CODE,합성-과제코드,mid,synthetic,1
EXP-2017-0517,CODE,합성-과제코드,mid,synthetic,1
대외비 레이더 구동장치 공정도,TECH_DOC,합성-체계부품문서,high,synthetic,1
MIL-2016-0536,CODE,합성-과제코드,mid,synthetic,1
TECH-2016-0248,CODE,합성-과제코드,mid,synthetic,1
DP-2018-0520,CODE,합성-과제코드,mid,synthetic,1
DP-2022-0500,CODE,합성-과제코드,mid,synthetic,1
EXP-2024-0568,CODE,합성-과제코드,mid,synthetic,1
SEC-2021-0581,CODE,합성-과제코드,mid,synthetic,1
DP-2017-0536,CODE,합성-과제코드,mid,synthetic,1
ROC-2008-0488,CODE,합성-과제코드,mid,synthetic,1
DP-2012-0394,CODE,합성-과제코드,mid,synthetic,1
EXP-2009-0067,CODE,합성-과제코드,mid,synthetic,1
EXP-2009-0204,CODE,합성-과제코드,mid,synthetic,1
DP-2022-0106,CODE,합성-과제코드,mid,synthetic,1
MIL-2023-0309,CODE,합성-과제코드,mid,synthetic,1
SYS-2010-0023,CODE,합성-과제코드,mid,synthetic,1
EXP-2016-0532,CODE,합성-과제코드,mid,synthetic,1
MIL-2023-0132,CODE,합성-과제코드,mid,synthetic,1
ROC-2022-0476,CODE,합성-과제코드,mid,synthetic,1
TECH-2023-0593,CODE,합성-과제코드,mid,synthetic,1
MIL-2007-0484,CODE,합성-과제코드,mid,synthetic,1
ROC-2026-0424,CODE,합성-과제코드,mid,synthetic,1
DP-2026-0474,CODE,합성-과제코드,mid,synthetic,1
PRJ-2018-0599,CODE,합성-과제코드,mid,synthetic,1
PRJ-2005-0303,CODE,합성-과제코드,mid,synthetic,1
TECH-2007-0515,CODE,합성-과제코드,mid,synthetic,1
SEC-2022-0334,CODE,합성-과제코드,mid,synthetic,1
MIL-2006-0011,CODE,합성-과제코드,mid,synthetic,1
DP-2012-0320,CODE,합성-과제코드,mid,synthetic,1
DP-2017-0215,CODE,합성-과제코드,mid,synthetic,1
TECH-2007-0312,CODE,합성-과제코드,mid,synthetic,1
SEC-2024-0150,CODE,합성-과제코드,mid,synthetic,1
SYS-2013-0259,CODE,합성-과제코드,mid,synthetic,1
ROC-2012-0249,CODE,합성-과제코드,mid,synthetic,1
MIL-2013-0139,CODE,합성-과제코드,mid,synthetic,1
TECH-2026-0546,CODE,합성-과제코드,mid,synthetic,1
SYS-2007-0342,CODE,합성-과제코드,mid,synthetic,1
TECH-2014-0426,CODE,합성-과제코드,mid,synthetic,1
TECH-2024-0559,CODE,합성-과제코드,mid,synthetic,1
MIL-2005-0316,CODE,합성-과제코드,mid,synthetic,1
PRJ-2006-0465,CODE,합성-과제코드,mid,synthetic,1
MIL-2022-0426,CODE,합성-과제코드,mid,synthetic,1
DP-2026-0309,CODE,합성-과제코드,mid,synthetic,1
ROC-2016-0027,CODE,합성-과제코드,mid,synthetic,1
MIL-2017-0284,CODE,합성-과제코드,mid,synthetic,1
DP-2008-0187,CODE,합성-과제코드,mid,synthetic,1
PRJ-2020-0155,CODE,합성-과제코드,mid,synthetic,1
EXP-2005-0397,CODE,합성-과제코드,mid,synthetic,1
TECH-2023-0267,CODE,합성-과제코드,mid,synthetic,1
SEC-2010-0210,CODE,합성-과제코드,mid,synthetic,1
SEC-2010-0248,CODE,합성-과제코드,mid,synthetic,1
SEC-2023-0111,CODE,합성-과제코드,mid,synthetic,1
PRJ-2007-0291,CODE,합성-과제코드,mid,synthetic,1
MIL-2019-0315,CODE,합성-과제코드,mid,synthetic,1
MIL-2013-0375,CODE,합성-과제코드,mid,synthetic,1
EXP-2014-0241,CODE,합성-과제코드,mid,synthetic,1
SYS-2015-0075,CODE,합성-과제코드,mid,synthetic,1
MIL-2025-0267,CODE,합성-과제코드,mid,synthetic,1
ROC-2005-0086,CODE,합성-과제코드,mid,synthetic,1
MIL-2025-0054,CODE,합성-과제코드,mid,synthetic,1
MIL-2007-0420,CODE,합성-과제코드,mid,synthetic,1
SYS-2012-0312,CODE,합성-과제코드,mid,synthetic,1
PRJ-2026-0331,CODE,합성-과제코드,mid,synthetic,1
ROC-2025-0448,CODE,합성-과제코드,mid,synthetic,1
EXP-2018-0553,CODE,합성-과제코드,mid,synthetic,1
PRJ-2012-0453,CODE,합성-과제코드,mid,synthetic,1
PRJ-2020-0279,CODE,합성-과제코드,mid,synthetic,1
DP-2009-0527,CODE,합성-과제코드,mid,synthetic,1
SEC-2020-0501,CODE,합성-과제코드,mid,synthetic,1
TECH-2017-0337,CODE,합성-과제코드,mid,synthetic,1
EXP-2023-0281,CODE,합성-과제코드,mid,synthetic,1
SYS-2006-0003,CODE,합성-과제코드,mid,synthetic,1
ROC-2010-0360,CODE,합성-과제코드,mid,synthetic,1
MIL-2009-0112,CODE,합성-과제코드,mid,synthetic,1
SYS-2007-0319,CODE,합성-과제코드,mid,synthetic,1
MIL-2022-0126,CODE,합성-과제코드,mid,synthetic,1
TECH-2021-0014,CODE,합성-과제코드,mid,synthetic,1
EXP-2020-0572,CODE,합성-과제코드,mid,synthetic,1
MIL-2016-0239,CODE,합성-과제코드,mid,synthetic,1
EXP-2009-0202,CODE,합성-과제코드,mid,synthetic,1
ROC-2012-0024,CODE,합성-과제코드,mid,synthetic,1
DP-2015-0423,CODE,합성-과제코드,mid,synthetic,1
TECH-2025-0254,CODE,합성-과제코드,mid,synthetic,1
EXP-2021-0205,CODE,합성-과제코드,mid,synthetic,1
PRJ-2006-0063,CODE,합성-과제코드,mid,synthetic,1
EXP-2023-0086,CODE,합성-과제코드,mid,synthetic,1
DP-2014-0446,CODE,합성-과제코드,mid,synthetic,1
SYS-2010-0289,CODE,합성-과제코드,mid,synthetic,1
EXP-2011-0319,CODE,합성-과제코드,mid,synthetic,1
SYS-2012-0397,CODE,합성-과제코드,mid,synthetic,1
DP-2025-0482,CODE,합성-과제코드,mid,synthetic,1
MIL-2014-0272,CODE,합성-과제코드,mid,synthetic,1
SYS-2013-0431,CODE,합성-과제코드,mid,synthetic,1
EXP-2022-0470,CODE,합성-과제코드,mid,synthetic,1
MIL-2012-0576,CODE,합성-과제코드,mid,synthetic,1
SYS-2010-0567,CODE,합성-과제코드,mid,synthetic,1
SEC-2014-0556,CODE,합성-과제코드,mid,synthetic,1
MIL-2025-0097,CODE,합성-과제코드,mid,synthetic,1
ROC-2022-0034,CODE,합성-과제코드,mid,synthetic,1
MIL-2025-0467,CODE,합성-과제코드,mid,synthetic,1
TECH-2005-0496,CODE,합성-과제코드,mid,synthetic,1
TECH-2013-0530,CODE,합성-과제코드,mid,synthetic,1
TECH-2023-0312,CODE,합성-과제코드,mid,synthetic,1
SEC-2017-0148,CODE,합성-과제코드,mid,synthetic,1
EXP-2026-0493,CODE,합성-과제코드,mid,synthetic,1
EXP-2006-0406,CODE,합성-과제코드,mid,synthetic,1
SYS-2023-0189,CODE,합성-과제코드,mid,synthetic,1
SYS-2008-0429,CODE,합성-과제코드,mid,synthetic,1
SYS-2023-0508,CODE,합성-과제코드,mid,synthetic,1
PRJ-2007-0572,CODE,합성-과제코드,mid,synthetic,1
TECH-2006-0177,CODE,합성-과제코드,mid,synthetic,1
MIL-2009-0491,CODE,합성-과제코드,mid,synthetic,1
PRJ-2016-0254,CODE,합성-과제코드,mid,synthetic,1
SEC-2010-0338,CODE,합성-과제코드,mid,synthetic,1
SEC-2025-0425,CODE,합성-과제코드,mid,synthetic,1
EXP-2012-0493,CODE,합성-과제코드,mid,synthetic,1
EXP-2006-0030,CODE,합성-과제코드,mid,synthetic,1
MIL-2006-0527,CODE,합성-과제코드,mid,synthetic,1
TECH-2022-0105,CODE,합성-과제코드,mid,synthetic,1
MIL-2019-0555,CODE,합성-과제코드,mid,synthetic,1
SYS-2005-0299,CODE,합성-과제코드,mid,synthetic,1
TECH-2011-0268,CODE,합성-과제코드,mid,synthetic,1
DP-2020-0419,CODE,합성-과제코드,mid,synthetic,1
PRJ-2018-0107,CODE,합성-과제코드,mid,synthetic,1
EXP-2007-0346,CODE,합성-과제코드,mid,synthetic,1
TECH-2013-0505,CODE,합성-과제코드,mid,synthetic,1
DP-2021-0462,CODE,합성-과제코드,mid,synthetic,1
DP-2014-0043,CODE,합성-과제코드,mid,synthetic,1
TECH-2009-0148,CODE,합성-과제코드,mid,synthetic,1
ROC-2019-0010,CODE,합성-과제코드,mid,synthetic,1
MIL-2007-0386,CODE,합성-과제코드,mid,synthetic,1
SYS-2010-0473,CODE,합성-과제코드,mid,synthetic,1
MIL-2017-0144,CODE,합성-과제코드,mid,synthetic,1
DP-2006-0265,CODE,합성-과제코드,mid,synthetic,1
EXP-2026-0555,CODE,합성-과제코드,mid,synthetic,1
ROC-2025-0247,CODE,합성-과제코드,mid,synthetic,1
SEC-2018-0144,CODE,합성-과제코드,mid,synthetic,1
PRJ-2005-0581,CODE,합성-과제코드,mid,synthetic,1
PRJ-2011-0102,CODE,합성-과제코드,mid,synthetic,1
EXP-2025-0133,CODE,합성-과제코드,mid,synthetic,1
PRJ-2006-0584,CODE,합성-과제코드,mid,synthetic,1
EXP-2023-0336,CODE,합성-과제코드,mid,synthetic,1
DP-2019-0241,CODE,합성-과제코드,mid,synthetic,1
SEC-2005-0141,CODE,합성-과제코드,mid,synthetic,1
PRJ-2013-0404,CODE,합성-과제코드,mid,synthetic,1
MIL-2007-0507,CODE,합성-과제코드,mid,synthetic,1
SEC-2022-0120,CODE,합성-과제코드,mid,synthetic,1
PRJ-2005-0436,CODE,합성-과제코드,mid,synthetic,1
MIL-2012-0340,CODE,합성-과제코드,mid,synthetic,1
MIL-2019-0260,CODE,합성-과제코드,mid,synthetic,1
EXP-2016-0338,CODE,합성-과제코드,mid,synthetic,1
SEC-2007-0290,CODE,합성-과제코드,mid,synthetic,1
TECH-2007-0184,CODE,합성-과제코드,mid,synthetic,1
PRJ-2026-0459,CODE,합성-과제코드,mid,synthetic,1
DP-2023-0354,CODE,합성-과제코드,mid,synthetic,1
MIL-2026-0244,CODE,합성-과제코드,mid,synthetic,1
SYS-2016-0533,CODE,합성-과제코드,mid,synthetic,1
ROC-2006-0052,CODE,합성-과제코드,mid,synthetic,1
EXP-2026-0275,CODE,합성-과제코드,mid,synthetic,1
PRJ-2012-0566,CODE,합성-과제코드,mid,synthetic,1
ROC-2021-0464,CODE,합성-과제코드,mid,synthetic,1
SYS-2005-0159,CODE,합성-과제코드,mid,synthetic,1
EXP-2021-0040,CODE,합성-과제코드,mid,synthetic,1
EXP-2023-0580,CODE,합성-과제코드,mid,synthetic,1
SEC-2012-0370,CODE,합성-과제코드,mid,synthetic,1
EXP-2024-0433,CODE,합성-과제코드,mid,synthetic,1
TECH-2010-0482,CODE,합성-과제코드,mid,synthetic,1
SYS-2019-0271,CODE,합성-과제코드,mid,synthetic,1
PRJ-2023-0460,CODE,합성-과제코드,mid,synthetic,1
DP-2011-0362,CODE,합성-과제코드,mid,synthetic,1
ROC-2021-0261,CODE,합성-과제코드,mid,synthetic,1
MIL-2023-0378,CODE,합성-과제코드,mid,synthetic,1
미사일 센서모듈 정비교범,TECH_DOC,합성-체계부품문서,high,synthetic,1
TECH-2005-0458,CODE,합성-과제코드,mid,synthetic,1
DP-2012-0160,CODE,합성-과제코드,mid,synthetic,1
TECH-2013-0061,CODE,합성-과제코드,mid,synthetic,1
DP-2010-0077,CODE,합성-과제코드,mid,synthetic,1
SYS-2008-0121,CODE,합성-과제코드,mid,synthetic,1
TECH-2010-0416,CODE,합성-과제코드,mid,synthetic,1
SEC-2018-0303,CODE,합성-과제코드,mid,synthetic,1
ROC-2023-0194,CODE,합성-과제코드,mid,synthetic,1
DP-2020-0594,CODE,합성-과제코드,mid,synthetic,1
PRJ-2016-0056,CODE,합성-과제코드,mid,synthetic,1
SYS-2023-0365,CODE,합성-과제코드,mid,synthetic,1
SYS-2019-0328,CODE,합성-과제코드,mid,synthetic,1
EXP-2023-0456,CODE,합성-과제코드,mid,synthetic,1
ROC-2005-0227,CODE,합성-과제코드,mid,synthetic,1
SEC-2013-0556,CODE,합성-과제코드,mid,synthetic,1
EXP-2013-0408,CODE,합성-과제코드,mid,synthetic,1
PRJ-2024-0517,CODE,합성-과제코드,mid,synthetic,1
PRJ-2025-0349,CODE,합성-과제코드,mid,synthetic,1
MIL-2018-0292,CODE,합성-과제코드,mid,synthetic,1
SEC-2006-0573,CODE,합성-과제코드,mid,synthetic,1
MIL-2014-0510,CODE,합성-과제코드,mid,synthetic,1
SYS-2011-0357,CODE,합성-과제코드,mid,synthetic,1
SEC-2011-0449,CODE,합성-과제코드,mid,synthetic,1
TECH-2024-0197,CODE,합성-과제코드,mid,synthetic,1
ROC-2015-0484,CODE,합성-과제코드,mid,synthetic,1
대외비 탄약 암호모듈 시험성적서,TECH_DOC,합성-체계부품문서,high,synthetic,1
PRJ-2005-0586,CODE,합성-과제코드,mid,synthetic,1
SYS-2009-0380,CODE,합성-과제코드,mid,synthetic,1
SEC-2015-0359,CODE,합성-과제코드,mid,synthetic,1
SYS-2021-0108,CODE,합성-과제코드,mid,synthetic,1
SYS-2016-0045,CODE,합성-과제코드,mid,synthetic,1
ROC-2023-0134,CODE,합성-과제코드,mid,synthetic,1
ROC-2007-0339,CODE,합성-과제코드,mid,synthetic,1
MIL-2012-0565,CODE,합성-과제코드,mid,synthetic,1
SYS-2022-0389,CODE,합성-과제코드,mid,synthetic,1
SEC-2024-0542,CODE,합성-과제코드,mid,synthetic,1
EXP-2007-0006,CODE,합성-과제코드,mid,synthetic,1
TECH-2013-0550,CODE,합성-과제코드,mid,synthetic,1
PRJ-2015-0532,CODE,합성-과제코드,mid,synthetic,1
PRJ-2024-0333,CODE,합성-과제코드,mid,synthetic,1
EXP-2014-0328,CODE,합성-과제코드,mid,synthetic,1
DP-2019-0163,CODE,합성-과제코드,mid,synthetic,1
ROC-2007-0442,CODE,합성-과제코드,mid,synthetic,1
EXP-2005-0508,CODE,합성-과제코드,mid,synthetic,1
SYS-2017-0039,CODE,합성-과제코드,mid,synthetic,1
EXP-2017-0483,CODE,합성-과제코드,mid,synthetic,1
EXP-2005-0106,CODE,합성-과제코드,mid,synthetic,1
PRJ-2018-0527,CODE,합성-과제코드,mid,synthetic,1
EXP-2025-0038,CODE,합성-과제코드,mid,synthetic,1
MIL-2018-0348,CODE,합성-과제코드,mid,synthetic,1
TECH-2021-0155,CODE,합성-과제코드,mid,synthetic,1
MIL-2014-0528,CODE,합성-과제코드,mid,synthetic,1
TECH-2018-0587,CODE,합성-과제코드,mid,synthetic,1
MIL-2006-0107,CODE,합성-과제코드,mid,synthetic,1
PRJ-2020-0557,CODE,합성-과제코드,mid,synthetic,1
TECH-2020-0431,CODE,합성-과제코드,mid,synthetic,1
SEC-2005-0342,CODE,합성-과제코드,mid,synthetic,1
MIL-2019-0467,CODE,합성-과제코드,mid,synthetic,1
SEC-2010-0363,CODE,합성-과제코드,mid,synthetic,1
TECH-2018-0571,CODE,합성-과제코드,mid,synthetic,1
DP-2009-0244,CODE,합성-과제코드,mid,synthetic,1
EXP-2012-0173,CODE,합성-과제코드,mid,synthetic,1
DP-2009-0129,CODE,합성-과제코드,mid,synthetic,1
ROC-2023-0017,CODE,합성-과제코드,mid,synthetic,1
PRJ-2006-0112,CODE,합성-과제코드,mid,synthetic,1
SEC-2005-0290,CODE,합성-과제코드,mid,synthetic,1
ROC-2020-0307,CODE,합성-과제코드,mid,synthetic,1
DP-2023-0548,CODE,합성-과제코드,mid,synthetic,1
EXP-2007-0040,CODE,합성-과제코드,mid,synthetic,1
EXP-2019-0406,CODE,합성-과제코드,mid,synthetic,1
SYS-2026-0132,CODE,합성-과제코드,mid,synthetic,1
SEC-2021-0298,CODE,합성-과제코드,mid,synthetic,1
EXP-2006-0550,CODE,합성-과제코드,mid,synthetic,1
TECH-2013-0444,CODE,합성-과제코드,mid,synthetic,1
EXP-2007-0150,CODE,합성-과제코드,mid,synthetic,1
ROC-2014-0510,CODE,합성-과제코드,mid,synthetic,1
SEC-2011-0476,CODE,합성-과제코드,mid,synthetic,1
ROC-2018-0451,CODE,합성-과제코드,mid,synthetic,1
EXP-2021-0244,CODE,합성-과제코드,mid,synthetic,1
TECH-2007-0460,CODE,합성-과제코드,mid,synthetic,1
PRJ-2017-0039,CODE,합성-과제코드,mid,synthetic,1
MIL-2018-0080,CODE,합성-과제코드,mid,synthetic,1
DP-2022-0597,CODE,합성-과제코드,mid,synthetic,1
SEC-2010-0589,CODE,합성-과제코드,mid,synthetic,1
ROC-2023-0224,CODE,합성-과제코드,mid,synthetic,1
MIL-2007-0191,CODE,합성-과제코드,mid,synthetic,1
TECH-2007-0524,CODE,합성-과제코드,mid,synthetic,1
SYS-2009-0010,CODE,합성-과제코드,mid,synthetic,1
PRJ-2026-0516,CODE,합성-과제코드,mid,synthetic,1
DP-2005-0095,CODE,합성-과제코드,mid,synthetic,1
TECH-2022-0236,CODE,합성-과제코드,mid,synthetic,1
EXP-2009-0562,CODE,합성-과제코드,mid,synthetic,1
DP-2019-0031,CODE,합성-과제코드,mid,synthetic,1
DP-2015-0520,CODE,합성-과제코드,mid,synthetic,1
PRJ-2025-0201,CODE,합성-과제코드,mid,synthetic,1
ROC-2025-0317,CODE,합성-과제코드,mid,synthetic,1
ROC-2020-0515,CODE,합성-과제코드,mid,synthetic,1
ROC-2011-0099,CODE,합성-과제코드,mid,synthetic,1
DP-2008-0007,CODE,합성-과제코드,mid,synthetic,1
SYS-2017-0493,CODE,합성-과제코드,mid,synthetic,1
DP-2013-0450,CODE,합성-과제코드,mid,synthetic,1
MIL-2016-0118,CODE,합성-과제코드,mid,synthetic,1
ROC-2005-0374,CODE,합성-과제코드,mid,synthetic,1
MIL-2026-0551,CODE,합성-과제코드,mid,synthetic,1
MIL-2020-0450,CODE,합성-과제코드,mid,synthetic,1
ROC-2025-0343,CODE,합성-과제코드,mid,synthetic,1
ROC-2010-0219,CODE,합성-과제코드,mid,synthetic,1
SEC-2012-0514,CODE,합성-과제코드,mid,synthetic,1
EXP-2015-0082,CODE,합성-과제코드,mid,synthetic,1
SYS-2017-0202,CODE,합성-과제코드,mid,synthetic,1
ROC-2019-0298,CODE,합성-과제코드,mid,synthetic,1
ROC-2009-0001,CODE,합성-과제코드,mid,synthetic,1
EXP-2020-0322,CODE,합성-과제코드,mid,synthetic,1
MIL-2023-0186,CODE,합성-과제코드,mid,synthetic,1
MIL-2012-0384,CODE,합성-과제코드,mid,synthetic,1
TECH-2007-0208,CODE,합성-과제코드,mid,synthetic,1
PRJ-2015-0125,CODE,합성-과제코드,mid,synthetic,1
SEC-2016-0252,CODE,합성-과제코드,mid,synthetic,1
SEC-2006-0563,CODE,합성-과제코드,mid,synthetic,1
MIL-2023-0129,CODE,합성-과제코드,mid,synthetic,1
전차 펌웨어 개발계획서,TECH_DOC,합성-체계부품문서,high,synthetic,1
ROC-2021-0359,CODE,합성-과제코드,mid,synthetic,1
DP-2006-0041,CODE,합성-과제코드,mid,synthetic,1
ROC-2013-0426,CODE,합성-과제코드,mid,synthetic,1
MIL-2019-0324,CODE,합성-과제코드,mid,synthetic,1
EXP-2023-0149,CODE,합성-과제코드,mid,synthetic,1
TECH-2005-0203,CODE,합성-과제코드,mid,synthetic,1
TECH-2015-0164,CODE,합성-과제코드,mid,synthetic,1
MIL-2018-0329,CODE,합성-과제코드,mid,synthetic,1
MIL-2024-0243,CODE,합성-과제코드,mid,synthetic,1
TECH-2015-0525,CODE,합성-과제코드,mid,synthetic,1
PRJ-2012-0280,CODE,합성-과제코드,mid,synthetic,1
SYS-2019-0284,CODE,합성-과제코드,mid,synthetic,1
DP-2023-0324,CODE,합성-과제코드,mid,synthetic,1
DP-2013-0230,CODE,합성-과제코드,mid,synthetic,1
DP-2014-0378,CODE,합성-과제코드,mid,synthetic,1
SEC-2024-0553,CODE,합성-과제코드,mid,synthetic,1
SEC-2016-0491,CODE,합성-과제코드,mid,synthetic,1
MIL-2015-0328,CODE,합성-과제코드,mid,synthetic,1
TECH-2011-0500,CODE,합성-과제코드,mid,synthetic,1
PRJ-2013-0472,CODE,합성-과제코드,mid,synthetic,1
MIL-2009-0135,CODE,합성-과제코드,mid,synthetic,1
DP-2023-0120,CODE,합성-과제코드,mid,synthetic,1
PRJ-2013-0490,CODE,합성-과제코드,mid,synthetic,1
SEC-2007-0335,CODE,합성-과제코드,mid,synthetic,1
ROC-2013-0467,CODE,합성-과제코드,mid,synthetic,1
PRJ-2022-0498,CODE,합성-과제코드,mid,synthetic,1
TECH-2018-0080,CODE,합성-과제코드,mid,synthetic,1
DP-2012-0584,CODE,합성-과제코드,mid,synthetic,1
EXP-2010-0564,CODE,합성-과제코드,mid,synthetic,1
위성 탐색기 소스코드,TECH_DOC,합성-체계부품문서,high,synthetic,1
TECH-2011-0058,CODE,합성-과제코드,mid,synthetic,1
DP-2006-0184,CODE,합성-과제코드,mid,synthetic,1
SEC-2012-0116,CODE,합성-과제코드,mid,synthetic,1
ROC-2006-0194,CODE,합성-과제코드,mid,synthetic,1
EXP-2020-0519,CODE,합성-과제코드,mid,synthetic,1
ROC-2026-0161,CODE,합성-과제코드,mid,synthetic,1
SEC-2019-0372,CODE,합성-과제코드,mid,synthetic,1
TECH-2024-0591,CODE,합성-과제코드,mid,synthetic,1
SYS-2022-0310,CODE,합성-과제코드,mid,synthetic,1
EXP-2005-0426,CODE,합성-과제코드,mid,synthetic,1
SEC-2015-0274,CODE,합성-과제코드,mid,synthetic,1
SEC-2022-0230,CODE,합성-과제코드,mid,synthetic,1
EXP-2017-0140,CODE,합성-과제코드,mid,synthetic,1
자주포 센서모듈 소스코드,TECH_DOC,합성-체계부품문서,high,synthetic,1
DP-2012-0434,CODE,합성-과제코드,mid,synthetic,1
DP-2025-0532,CODE,합성-과제코드,mid,synthetic,1
DP-2017-0146,CODE,합성-과제코드,mid,synthetic,1
EXP-2019-0585,CODE,합성-과제코드,mid,synthetic,1
전차 암호모듈 공정도,TECH_DOC,합성-체계부품문서,high,synthetic,1
TECH-2012-0078,CODE,합성-과제코드,mid,synthetic,1
TECH-2009-0529,CODE,합성-과제코드,mid,synthetic,1
TECH-2018-0533,CODE,합성-과제코드,mid,synthetic,1
MIL-2022-0370,CODE,합성-과제코드,mid,synthetic,1
EXP-2023-0256,CODE,합성-과제코드,mid,synthetic,1
EXP-2007-0166,CODE,합성-과제코드,mid,synthetic,1
DP-2026-0503,CODE,합성-과제코드,mid,synthetic,1
MIL-2005-0160,CODE,합성-과제코드,mid,synthetic,1
PRJ-2022-0125,CODE,합성-과제코드,mid,synthetic,1
SYS-2017-0192,CODE,합성-과제코드,mid,synthetic,1
TECH-2009-0559,CODE,합성-과제코드,mid,synthetic,1
EXP-2018-0289,CODE,합성-과제코드,mid,synthetic,1
PRJ-2026-0084,CODE,합성-과제코드,mid,synthetic,1
SEC-2016-0359,CODE,합성-과제코드,mid,synthetic,1
EXP-2006-0201,CODE,합성-과제코드,mid,synthetic,1
PRJ-2018-0205,CODE,합성-과제코드,mid,synthetic,1
ROC-2021-0134,CODE,합성-과제코드,mid,synthetic,1
MIL-2005-0192,CODE,합성-과제코드,mid,synthetic,1
TECH-2009-0439,CODE,합성-과제코드,mid,synthetic,1
PRJ-2017-0127,CODE,합성-과제코드,mid,synthetic,1
TECH-2020-0390,CODE,합성-과제코드,mid,synthetic,1
ROC-2024-0265,CODE,합성-과제코드,mid,synthetic,1
PRJ-2011-0137,CODE,합성-과제코드,mid,synthetic,1
DP-2016-0530,CODE,합성-과제코드,mid,synthetic,1
SEC-2013-0229,CODE,합성-과제코드,mid,synthetic,1
TECH-2021-0106,CODE,합성-과제코드,mid,synthetic,1
SYS-2021-0035,CODE,합성-과제코드,mid,synthetic,1
ROC-2006-0367,CODE,합성-과제코드,mid,synthetic,1
ROC-2019-0068,CODE,합성-과제코드,mid,synthetic,1
SYS-2013-0087,CODE,합성-과제코드,mid,synthetic,1
TECH-2008-0010,CODE,합성-과제코드,mid,synthetic,1
TECH-2023-0382,CODE,합성-과제코드,mid,synthetic,1
SYS-2008-0573,CODE,합성-과제코드,mid,synthetic,1
TECH-2017-0332,CODE,합성-과제코드,mid,synthetic,1
SYS-2019-0477,CODE,합성-과제코드,mid,synthetic,1
EXP-2019-0045,CODE,합성-과제코드,mid,synthetic,1
PRJ-2023-0144,CODE,합성-과제코드,mid,synthetic,1
TECH-2012-0098,CODE,합성-과제코드,mid,synthetic,1
SEC-2018-0442,CODE,합성-과제코드,mid,synthetic,1
TECH-2015-0096,CODE,합성-과제코드,mid,synthetic,1
ROC-2009-0364,CODE,합성-과제코드,mid,synthetic,1
SEC-2011-0450,CODE,합성-과제코드,mid,synthetic,1
SYS-2021-0524,CODE,합성-과제코드,mid,synthetic,1
EXP-2013-0449,CODE,합성-과제코드,mid,synthetic,1
TECH-2024-0388,CODE,합성-과제코드,mid,synthetic,1
EXP-2007-0126,CODE,합성-과제코드,mid,synthetic,1
MIL-2015-0589,CODE,합성-과제코드,mid,synthetic,1
비밀 추진체 전원장치 개발계획서,TECH_DOC,합성-체계부품문서,high,synthetic,1
DP-2005-0121,CODE,합성-과제코드,mid,synthetic,1
TECH-2025-0328,CODE,합성-과제코드,mid,synthetic,1
MIL-2020-0161,CODE,합성-과제코드,mid,synthetic,1
SEC-2022-0178,CODE,합성-과제코드,mid,synthetic,1
MIL-2018-0234,CODE,합성-과제코드,mid,synthetic,1
SEC-2012-0385,CODE,합성-과제코드,mid,synthetic,1
EXP-2010-0108,CODE,합성-과제코드,mid,synthetic,1
MIL-2014-0141,CODE,합성-과제코드,mid,synthetic,1
ROC-2008-0280,CODE,합성-과제코드,mid,synthetic,1
DP-2006-0345,CODE,합성-과제코드,mid,synthetic,1
MIL-2015-0457,CODE,합성-과제코드,mid,synthetic,1
TECH-2019-0161,CODE,합성-과제코드,mid,synthetic,1
ROC-2018-0220,CODE,합성-과제코드,mid,synthetic,1
EXP-2024-0336,CODE,합성-과제코드,mid,synthetic,1
TECH-2017-0406,CODE,합성-과제코드,mid,synthetic,1
SYS-2007-0320,CODE,합성-과제코드,mid,synthetic,1
EXP-2006-0244,CODE,합성-과제코드,mid,synthetic,1
SYS-2006-0146,CODE,합성-과제코드,mid,synthetic,1
ROC-2022-0304,CODE,합성-과제코드,mid,synthetic,1
PRJ-2012-0194,CODE,합성-과제코드,mid,synthetic,1
TECH-2016-0036,CODE,합성-과제코드,mid,synthetic,1
ROC-2008-0365,CODE,합성-과제코드,mid,synthetic,1
SYS-2006-0446,CODE,합성-과제코드,mid,synthetic,1
PRJ-2018-0122,CODE,합성-과제코드,mid,synthetic,1
PRJ-2024-0010,CODE,합성-과제코드,mid,synthetic,1
MIL-2008-0126,CODE,합성-과제코드,mid,synthetic,1
SEC-2011-0262,CODE,합성-과제코드,mid,synthetic,1
ROC-2024-0326,CODE,합성-과제코드,mid,synthetic,1
PRJ-2016-0495,CODE,합성-과제코드,mid,synthetic,1
DP-2017-0076,CODE,합성-과제코드,mid,synthetic,1
SYS-2009-0143,CODE,합성-과제코드,mid,synthetic,1
EXP-2011-0090,CODE,합성-과제코드,mid,synthetic,1
DP-2006-0162,CODE,합성-과제코드,mid,synthetic,1
PRJ-2025-0047,CODE,합성-과제코드,mid,synthetic,1
PRJ-2009-0366,CODE,합성-과제코드,mid,synthetic,1
PRJ-2019-0368,CODE,합성-과제코드,mid,synthetic,1
SEC-2024-0545,CODE,합성-과제코드,mid,synthetic,1
SYS-2006-0291,CODE,합성-과제코드,mid,synthetic,1
DP-2010-0411,CODE,합성-과제코드,mid,synthetic,1
DP-2020-0547,CODE,합성-과제코드,mid,synthetic,1
PRJ-2025-0538,CODE,합성-과제코드,mid,synthetic,1
DP-2020-0297,CODE,합성-과제코드,mid,synthetic,1
TECH-2026-0543,CODE,합성-과제코드,mid,synthetic,1
MIL-2019-0060,CODE,합성-과제코드,mid,synthetic,1
TECH-2010-0335,CODE,합성-과제코드,mid,synthetic,1
MIL-2025-0012,CODE,합성-과제코드,mid,synthetic,1
MIL-2015-0271,CODE,합성-과제코드,mid,synthetic,1
DP-2006-0079,CODE,합성-과제코드,mid,synthetic,1
EXP-2020-0391,CODE,합성-과제코드,mid,synthetic,1
SYS-2005-0283,CODE,합성-과제코드,mid,synthetic,1
SYS-2025-0328,CODE,합성-과제코드,mid,synthetic,1
SEC-2021-0341,CODE,합성-과제코드,mid,synthetic,1
SYS-2020-0467,CODE,합성-과제코드,mid,synthetic,1
SYS-2014-0421,CODE,합성-과제코드,mid,synthetic,1
ROC-2015-0185,CODE,합성-과제코드,mid,synthetic,1
ROC-2021-0585,CODE,합성-과제코드,mid,synthetic,1
MIL-2007-0558,CODE,합성-과제코드,mid,synthetic,1
SYS-2015-0424,CODE,합성-과제코드,mid,synthetic,1
TECH-2006-0181,CODE,합성-과제코드,mid,synthetic,1
SYS-2014-0140,CODE,합성-과제코드,mid,synthetic,1
DP-2010-0378,CODE,합성-과제코드,mid,synthetic,1
TECH-2015-0544,CODE,합성-과제코드,mid,synthetic,1
TECH-2012-0524,CODE,합성-과제코드,mid,synthetic,1
SYS-2013-0114,CODE,합성-과제코드,mid,synthetic,1
DP-2012-0282,CODE,합성-과제코드,mid,synthetic,1
SEC-2009-0370,CODE,합성-과제코드,mid,synthetic,1
ROC-2009-0299,CODE,합성-과제코드,mid,synthetic,1
ROC-2016-0371,CODE,합성-과제코드,mid,synthetic,1
PRJ-2007-0387,CODE,합성-과제코드,mid,synthetic,1
EXP-2019-0310,CODE,합성-과제코드,mid,synthetic,1
SEC-2014-0598,CODE,합성-과제코드,mid,synthetic,1
MIL-2020-0417,CODE,합성-과제코드,mid,synthetic,1
DP-2013-0113,CODE,합성-과제코드,mid,synthetic,1
ROC-2025-0363,CODE,합성-과제코드,mid,synthetic,1
TECH-2005-0149,CODE,합성-과제코드,mid,synthetic,1
EXP-2010-0452,CODE,합성-과제코드,mid,synthetic,1
SYS-2018-0574,CODE,합성-과제코드,mid,synthetic,1
ROC-2015-0324,CODE,합성-과제코드,mid,synthetic,1
SYS-2012-0172,CODE,합성-과제코드,mid,synthetic,1
ROC-2014-0078,CODE,합성-과제코드,mid,synthetic,1
SYS-2008-0276,CODE,합성-과제코드,mid,synthetic,1
TECH-2016-0354,CODE,합성-과제코드,mid,synthetic,1
SYS-2025-0541,CODE,합성-과제코드,mid,synthetic,1
MIL-2010-0535,CODE,합성-과제코드,mid,synthetic,1
TECH-2019-0294,CODE,합성-과제코드,mid,synthetic,1
PRJ-2013-0206,CODE,합성-과제코드,mid,synthetic,1
EXP-2009-0233,CODE,합성-과제코드,mid,synthetic,1
EXP-2021-0333,CODE,합성-과제코드,mid,synthetic,1
DP-2026-0134,CODE,합성-과제코드,mid,synthetic,1
EXP-2012-0103,CODE,합성-과제코드,mid,synthetic,1
SEC-2006-0436,CODE,합성-과제코드,mid,synthetic,1
PRJ-2023-0517,CODE,합성-과제코드,mid,synthetic,1
MIL-2009-0145,CODE,합성-과제코드,mid,synthetic,1
SEC-2009-0361,CODE,합성-과제코드,mid,synthetic,1
DP-2021-0356,CODE,합성-과제코드,mid,synthetic,1
DP-2019-0507,CODE,합성-과제코드,mid,synthetic,1
EXP-2020-0201,CODE,합성-과제코드,mid,synthetic,1
MIL-2014-0522,CODE,합성-과제코드,mid,synthetic,1
SEC-2019-0031,CODE,합성-과제코드,mid,synthetic,1
PRJ-2011-0583,CODE,합성-과제코드,mid,synthetic,1
PRJ-2022-0402,CODE,합성-과제코드,mid,synthetic,1
ROC-2022-0042,CODE,합성-과제코드,mid,synthetic,1
ROC-2018-0580,CODE,합성-과제코드,mid,synthetic,1
PRJ-2008-0221,CODE,합성-과제코드,mid,synthetic,1
PRJ-2009-0311,CODE,합성-과제코드,mid,synthetic,1
SYS-2020-0599,CODE,합성-과제코드,mid,synthetic,1
비밀 장갑 전원장치 시험성적서,TECH_DOC,합성-체계부품문서,high,synthetic,1
DP-2019-0084,CODE,합성-과제코드,mid,synthetic,1
MIL-2013-0066,CODE,합성-과제코드,mid,synthetic,1
PRJ-2017-0463,CODE,합성-과제코드,mid,synthetic,1
TECH-2010-0469,CODE,합성-과제코드,mid,synthetic,1
TECH-2019-0461,CODE,합성-과제코드,mid,synthetic,1
SYS-2016-0086,CODE,합성-과제코드,mid,synthetic,1
ROC-2005-0256,CODE,합성-과제코드,mid,synthetic,1
EXP-2017-0338,CODE,합성-과제코드,mid,synthetic,1
SYS-2010-0230,CODE,합성-과제코드,mid,synthetic,1
MIL-2011-0137,CODE,합성-과제코드,mid,synthetic,1
DP-2007-0321,CODE,합성-과제코드,mid,synthetic,1
SEC-2009-0015,CODE,합성-과제코드,mid,synthetic,1
SEC-2011-0434,CODE,합성-과제코드,mid,synthetic,1
MIL-2021-0227,CODE,합성-과제코드,mid,synthetic,1
TECH-2010-0185,CODE,합성-과제코드,mid,synthetic,1
EXP-2019-0134,CODE,합성-과제코드,mid,synthetic,1
MIL-2015-0571,CODE,합성-과제코드,mid,synthetic,1
PRJ-2018-0507,CODE,합성-과제코드,mid,synthetic,1
TECH-2022-0443,CODE,합성-과제코드,mid,synthetic,1
MIL-2023-0387,CODE,합성-과제코드,mid,synthetic,1
EXP-2007-0097,CODE,합성-과제코드,mid,synthetic,1
ROC-2006-0405,CODE,합성-과제코드,mid,synthetic,1
DP-2015-0159,CODE,합성-과제코드,mid,synthetic,1
EXP-2022-0093,CODE,합성-과제코드,mid,synthetic,1
EXP-2009-0064,CODE,합성-과제코드,mid,synthetic,1
EXP-2021-0467,CODE,합성-과제코드,mid,synthetic,1
EXP-2006-0179,CODE,합성-과제코드,mid,synthetic,1
SEC-2009-0326,CODE,합성-과제코드,mid,synthetic,1
SYS-2006-0459,CODE,합성-과제코드,mid,synthetic,1
ROC-2015-0417,CODE,합성-과제코드,mid,synthetic,1
ROC-2012-0068,CODE,합성-과제코드,mid,synthetic,1
EXP-2008-0436,CODE,합성-과제코드,mid,synthetic,1
MIL-2020-0555,CODE,합성-과제코드,mid,synthetic,1
DP-2010-0162,CODE,합성-과제코드,mid,synthetic,1
EXP-2012-0275,CODE,합성-과제코드,mid,synthetic,1
MIL-2025-0574,CODE,합성-과제코드,mid,synthetic,1
PRJ-2016-0468,CODE,합성-과제코드,mid,synthetic,1
PRJ-2021-0473,CODE,합성-과제코드,mid,synthetic,1
EXP-2013-0126,CODE,합성-과제코드,mid,synthetic,1
DP-2022-0099,CODE,합성-과제코드,mid,synthetic,1
SYS-2025-0433,CODE,합성-과제코드,mid,synthetic,1
MIL-2018-0401,CODE,합성-과제코드,mid,synthetic,1
EXP-2012-0573,CODE,합성-과제코드,mid,synthetic,1
EXP-2022-0463,CODE,합성-과제코드,mid,synthetic,1
PRJ-2021-0326,CODE,합성-과제코드,mid,synthetic,1
SYS-2026-0484,CODE,합성-과제코드,mid,synthetic,1
SEC-2026-0538,CODE,합성-과제코드,mid,synthetic,1
무인기 펌웨어 공정도,TECH_DOC,합성-체계부품문서,high,synthetic,1
MIL-2011-0119,CODE,합성-과제코드,mid,synthetic,1
DP-2015-0256,CODE,합성-과제코드,mid,synthetic,1
PRJ-2006-0310,CODE,합성-과제코드,mid,synthetic,1
DP-2022-0570,CODE,합성-과제코드,mid,synthetic,1
DP-2021-0296,CODE,합성-과제코드,mid,synthetic,1
EXP-2007-0555,CODE,합성-과제코드,mid,synthetic,1
MIL-2017-0555,CODE,합성-과제코드,mid,synthetic,1
방공체계 구동장치 설계도면,TECH_DOC,합성-체계부품문서,high,synthetic,1
PRJ-2016-0134,CODE,합성-과제코드,mid,synthetic,1
SEC-2015-0012,CODE,합성-과제코드,mid,synthetic,1
MIL-2012-0075,CODE,합성-과제코드,mid,synthetic,1
SYS-2023-0472,CODE,합성-과제코드,mid,synthetic,1
DP-2021-0033,CODE,합성-과제코드,mid,synthetic,1
SEC-2009-0592,CODE,합성-과제코드,mid,synthetic,1
MIL-2018-0247,CODE,합성-과제코드,mid,synthetic,1
PRJ-2024-0479,CODE,합성-과제코드,mid,synthetic,1
DP-2019-0332,CODE,합성-과제코드,mid,synthetic,1
MIL-2006-0325,CODE,합성-과제코드,mid,synthetic,1
SYS-2006-0031,CODE,합성-과제코드,mid,synthetic,1
SEC-2021-0233,CODE,합성-과제코드,mid,synthetic,1
DP-2008-0118,CODE,합성-과제코드,mid,synthetic,1
PRJ-2006-0189,CODE,합성-과제코드,mid,synthetic,1
TECH-2013-0239,CODE,합성-과제코드,mid,synthetic,1
DP-2025-0580,CODE,합성-과제코드,mid,synthetic,1
SEC-2025-0139,CODE,합성-과제코드,mid,synthetic,1
EXP-2008-0038,CODE,합성-과제코드,mid,synthetic,1
ROC-2011-0153,CODE,합성-과제코드,mid,synthetic,1
SYS-2021-0417,CODE,합성-과제코드,mid,synthetic,1
SYS-2021-0180,CODE,합성-과제코드,mid,synthetic,1
PRJ-2015-0463,CODE,합성-과제코드,mid,synthetic,1
DP-2005-0282,CODE,합성-과제코드,mid,synthetic,1
비밀 유도무기 열영상장비 구매규격서,TECH_DOC,합성-체계부품문서,high,synthetic,1
PRJ-2022-0393,CODE,합성-과제코드,mid,synthetic,1
EXP-2013-0489,CODE,합성-과제코드,mid,synthetic,1
MIL-2013-0333,CODE,합성-과제코드,mid,synthetic,1
TECH-2006-0187,CODE,합성-과제코드,mid,synthetic,1
DP-2014-0357,CODE,합성-과제코드,mid,synthetic,1
EXP-2013-0161,CODE,합성-과제코드,mid,synthetic,1
SEC-2023-0531,CODE,합성-과제코드,mid,synthetic,1
PRJ-2017-0228,CODE,합성-과제코드,mid,synthetic,1
DP-2024-0179,CODE,합성-과제코드,mid,synthetic,1
SYS-2015-0182,CODE,합성-과제코드,mid,synthetic,1
DP-2023-0432,CODE,합성-과제코드,mid,synthetic,1
PRJ-2020-0108,CODE,합성-과제코드,mid,synthetic,1
SYS-2005-0223,CODE,합성-과제코드,mid,synthetic,1
MIL-2021-0267,CODE,합성-과제코드,mid,synthetic,1
SYS-2023-0436,CODE,합성-과제코드,mid,synthetic,1
MIL-2019-0435,CODE,합성-과제코드,mid,synthetic,1
SEC-2021-0198,CODE,합성-과제코드,mid,synthetic,1
EXP-2016-0391,CODE,합성-과제코드,mid,synthetic,1
SEC-2012-0250,CODE,합성-과제코드,mid,synthetic,1
TECH-2018-0147,CODE,합성-과제코드,mid,synthetic,1
SYS-2014-0450,CODE,합성-과제코드,mid,synthetic,1
PRJ-2023-0231,CODE,합성-과제코드,mid,synthetic,1
PRJ-2010-0094,CODE,합성-과제코드,mid,synthetic,1
EXP-2019-0587,CODE,합성-과제코드,mid,synthetic,1
MIL-2009-0273,CODE,합성-과제코드,mid,synthetic,1
DP-2011-0579,CODE,합성-과제코드,mid,synthetic,1
SYS-2007-0350,CODE,합성-과제코드,mid,synthetic,1
EXP-2022-0418,CODE,합성-과제코드,mid,synthetic,1
SYS-2011-0059,CODE,합성-과제코드,mid,synthetic,1
SEC-2005-0296,CODE,합성-과제코드,mid,synthetic,1
TECH-2007-0130,CODE,합성-과제코드,mid,synthetic,1
SEC-2018-0555,CODE,합성-과제코드,mid,synthetic,1
SEC-2006-0350,CODE,합성-과제코드,mid,synthetic,1
DP-2009-0049,CODE,합성-과제코드,mid,synthetic,1
SYS-2018-0465,CODE,합성-과제코드,mid,synthetic,1
EXP-2019-0420,CODE,합성-과제코드,mid,synthetic,1
PRJ-2022-0260,CODE,합성-과제코드,mid,synthetic,1
ROC-2008-0413,CODE,합성-과제코드,mid,synthetic,1
PRJ-2019-0561,CODE,합성-과제코드,mid,synthetic,1
ROC-2012-0079,CODE,합성-과제코드,mid,synthetic,1
ROC-2009-0246,CODE,합성-과제코드,mid,synthetic,1
함정 암호모듈 설계도면,TECH_DOC,합성-체계부품문서,high,synthetic,1
DP-2009-0412,CODE,합성-과제코드,mid,synthetic,1
EXP-2007-0031,CODE,합성-과제코드,mid,synthetic,1
ROC-2008-0205,CODE,합성-과제코드,mid,synthetic,1
PRJ-2008-0595,CODE,합성-과제코드,mid,synthetic,1
ROC-2020-0457,CODE,합성-과제코드,mid,synthetic,1
PRJ-2018-0378,CODE,합성-과제코드,mid,synthetic,1
PRJ-2009-0205,CODE,합성-과제코드,mid,synthetic,1
SYS-2005-0258,CODE,합성-과제코드,mid,synthetic,1
SEC-2009-0492,CODE,합성-과제코드,mid,synthetic,1
MIL-2017-0490,CODE,합성-과제코드,mid,synthetic,1
ROC-2016-0503,CODE,합성-과제코드,mid,synthetic,1
MIL-2021-0489,CODE,합성-과제코드,mid,synthetic,1
SEC-2013-0178,CODE,합성-과제코드,mid,synthetic,1
SYS-2017-0009,CODE,합성-과제코드,mid,synthetic,1
TECH-2011-0141,CODE,합성-과제코드,mid,synthetic,1
MIL-2007-0197,CODE,합성-과제코드,mid,synthetic,1
SEC-2014-0039,CODE,합성-과제코드,mid,synthetic,1
EXP-2020-0154,CODE,합성-과제코드,mid,synthetic,1
ROC-2017-0552,CODE,합성-과제코드,mid,synthetic,1
TECH-2016-0408,CODE,합성-과제코드,mid,synthetic,1
TECH-2008-0016,CODE,합성-과제코드,mid,synthetic,1
PRJ-2013-0004,CODE,합성-과제코드,mid,synthetic,1
TECH-2021-0415,CODE,합성-과제코드,mid,synthetic,1
EXP-2017-0162,CODE,합성-과제코드,mid,synthetic,1
MIL-2005-0543,CODE,합성-과제코드,mid,synthetic,1
ROC-2016-0206,CODE,합성-과제코드,mid,synthetic,1
SYS-2018-0393,CODE,합성-과제코드,mid,synthetic,1
DP-2005-0400,CODE,합성-과제코드,mid,synthetic,1
MIL-2010-0468,CODE,합성-과제코드,mid,synthetic,1
전투기 펌웨어 공정도,TECH_DOC,합성-체계부품문서,high,synthetic,1
ROC-2025-0541,CODE,합성-과제코드,mid,synthetic,1
SEC-2018-0549,CODE,합성-과제코드,mid,synthetic,1
MIL-2026-0498,CODE,합성-과제코드,mid,synthetic,1
EXP-2022-0133,CODE,합성-과제코드,mid,synthetic,1
MIL-2022-0094,CODE,합성-과제코드,mid,synthetic,1
EXP-2008-0233,CODE,합성-과제코드,mid,synthetic,1
SEC-2023-0392,CODE,합성-과제코드,mid,synthetic,1
ROC-2008-0453,CODE,합성-과제코드,mid,synthetic,1
ROC-2005-0472,CODE,합성-과제코드,mid,synthetic,1
MIL-2010-0432,CODE,합성-과제코드,mid,synthetic,1
ROC-2005-0384,CODE,합성-과제코드,mid,synthetic,1
MIL-2009-0372,CODE,합성-과제코드,mid,synthetic,1
MIL-2018-0303,CODE,합성-과제코드,mid,synthetic,1
TECH-2025-0199,CODE,합성-과제코드,mid,synthetic,1
DP-2007-0577,CODE,합성-과제코드,mid,synthetic,1
ROC-2019-0252,CODE,합성-과제코드,mid,synthetic,1
EXP-2016-0069,CODE,합성-과제코드,mid,synthetic,1
SYS-2007-0439,CODE,합성-과제코드,mid,synthetic,1
EXP-2014-0307,CODE,합성-과제코드,mid,synthetic,1
EXP-2025-0029,CODE,합성-과제코드,mid,synthetic,1
SEC-2012-0271,CODE,합성-과제코드,mid,synthetic,1
ROC-2008-0314,CODE,합성-과제코드,mid,synthetic,1
SEC-2021-0382,CODE,합성-과제코드,mid,synthetic,1
MIL-2022-0186,CODE,합성-과제코드,mid,synthetic,1
SEC-2023-0106,CODE,합성-과제코드,mid,synthetic,1
ROC-2011-0126,CODE,합성-과제코드,mid,synthetic,1
DP-2013-0163,CODE,합성-과제코드,mid,synthetic,1
SYS-2012-0043,CODE,합성-과제코드,mid,synthetic,1
PRJ-2006-0577,CODE,합성-과제코드,mid,synthetic,1
TECH-2005-0020,CODE,합성-과제코드,mid,synthetic,1
ROC-2011-0346,CODE,합성-과제코드,mid,synthetic,1
TECH-2008-0552,CODE,합성-과제코드,mid,synthetic,1
SEC-2005-0447,CODE,합성-과제코드,mid,synthetic,1
EXP-2016-0098,CODE,합성-과제코드,mid,synthetic,1
EXP-2005-0499,CODE,합성-과제코드,mid,synthetic,1
SYS-2021-0402,CODE,합성-과제코드,mid,synthetic,1
MIL-2013-0366,CODE,합성-과제코드,mid,synthetic,1
ROC-2005-0357,CODE,합성-과제코드,mid,synthetic,1
대외비 전투기 탐색기 소스코드,TECH_DOC,합성-체계부품문서,high,synthetic,1
PRJ-2025-0110,CODE,합성-과제코드,mid,synthetic,1
SYS-2023-0482,CODE,합성-과제코드,mid,synthetic,1
EXP-2025-0330,CODE,합성-과제코드,mid,synthetic,1
DP-2006-0551,CODE,합성-과제코드,mid,synthetic,1
EXP-2012-0025,CODE,합성-과제코드,mid,synthetic,1
PRJ-2026-0558,CODE,합성-과제코드,mid,synthetic,1
DP-2022-0102,CODE,합성-과제코드,mid,synthetic,1
SEC-2012-0326,CODE,합성-과제코드,mid,synthetic,1
MIL-2015-0459,CODE,합성-과제코드,mid,synthetic,1
PRJ-2016-0038,CODE,합성-과제코드,mid,synthetic,1
PRJ-2009-0010,CODE,합성-과제코드,mid,synthetic,1
DP-2017-0267,CODE,합성-과제코드,mid,synthetic,1
SEC-2014-0263,CODE,합성-과제코드,mid,synthetic,1
SYS-2005-0046,CODE,합성-과제코드,mid,synthetic,1
SEC-2005-0496,CODE,합성-과제코드,mid,synthetic,1
DP-2012-0153,CODE,합성-과제코드,mid,synthetic,1
SEC-2011-0422,CODE,합성-과제코드,mid,synthetic,1
SEC-2012-0258,CODE,합성-과제코드,mid,synthetic,1
PRJ-2014-0048,CODE,합성-과제코드,mid,synthetic,1
TECH-2005-0454,CODE,합성-과제코드,mid,synthetic,1
SYS-2021-0436,CODE,합성-과제코드,mid,synthetic,1
MIL-2013-0123,CODE,합성-과제코드,mid,synthetic,1
DP-2010-0196,CODE,합성-과제코드,mid,synthetic,1
TECH-2008-0171,CODE,합성-과제코드,mid,synthetic,1
PRJ-2018-0020,CODE,합성-과제코드,mid,synthetic,1
MIL-2018-0036,CODE,합성-과제코드,mid,synthetic,1
TECH-2006-0175,CODE,합성-과제코드,mid,synthetic,1
EXP-2020-0140,CODE,합성-과제코드,mid,synthetic,1
SYS-2025-0514,CODE,합성-과제코드,mid,synthetic,1
SYS-2024-0443,CODE,합성-과제코드,mid,synthetic,1
PRJ-2005-0054,CODE,합성-과제코드,mid,synthetic,1
SEC-2022-0002,CODE,합성-과제코드,mid,synthetic,1
전술통신 시뮬레이터 개발계획서,TECH_DOC,합성-체계부품문서,high,synthetic,1
MIL-2005-0295,CODE,합성-과제코드,mid,synthetic,1
SEC-2005-0450,CODE,합성-과제코드,mid,synthetic,1
EXP-2017-0349,CODE,합성-과제코드,mid,synthetic,1
ROC-2012-0568,CODE,합성-과제코드,mid,synthetic,1
ROC-2008-0078,CODE,합성-과제코드,mid,synthetic,1
EXP-2017-0103,CODE,합성-과제코드,mid,synthetic,1
PRJ-2008-0554,CODE,합성-과제코드,mid,synthetic,1
DP-2026-0570,CODE,합성-과제코드,mid,synthetic,1
TECH-2014-0043,CODE,합성-과제코드,mid,synthetic,1
MIL-2017-0363,CODE,합성-과제코드,mid,synthetic,1
MIL-2015-0272,CODE,합성-과제코드,mid,synthetic,1
PRJ-2007-0408,CODE,합성-과제코드,mid,synthetic,1
PRJ-2011-0022,CODE,합성-과제코드,mid,synthetic,1
SEC-2008-0079,CODE,합성-과제코드,mid,synthetic,1
PRJ-2014-0229,CODE,합성-과제코드,mid,synthetic,1
MIL-2013-0402,CODE,합성-과제코드,mid,synthetic,1
EXP-2023-0360,CODE,합성-과제코드,mid,synthetic,1
ROC-2026-0319,CODE,합성-과제코드,mid,synthetic,1
MIL-2012-0582,CODE,합성-과제코드,mid,synthetic,1
ROC-2014-0260,CODE,합성-과제코드,mid,synthetic,1
SYS-2016-0381,CODE,합성-과제코드,mid,synthetic,1
MIL-2026-0554,CODE,합성-과제코드,mid,synthetic,1
ROC-2023-0325,CODE,합성-과제코드,mid,synthetic,1
EXP-2009-0470,CODE,합성-과제코드,mid,synthetic,1
MIL-2023-0458,CODE,합성-과제코드,mid,synthetic,1
MIL-2010-0079,CODE,합성-과제코드,mid,synthetic,1
ROC-2016-0591,CODE,합성-과제코드,mid,synthetic,1
SEC-2005-0134,CODE,합성-과제코드,mid,synthetic,1
EXP-2016-0240,CODE,합성-과제코드,mid,synthetic,1
DP-2024-0421,CODE,합성-과제코드,mid,synthetic,1
MIL-2011-0208,CODE,합성-과제코드,mid,synthetic,1
MIL-2011-0453,CODE,합성-과제코드,mid,synthetic,1
무인기 추진기관 정비교범,TECH_DOC,합성-체계부품문서,high,synthetic,1
PRJ-2012-0017,CODE,합성-과제코드,mid,synthetic,1
ROC-2025-0229,CODE,합성-과제코드,mid,synthetic,1
EXP-2022-0274,CODE,합성-과제코드,mid,synthetic,1
MIL-2012-0095,CODE,합성-과제코드,mid,synthetic,1
전차 탐색기 공정도,TECH_DOC,합성-체계부품문서,high,synthetic,1
EXP-2023-0134,CODE,합성-과제코드,mid,synthetic,1
MIL-2011-0582,CODE,합성-과제코드,mid,synthetic,1
TECH-2017-0060,CODE,합성-과제코드,mid,synthetic,1
MIL-2009-0483,CODE,합성-과제코드,mid,synthetic,1
TECH-2005-0116,CODE,합성-과제코드,mid,synthetic,1
ROC-2012-0244,CODE,합성-과제코드,mid,synthetic,1
TECH-2015-0086,CODE,합성-과제코드,mid,synthetic,1
SYS-2021-0001,CODE,합성-과제코드,mid,synthetic,1
MIL-2019-0076,CODE,합성-과제코드,mid,synthetic,1
MIL-2006-0306,CODE,합성-과제코드,mid,synthetic,1
SEC-2008-0232,CODE,합성-과제코드,mid,synthetic,1
ROC-2007-0319,CODE,합성-과제코드,mid,synthetic,1
DP-2006-0359,CODE,합성-과제코드,mid,synthetic,1
EXP-2026-0307,CODE,합성-과제코드,mid,synthetic,1
TECH-2020-0060,CODE,합성-과제코드,mid,synthetic,1
MIL-2021-0450,CODE,합성-과제코드,mid,synthetic,1
ROC-2009-0017,CODE,합성-과제코드,mid,synthetic,1
TECH-2005-0019,CODE,합성-과제코드,mid,synthetic,1
EXP-2022-0292,CODE,합성-과제코드,mid,synthetic,1
MIL-2006-0344,CODE,합성-과제코드,mid,synthetic,1
대외비 방공체계 통신모듈 정비교범,TECH_DOC,합성-체계부품문서,high,synthetic,1
ROC-2019-0217,CODE,합성-과제코드,mid,synthetic,1
PRJ-2006-0014,CODE,합성-과제코드,mid,synthetic,1
SEC-2023-0318,CODE,합성-과제코드,mid,synthetic,1
ROC-2019-0552,CODE,합성-과제코드,mid,synthetic,1
SYS-2018-0007,CODE,합성-과제코드,mid,synthetic,1
SYS-2025-0367,CODE,합성-과제코드,mid,synthetic,1
EXP-2022-0595,CODE,합성-과제코드,mid,synthetic,1
ROC-2014-0324,CODE,합성-과제코드,mid,synthetic,1
DP-2013-0349,CODE,합성-과제코드,mid,synthetic,1
ROC-2021-0159,CODE,합성-과제코드,mid,synthetic,1
PRJ-2007-0121,CODE,합성-과제코드,mid,synthetic,1
SEC-2023-0387,CODE,합성-과제코드,mid,synthetic,1
SYS-2016-0480,CODE,합성-과제코드,mid,synthetic,1
MIL-2019-0306,CODE,합성-과제코드,mid,synthetic,1
MIL-2015-0226,CODE,합성-과제코드,mid,synthetic,1
MIL-2021-0025,CODE,합성-과제코드,mid,synthetic,1
SEC-2016-0147,CODE,합성-과제코드,mid,synthetic,1
ROC-2022-0296,CODE,합성-과제코드,mid,synthetic,1
EXP-2006-0498,CODE,합성-과제코드,mid,synthetic,1
SYS-2023-0017,CODE,합성-과제코드,mid,synthetic,1
TECH-2022-0481,CODE,합성-과제코드,mid,synthetic,1
SYS-2011-0083,CODE,합성-과제코드,mid,synthetic,1
TECH-2026-0425,CODE,합성-과제코드,mid,synthetic,1
MIL-2010-0016,CODE,합성-과제코드,mid,synthetic,1
대외비 잠수함 추진기관 소스코드,TECH_DOC,합성-체계부품문서,high,synthetic,1
SEC-2025-0317,CODE,합성-과제코드,mid,synthetic,1
SEC-2008-0545,CODE,합성-과제코드,mid,synthetic,1
PRJ-2022-0495,CODE,합성-과제코드,mid,synthetic,1
PRJ-2019-0311,CODE,합성-과제코드,mid,synthetic,1
SYS-2018-0492,CODE,합성-과제코드,mid,synthetic,1
DP-2010-0563,CODE,합성-과제코드,mid,synthetic,1
ROC-2021-0184,CODE,합성-과제코드,mid,synthetic,1
PRJ-2018-0502,CODE,합성-과제코드,mid,synthetic,1
MIL-2014-0160,CODE,합성-과제코드,mid,synthetic,1
MIL-2005-0534,CODE,합성-과제코드,mid,synthetic,1
SYS-2023-0308,CODE,합성-과제코드,mid,synthetic,1
비밀 방공체계 통신모듈 공정도,TECH_DOC,합성-체계부품문서,high,synthetic,1
DP-2014-0262,CODE,합성-과제코드,mid,synthetic,1
MIL-2013-0594,CODE,합성-과제코드,mid,synthetic,1
EXP-2026-0108,CODE,합성-과제코드,mid,synthetic,1
SEC-2012-0501,CODE,합성-과제코드,mid,synthetic,1
EXP-2020-0458,CODE,합성-과제코드,mid,synthetic,1
MIL-2025-0582,CODE,합성-과제코드,mid,synthetic,1
PRJ-2020-0062,CODE,합성-과제코드,mid,synthetic,1
DP-2026-0526,CODE,합성-과제코드,mid,synthetic,1
EXP-2014-0132,CODE,합성-과제코드,mid,synthetic,1
EXP-2006-0140,CODE,합성-과제코드,mid,synthetic,1
ROC-2007-0354,CODE,합성-과제코드,mid,synthetic,1
SEC-2018-0456,CODE,합성-과제코드,mid,synthetic,1
EXP-2022-0578,CODE,합성-과제코드,mid,synthetic,1
EXP-2026-0589,CODE,합성-과제코드,mid,synthetic,1
PRJ-2019-0053,CODE,합성-과제코드,mid,synthetic,1
TECH-2006-0164,CODE,합성-과제코드,mid,synthetic,1
SEC-2018-0061,CODE,합성-과제코드,mid,synthetic,1
SEC-2007-0365,CODE,합성-과제코드,mid,synthetic,1
MIL-2018-0095,CODE,합성-과제코드,mid,synthetic,1
TECH-2025-0111,CODE,합성-과제코드,mid,synthetic,1
DP-2026-0068,CODE,합성-과제코드,mid,synthetic,1
ROC-2012-0326,CODE,합성-과제코드,mid,synthetic,1
TECH-2022-0565,CODE,합성-과제코드,mid,synthetic,1
DP-2024-0434,CODE,합성-과제코드,mid,synthetic,1
SEC-2022-0348,CODE,합성-과제코드,mid,synthetic,1
PRJ-2012-0484,CODE,합성-과제코드,mid,synthetic,1
EXP-2010-0248,CODE,합성-과제코드,mid,synthetic,1
SYS-2013-0296,CODE,합성-과제코드,mid,synthetic,1
PRJ-2008-0570,CODE,합성-과제코드,mid,synthetic,1
PRJ-2025-0168,CODE,합성-과제코드,mid,synthetic,1
MIL-2010-0536,CODE,합성-과제코드,mid,synthetic,1
PRJ-2010-0499,CODE,합성-과제코드,mid,synthetic,1
TECH-2010-0428,CODE,합성-과제코드,mid,synthetic,1
EXP-2013-0377,CODE,합성-과제코드,mid,synthetic,1
PRJ-2014-0155,CODE,합성-과제코드,mid,synthetic,1
TECH-2018-0521,CODE,합성-과제코드,mid,synthetic,1
SEC-2011-0171,CODE,합성-과제코드,mid,synthetic,1
EXP-2018-0312,CODE,합성-과제코드,mid,synthetic,1
SEC-2005-0289,CODE,합성-과제코드,mid,synthetic,1
DP-2009-0557,CODE,합성-과제코드,mid,synthetic,1
EXP-2017-0226,CODE,합성-과제코드,mid,synthetic,1
SYS-2023-0061,CODE,합성-과제코드,mid,synthetic,1
SYS-2009-0489,CODE,합성-과제코드,mid,synthetic,1
ROC-2008-0323,CODE,합성-과제코드,mid,synthetic,1
SEC-2026-0013,CODE,합성-과제코드,mid,synthetic,1
SYS-2012-0170,CODE,합성-과제코드,mid,synthetic,1
잠수함 제어기 소스코드,TECH_DOC,합성-체계부품문서,high,synthetic,1
PRJ-2008-0354,CODE,합성-과제코드,mid,synthetic,1
ROC-2023-0394,CODE,합성-과제코드,mid,synthetic,1
PRJ-2022-0246,CODE,합성-과제코드,mid,synthetic,1
MIL-2022-0232,CODE,합성-과제코드,mid,synthetic,1
DP-2009-0281,CODE,합성-과제코드,mid,synthetic,1
ROC-2024-0533,CODE,합성-과제코드,mid,synthetic,1
SEC-2012-0125,CODE,합성-과제코드,mid,synthetic,1
PRJ-2020-0450,CODE,합성-과제코드,mid,synthetic,1
SYS-2010-0425,CODE,합성-과제코드,mid,synthetic,1
TECH-2005-0031,CODE,합성-과제코드,mid,synthetic,1
ROC-2014-0041,CODE,합성-과제코드,mid,synthetic,1
TECH-2024-0011,CODE,합성-과제코드,mid,synthetic,1
EXP-2024-0353,CODE,합성-과제코드,mid,synthetic,1
PRJ-2012-0379,CODE,합성-과제코드,mid,synthetic,1
TECH-2019-0546,CODE,합성-과제코드,mid,synthetic,1
SEC-2016-0179,CODE,합성-과제코드,mid,synthetic,1
SEC-2020-0293,CODE,합성-과제코드,mid,synthetic,1
EXP-2022-0478,CODE,합성-과제코드,mid,synthetic,1
EXP-2022-0233,CODE,합성-과제코드,mid,synthetic,1
ROC-2018-0239,CODE,합성-과제코드,mid,synthetic,1
ROC-2007-0194,CODE,합성-과제코드,mid,synthetic,1
DP-2022-0114,CODE,합성-과제코드,mid,synthetic,1
SEC-2016-0206,CODE,합성-과제코드,mid,synthetic,1
TECH-2005-0086,CODE,합성-과제코드,mid,synthetic,1
PRJ-2025-0032,CODE,합성-과제코드,mid,synthetic,1
ROC-2017-0424,CODE,합성-과제코드,mid,synthetic,1
MIL-2019-0503,CODE,합성-과제코드,mid,synthetic,1
TECH-2007-0172,CODE,합성-과제코드,mid,synthetic,1
MIL-2023-0515,CODE,합성-과제코드,mid,synthetic,1
EXP-2013-0234,CODE,합성-과제코드,mid,synthetic,1
DP-2008-0208,CODE,합성-과제코드,mid,synthetic,1
DP-2018-0278,CODE,합성-과제코드,mid,synthetic,1
PRJ-2016-0227,CODE,합성-과제코드,mid,synthetic,1
SYS-2022-0041,CODE,합성-과제코드,mid,synthetic,1
MIL-2015-0164,CODE,합성-과제코드,mid,synthetic,1
TECH-2009-0171,CODE,합성-과제코드,mid,synthetic,1
EXP-2005-0024,CODE,합성-과제코드,mid,synthetic,1
TECH-2011-0059,CODE,합성-과제코드,mid,synthetic,1
SYS-2018-0111,CODE,합성-과제코드,mid,synthetic,1
DP-2013-0586,CODE,합성-과제코드,mid,synthetic,1
DP-2008-0083,CODE,합성-과제코드,mid,synthetic,1
EXP-2026-0558,CODE,합성-과제코드,mid,synthetic,1
EXP-2021-0006,CODE,합성-과제코드,mid,synthetic,1
MIL-2016-0472,CODE,합성-과제코드,mid,synthetic,1
SEC-2012-0086,CODE,합성-과제코드,mid,synthetic,1
PRJ-2014-0337,CODE,합성-과제코드,mid,synthetic,1
MIL-2020-0354,CODE,합성-과제코드,mid,synthetic,1
ROC-2019-0541,CODE,합성-과제코드,mid,synthetic,1
SYS-2016-0420,CODE,합성-과제코드,mid,synthetic,1
ROC-2020-0540,CODE,합성-과제코드,mid,synthetic,1
ROC-2025-0034,CODE,합성-과제코드,mid,synthetic,1
SYS-2016-0202,CODE,합성-과제코드,mid,synthetic,1
TECH-2017-0229,CODE,합성-과제코드,mid,synthetic,1
EXP-2009-0077,CODE,합성-과제코드,mid,synthetic,1
TECH-2012-0123,CODE,합성-과제코드,mid,synthetic,1
SYS-2015-0040,CODE,합성-과제코드,mid,synthetic,1
MIL-2007-0560,CODE,합성-과제코드,mid,synthetic,1
PRJ-2021-0097,CODE,합성-과제코드,mid,synthetic,1
ROC-2018-0171,CODE,합성-과제코드,mid,synthetic,1
DP-2010-0534,CODE,합성-과제코드,mid,synthetic,1
DP-2025-0182,CODE,합성-과제코드,mid,synthetic,1
DP-2026-0274,CODE,합성-과제코드,mid,synthetic,1
MIL-2014-0577,CODE,합성-과제코드,mid,synthetic,1
SYS-2019-0297,CODE,합성-과제코드,mid,synthetic,1
EXP-2011-0037,CODE,합성-과제코드,mid,synthetic,1
MIL-2007-0373,CODE,합성-과제코드,mid,synthetic,1
ROC-2014-0252,CODE,합성-과제코드,mid,synthetic,1
MIL-2013-0513,CODE,합성-과제코드,mid,synthetic,1
EXP-2009-0116,CODE,합성-과제코드,mid,synthetic,1
SYS-2026-0358,CODE,합성-과제코드,mid,synthetic,1
DP-2010-0143,CODE,합성-과제코드,mid,synthetic,1
TECH-2014-0154,CODE,합성-과제코드,mid,synthetic,1
SYS-2026-0546,CODE,합성-과제코드,mid,synthetic,1
ROC-2026-0377,CODE,합성-과제코드,mid,synthetic,1
MIL-2020-0319,CODE,합성-과제코드,mid,synthetic,1
EXP-2006-0161,CODE,합성-과제코드,mid,synthetic,1
EXP-2014-0524,CODE,합성-과제코드,mid,synthetic,1
EXP-2009-0251,CODE,합성-과제코드,mid,synthetic,1
SEC-2012-0075,CODE,합성-과제코드,mid,synthetic,1
SEC-2018-0557,CODE,합성-과제코드,mid,synthetic,1
EXP-2019-0329,CODE,합성-과제코드,mid,synthetic,1
ROC-2014-0096,CODE,합성-과제코드,mid,synthetic,1
SYS-2007-0589,CODE,합성-과제코드,mid,synthetic,1
EXP-2012-0302,CODE,합성-과제코드,mid,synthetic,1
TECH-2015-0136,CODE,합성-과제코드,mid,synthetic,1
DP-2020-0276,CODE,합성-과제코드,mid,synthetic,1
SYS-2010-0391,CODE,합성-과제코드,mid,synthetic,1
TECH-2012-0067,CODE,합성-과제코드,mid,synthetic,1
PRJ-2025-0060,CODE,합성-과제코드,mid,synthetic,1
ROC-2011-0436,CODE,합성-과제코드,mid,synthetic,1
MIL-2020-0297,CODE,합성-과제코드,mid,synthetic,1
전투기 제어기 공정도,TECH_DOC,합성-체계부품문서,high,synthetic,1
MIL-2021-0294,CODE,합성-과제코드,mid,synthetic,1
PRJ-2008-0377,CODE,합성-과제코드,mid,synthetic,1
PRJ-2017-0436,CODE,합성-과제코드,mid,synthetic,1
SEC-2017-0505,CODE,합성-과제코드,mid,synthetic,1
DP-2024-0344,CODE,합성-과제코드,mid,synthetic,1
TECH-2016-0010,CODE,합성-과제코드,mid,synthetic,1
SYS-2010-0278,CODE,합성-과제코드,mid,synthetic,1
ROC-2015-0326,CODE,합성-과제코드,mid,synthetic,1
SYS-2016-0545,CODE,합성-과제코드,mid,synthetic,1
SEC-2007-0023,CODE,합성-과제코드,mid,synthetic,1
SYS-2005-0001,CODE,합성-과제코드,mid,synthetic,1
TECH-2008-0514,CODE,합성-과제코드,mid,synthetic,1
SYS-2021-0227,CODE,합성-과제코드,mid,synthetic,1
SEC-2007-0396,CODE,합성-과제코드,mid,synthetic,1
SYS-2020-0436,CODE,합성-과제코드,mid,synthetic,1
DP-2023-0073,CODE,합성-과제코드,mid,synthetic,1
TECH-2014-0458,CODE,합성-과제코드,mid,synthetic,1
SEC-2014-0532,CODE,합성-과제코드,mid,synthetic,1
SEC-2021-0389,CODE,합성-과제코드,mid,synthetic,1
ROC-2022-0371,CODE,합성-과제코드,mid,synthetic,1
SYS-2017-0416,CODE,합성-과제코드,mid,synthetic,1
PRJ-2016-0574,CODE,합성-과제코드,mid,synthetic,1
DP-2025-0480,CODE,합성-과제코드,mid,synthetic,1
DP-2024-0012,CODE,합성-과제코드,mid,synthetic,1
TECH-2014-0448,CODE,합성-과제코드,mid,synthetic,1
SYS-2019-0519,CODE,합성-과제코드,mid,synthetic,1
ROC-2022-0472,CODE,합성-과제코드,mid,synthetic,1
PRJ-2019-0452,CODE,합성-과제코드,mid,synthetic,1
EXP-2025-0387,CODE,합성-과제코드,mid,synthetic,1
EXP-2011-0456,CODE,합성-과제코드,mid,synthetic,1
DP-2020-0324,CODE,합성-과제코드,mid,synthetic,1
ROC-2014-0025,CODE,합성-과제코드,mid,synthetic,1
PRJ-2009-0430,CODE,합성-과제코드,mid,synthetic,1
DP-2024-0595,CODE,합성-과제코드,mid,synthetic,1
DP-2013-0564,CODE,합성-과제코드,mid,synthetic,1
ROC-2017-0396,CODE,합성-과제코드,mid,synthetic,1
ROC-2017-0016,CODE,합성-과제코드,mid,synthetic,1
ROC-2025-0157,CODE,합성-과제코드,mid,synthetic,1
DP-2005-0072,CODE,합성-과제코드,mid,synthetic,1
ROC-2026-0474,CODE,합성-과제코드,mid,synthetic,1
ROC-2023-0351,CODE,합성-과제코드,mid,synthetic,1
TECH-2022-0330,CODE,합성-과제코드,mid,synthetic,1
SYS-2011-0188,CODE,합성-과제코드,mid,synthetic,1
SYS-2013-0561,CODE,합성-과제코드,mid,synthetic,1
DP-2014-0070,CODE,합성-과제코드,mid,synthetic,1
ROC-2012-0251,CODE,합성-과제코드,mid,synthetic,1
SYS-2011-0282,CODE,합성-과제코드,mid,synthetic,1
EXP-2005-0403,CODE,합성-과제코드,mid,synthetic,1
SEC-2016-0423,CODE,합성-과제코드,mid,synthetic,1
DP-2009-0078,CODE,합성-과제코드,mid,synthetic,1
PRJ-2005-0340,CODE,합성-과제코드,mid,synthetic,1
MIL-2007-0583,CODE,합성-과제코드,mid,synthetic,1
ROC-2006-0195,CODE,합성-과제코드,mid,synthetic,1
MIL-2017-0411,CODE,합성-과제코드,mid,synthetic,1
ROC-2023-0063,CODE,합성-과제코드,mid,synthetic,1
SEC-2022-0270,CODE,합성-과제코드,mid,synthetic,1
PRJ-2011-0275,CODE,합성-과제코드,mid,synthetic,1
EXP-2016-0108,CODE,합성-과제코드,mid,synthetic,1
TECH-2017-0040,CODE,합성-과제코드,mid,synthetic,1
TECH-2010-0065,CODE,합성-과제코드,mid,synthetic,1
ROC-2017-0470,CODE,합성-과제코드,mid,synthetic,1
방공체계 제어기 소스코드,TECH_DOC,합성-체계부품문서,high,synthetic,1
MIL-2017-0158,CODE,합성-과제코드,mid,synthetic,1
DP-2017-0057,CODE,합성-과제코드,mid,synthetic,1
MIL-2006-0234,CODE,합성-과제코드,mid,synthetic,1
MIL-2014-0059,CODE,합성-과제코드,mid,synthetic,1
PRJ-2023-0480,CODE,합성-과제코드,mid,synthetic,1
SYS-2023-0574,CODE,합성-과제코드,mid,synthetic,1
EXP-2022-0295,CODE,합성-과제코드,mid,synthetic,1
ROC-2016-0445,CODE,합성-과제코드,mid,synthetic,1
ROC-2023-0341,CODE,합성-과제코드,mid,synthetic,1
TECH-2014-0596,CODE,합성-과제코드,mid,synthetic,1
비밀 미사일 전원장치 설계도면,TECH_DOC,합성-체계부품문서,high,synthetic,1
ROC-2023-0410,CODE,합성-과제코드,mid,synthetic,1
MIL-2005-0525,CODE,합성-과제코드,mid,synthetic,1
SYS-2021-0490,CODE,합성-과제코드,mid,synthetic,1
SEC-2018-0327,CODE,합성-과제코드,mid,synthetic,1
SYS-2026-0587,CODE,합성-과제코드,mid,synthetic,1
PRJ-2011-0225,CODE,합성-과제코드,mid,synthetic,1
PRJ-2013-0308,CODE,합성-과제코드,mid,synthetic,1
탄약 추진기관 공정도,TECH_DOC,합성-체계부품문서,high,synthetic,1
SEC-2023-0201,CODE,합성-과제코드,mid,synthetic,1
PRJ-2019-0579,CODE,합성-과제코드,mid,synthetic,1
TECH-2022-0386,CODE,합성-과제코드,mid,synthetic,1
TECH-2015-0598,CODE,합성-과제코드,mid,synthetic,1
SYS-2025-0414,CODE,합성-과제코드,mid,synthetic,1
MIL-2024-0114,CODE,합성-과제코드,mid,synthetic,1
MIL-2007-0325,CODE,합성-과제코드,mid,synthetic,1
DP-2005-0429,CODE,합성-과제코드,mid,synthetic,1
ROC-2019-0047,CODE,합성-과제코드,mid,synthetic,1
EXP-2010-0067,CODE,합성-과제코드,mid,synthetic,1
DP-2013-0141,CODE,합성-과제코드,mid,synthetic,1
EXP-2014-0180,CODE,합성-과제코드,mid,synthetic,1
PRJ-2021-0163,CODE,합성-과제코드,mid,synthetic,1
DP-2005-0583,CODE,합성-과제코드,mid,synthetic,1
SEC-2008-0050,CODE,합성-과제코드,mid,synthetic,1
SEC-2025-0143,CODE,합성-과제코드,mid,synthetic,1
ROC-2011-0172,CODE,합성-과제코드,mid,synthetic,1
SYS-2019-0140,CODE,합성-과제코드,mid,synthetic,1
EXP-2018-0284,CODE,합성-과제코드,mid,synthetic,1
DP-2013-0471,CODE,합성-과제코드,mid,synthetic,1
대외비 전투기 구동장치 성능분석자료,TECH_DOC,합성-체계부품문서,high,synthetic,1
ROC-2005-0305,CODE,합성-과제코드,mid,synthetic,1
SEC-2009-0127,CODE,합성-과제코드,mid,synthetic,1
SEC-2017-0420,CODE,합성-과제코드,mid,synthetic,1
MIL-2023-0347,CODE,합성-과제코드,mid,synthetic,1
PRJ-2017-0290,CODE,합성-과제코드,mid,synthetic,1
TECH-2011-0389,CODE,합성-과제코드,mid,synthetic,1
SYS-2023-0403,CODE,합성-과제코드,mid,synthetic,1
ROC-2008-0399,CODE,합성-과제코드,mid,synthetic,1
DP-2024-0574,CODE,합성-과제코드,mid,synthetic,1
ROC-2005-0359,CODE,합성-과제코드,mid,synthetic,1
SYS-2025-0398,CODE,합성-과제코드,mid,synthetic,1
TECH-2023-0555,CODE,합성-과제코드,mid,synthetic,1
DP-2025-0132,CODE,합성-과제코드,mid,synthetic,1
TECH-2012-0399,CODE,합성-과제코드,mid,synthetic,1
SYS-2023-0025,CODE,합성-과제코드,mid,synthetic,1
SEC-2022-0176,CODE,합성-과제코드,mid,synthetic,1
MIL-2021-0034,CODE,합성-과제코드,mid,synthetic,1
EXP-2026-0465,CODE,합성-과제코드,mid,synthetic,1
MIL-2007-0093,CODE,합성-과제코드,mid,synthetic,1
DP-2012-0204,CODE,합성-과제코드,mid,synthetic,1
SEC-2008-0255,CODE,합성-과제코드,mid,synthetic,1
PRJ-2014-0103,CODE,합성-과제코드,mid,synthetic,1
SEC-2013-0215,CODE,합성-과제코드,mid,synthetic,1
SYS-2019-0595,CODE,합성-과제코드,mid,synthetic,1
SYS-2008-0074,CODE,합성-과제코드,mid,synthetic,1
PRJ-2015-0166,CODE,합성-과제코드,mid,synthetic,1
MIL-2021-0306,CODE,합성-과제코드,mid,synthetic,1
DP-2009-0044,CODE,합성-과제코드,mid,synthetic,1
SEC-2007-0476,CODE,합성-과제코드,mid,synthetic,1
EXP-2016-0330,CODE,합성-과제코드,mid,synthetic,1
TECH-2017-0522,CODE,합성-과제코드,mid,synthetic,1
무인기 전원장치 형상관리문서,TECH_DOC,합성-체계부품문서,high,synthetic,1
MIL-2025-0497,CODE,합성-과제코드,mid,synthetic,1
PRJ-2011-0305,CODE,합성-과제코드,mid,synthetic,1
DP-2017-0422,CODE,합성-과제코드,mid,synthetic,1
MIL-2006-0009,CODE,합성-과제코드,mid,synthetic,1
MIL-2024-0309,CODE,합성-과제코드,mid,synthetic,1
MIL-2011-0542,CODE,합성-과제코드,mid,synthetic,1
PRJ-2026-0271,CODE,합성-과제코드,mid,synthetic,1
TECH-2009-0495,CODE,합성-과제코드,mid,synthetic,1
DP-2007-0228,CODE,합성-과제코드,mid,synthetic,1
SYS-2010-0222,CODE,합성-과제코드,mid,synthetic,1
SEC-2006-0375,CODE,합성-과제코드,mid,synthetic,1
SEC-2016-0031,CODE,합성-과제코드,mid,synthetic,1
DP-2019-0478,CODE,합성-과제코드,mid,synthetic,1
TECH-2025-0402,CODE,합성-과제코드,mid,synthetic,1
EXP-2011-0404,CODE,합성-과제코드,mid,synthetic,1
MIL-2010-0483,CODE,합성-과제코드,mid,synthetic,1
TECH-2010-0021,CODE,합성-과제코드,mid,synthetic,1
SEC-2017-0217,CODE,합성-과제코드,mid,synthetic,1
PRJ-2021-0574,CODE,합성-과제코드,mid,synthetic,1
SYS-2021-0327,CODE,합성-과제코드,mid,synthetic,1
PRJ-2021-0263,CODE,합성-과제코드,mid,synthetic,1
SEC-2024-0230,CODE,합성-과제코드,mid,synthetic,1
DP-2024-0062,CODE,합성-과제코드,mid,synthetic,1
PRJ-2012-0150,CODE,합성-과제코드,mid,synthetic,1
SYS-2025-0059,CODE,합성-과제코드,mid,synthetic,1
DP-2017-0576,CODE,합성-과제코드,mid,synthetic,1
SEC-2016-0144,CODE,합성-과제코드,mid,synthetic,1
EXP-2017-0416,CODE,합성-과제코드,mid,synthetic,1
ROC-2025-0504,CODE,합성-과제코드,mid,synthetic,1
PRJ-2014-0336,CODE,합성-과제코드,mid,synthetic,1
SEC-2013-0473,CODE,합성-과제코드,mid,synthetic,1
DP-2017-0197,CODE,합성-과제코드,mid,synthetic,1
EXP-2021-0327,CODE,합성-과제코드,mid,synthetic,1
ROC-2008-0322,CODE,합성-과제코드,mid,synthetic,1
TECH-2026-0506,CODE,합성-과제코드,mid,synthetic,1
SYS-2008-0245,CODE,합성-과제코드,mid,synthetic,1
ROC-2025-0588,CODE,합성-과제코드,mid,synthetic,1
EXP-2010-0098,CODE,합성-과제코드,mid,synthetic,1
EXP-2009-0493,CODE,합성-과제코드,mid,synthetic,1
DP-2012-0582,CODE,합성-과제코드,mid,synthetic,1
EXP-2011-0057,CODE,합성-과제코드,mid,synthetic,1
DP-2018-0151,CODE,합성-과제코드,mid,synthetic,1
SYS-2023-0032,CODE,합성-과제코드,mid,synthetic,1
SEC-2006-0054,CODE,합성-과제코드,mid,synthetic,1
MIL-2007-0388,CODE,합성-과제코드,mid,synthetic,1
PRJ-2023-0575,CODE,합성-과제코드,mid,synthetic,1
PRJ-2026-0005,CODE,합성-과제코드,mid,synthetic,1
DP-2026-0102,CODE,합성-과제코드,mid,synthetic,1
EXP-2006-0165,CODE,합성-과제코드,mid,synthetic,1
TECH-2015-0505,CODE,합성-과제코드,mid,synthetic,1
SYS-2022-0454,CODE,합성-과제코드,mid,synthetic,1
TECH-2023-0195,CODE,합성-과제코드,mid,synthetic,1
ROC-2024-0129,CODE,합성-과제코드,mid,synthetic,1
PRJ-2014-0098,CODE,합성-과제코드,mid,synthetic,1
PRJ-2008-0309,CODE,합성-과제코드,mid,synthetic,1
TECH-2005-0415,CODE,합성-과제코드,mid,synthetic,1
TECH-2016-0473,CODE,합성-과제코드,mid,synthetic,1
EXP-2026-0405,CODE,합성-과제코드,mid,synthetic,1
MIL-2018-0242,CODE,합성-과제코드,mid,synthetic,1
ROC-2014-0338,CODE,합성-과제코드,mid,synthetic,1
PRJ-2019-0291,CODE,합성-과제코드,mid,synthetic,1
MIL-2017-0047,CODE,합성-과제코드,mid,synthetic,1
DP-2015-0482,CODE,합성-과제코드,mid,synthetic,1
DP-2007-0084,CODE,합성-과제코드,mid,synthetic,1
PRJ-2012-0115,CODE,합성-과제코드,mid,synthetic,1
ROC-2019-0142,CODE,합성-과제코드,mid,synthetic,1
MIL-2005-0109,CODE,합성-과제코드,mid,synthetic,1
MIL-2018-0043,CODE,합성-과제코드,mid,synthetic,1
SEC-2016-0320,CODE,합성-과제코드,mid,synthetic,1
SYS-2021-0260,CODE,합성-과제코드,mid,synthetic,1
DP-2021-0377,CODE,합성-과제코드,mid,synthetic,1
DP-2013-0170,CODE,합성-과제코드,mid,synthetic,1
MIL-2008-0533,CODE,합성-과제코드,mid,synthetic,1
SEC-2015-0199,CODE,합성-과제코드,mid,synthetic,1
SYS-2024-0016,CODE,합성-과제코드,mid,synthetic,1
TECH-2020-0295,CODE,합성-과제코드,mid,synthetic,1
PRJ-2007-0506,CODE,합성-과제코드,mid,synthetic,1
EXP-2011-0420,CODE,합성-과제코드,mid,synthetic,1
SYS-2020-0550,CODE,합성-과제코드,mid,synthetic,1
ROC-2005-0299,CODE,합성-과제코드,mid,synthetic,1
TECH-2012-0293,CODE,합성-과제코드,mid,synthetic,1
ROC-2020-0144,CODE,합성-과제코드,mid,synthetic,1
SYS-2006-0558,CODE,합성-과제코드,mid,synthetic,1
TECH-2016-0130,CODE,합성-과제코드,mid,synthetic,1
MIL-2009-0334,CODE,합성-과제코드,mid,synthetic,1
SYS-2017-0242,CODE,합성-과제코드,mid,synthetic,1
PRJ-2015-0440,CODE,합성-과제코드,mid,synthetic,1
SEC-2018-0465,CODE,합성-과제코드,mid,synthetic,1
EXP-2013-0385,CODE,합성-과제코드,mid,synthetic,1
DP-2020-0524,CODE,합성-과제코드,mid,synthetic,1
DP-2017-0172,CODE,합성-과제코드,mid,synthetic,1
SYS-2026-0065,CODE,합성-과제코드,mid,synthetic,1
MIL-2014-0440,CODE,합성-과제코드,mid,synthetic,1
MIL-2020-0494,CODE,합성-과제코드,mid,synthetic,1
SYS-2006-0278,CODE,합성-과제코드,mid,synthetic,1
DP-2015-0585,CODE,합성-과제코드,mid,synthetic,1
EXP-2005-0137,CODE,합성-과제코드,mid,synthetic,1
ROC-2009-0324,CODE,합성-과제코드,mid,synthetic,1
TECH-2017-0452,CODE,합성-과제코드,mid,synthetic,1
PRJ-2018-0566,CODE,합성-과제코드,mid,synthetic,1
TECH-2018-0084,CODE,합성-과제코드,mid,synthetic,1
DP-2020-0364,CODE,합성-과제코드,mid,synthetic,1
ROC-2009-0339,CODE,합성-과제코드,mid,synthetic,1
SEC-2016-0506,CODE,합성-과제코드,mid,synthetic,1
TECH-2016-0514,CODE,합성-과제코드,mid,synthetic,1
PRJ-2008-0387,CODE,합성-과제코드,mid,synthetic,1
TECH-2025-0066,CODE,합성-과제코드,mid,synthetic,1
DP-2015-0295,CODE,합성-과제코드,mid,synthetic,1
SEC-2006-0306,CODE,합성-과제코드,mid,synthetic,1
TECH-2025-0299,CODE,합성-과제코드,mid,synthetic,1
대외비 항법 암호모듈 소스코드,TECH_DOC,합성-체계부품문서,high,synthetic,1
SEC-2007-0519,CODE,합성-과제코드,mid,synthetic,1
SEC-2016-0043,CODE,합성-과제코드,mid,synthetic,1
TECH-2025-0069,CODE,합성-과제코드,mid,synthetic,1
DP-2014-0084,CODE,합성-과제코드,mid,synthetic,1
PRJ-2024-0135,CODE,합성-과제코드,mid,synthetic,1
PRJ-2023-0014,CODE,합성-과제코드,mid,synthetic,1
SYS-2014-0578,CODE,합성-과제코드,mid,synthetic,1
MIL-2022-0298,CODE,합성-과제코드,mid,synthetic,1
SYS-2018-0241,CODE,합성-과제코드,mid,synthetic,1
SYS-2025-0306,CODE,합성-과제코드,mid,synthetic,1
EXP-2013-0026,CODE,합성-과제코드,mid,synthetic,1
ROC-2021-0571,CODE,합성-과제코드,mid,synthetic,1
EXP-2026-0500,CODE,합성-과제코드,mid,synthetic,1
PRJ-2022-0412,CODE,합성-과제코드,mid,synthetic,1
ROC-2006-0467,CODE,합성-과제코드,mid,synthetic,1
PRJ-2005-0205,CODE,합성-과제코드,mid,synthetic,1
TECH-2006-0061,CODE,합성-과제코드,mid,synthetic,1
MIL-2007-0011,CODE,합성-과제코드,mid,synthetic,1
SEC-2025-0137,CODE,합성-과제코드,mid,synthetic,1
MIL-2012-0480,CODE,합성-과제코드,mid,synthetic,1
EXP-2008-0527,CODE,합성-과제코드,mid,synthetic,1
PRJ-2006-0252,CODE,합성-과제코드,mid,synthetic,1
ROC-2026-0001,CODE,합성-과제코드,mid,synthetic,1
DP-2005-0366,CODE,합성-과제코드,mid,synthetic,1
ROC-2013-0575,CODE,합성-과제코드,mid,synthetic,1
MIL-2008-0435,CODE,합성-과제코드,mid,synthetic,1
DP-2018-0574,CODE,합성-과제코드,mid,synthetic,1
PRJ-2012-0129,CODE,합성-과제코드,mid,synthetic,1
DP-2019-0093,CODE,합성-과제코드,mid,synthetic,1
ROC-2022-0430,CODE,합성-과제코드,mid,synthetic,1
EXP-2025-0316,CODE,합성-과제코드,mid,synthetic,1
SYS-2008-0500,CODE,합성-과제코드,mid,synthetic,1
TECH-2020-0310,CODE,합성-과제코드,mid,synthetic,1
PRJ-2026-0199,CODE,합성-과제코드,mid,synthetic,1
EXP-2009-0358,CODE,합성-과제코드,mid,synthetic,1
PRJ-2018-0418,CODE,합성-과제코드,mid,synthetic,1
DP-2011-0092,CODE,합성-과제코드,mid,synthetic,1
TECH-2011-0186,CODE,합성-과제코드,mid,synthetic,1
ROC-2015-0317,CODE,합성-과제코드,mid,synthetic,1
PRJ-2019-0367,CODE,합성-과제코드,mid,synthetic,1
MIL-2017-0491,CODE,합성-과제코드,mid,synthetic,1
PRJ-2017-0295,CODE,합성-과제코드,mid,synthetic,1
DP-2015-0590,CODE,합성-과제코드,mid,synthetic,1
ROC-2008-0367,CODE,합성-과제코드,mid,synthetic,1
ROC-2011-0489,CODE,합성-과제코드,mid,synthetic,1
TECH-2011-0120,CODE,합성-과제코드,mid,synthetic,1
PRJ-2022-0504,CODE,합성-과제코드,mid,synthetic,1
SYS-2005-0594,CODE,합성-과제코드,mid,synthetic,1
SYS-2007-0293,CODE,합성-과제코드,mid,synthetic,1
ROC-2016-0595,CODE,합성-과제코드,mid,synthetic,1
MIL-2014-0509,CODE,합성-과제코드,mid,synthetic,1
ROC-2013-0007,CODE,합성-과제코드,mid,synthetic,1
DP-2008-0353,CODE,합성-과제코드,mid,synthetic,1
SYS-2021-0388,CODE,합성-과제코드,mid,synthetic,1
MIL-2014-0110,CODE,합성-과제코드,mid,synthetic,1
EXP-2012-0376,CODE,합성-과제코드,mid,synthetic,1
PRJ-2015-0419,CODE,합성-과제코드,mid,synthetic,1
EXP-2017-0410,CODE,합성-과제코드,mid,synthetic,1
PRJ-2013-0157,CODE,합성-과제코드,mid,synthetic,1
MIL-2005-0175,CODE,합성-과제코드,mid,synthetic,1
SYS-2016-0160,CODE,합성-과제코드,mid,synthetic,1
SYS-2011-0400,CODE,합성-과제코드,mid,synthetic,1
PRJ-2017-0053,CODE,합성-과제코드,mid,synthetic,1
ROC-2007-0058,CODE,합성-과제코드,mid,synthetic,1
SEC-2006-0073,CODE,합성-과제코드,mid,synthetic,1
PRJ-2011-0236,CODE,합성-과제코드,mid,synthetic,1
SYS-2012-0289,CODE,합성-과제코드,mid,synthetic,1
ROC-2015-0226,CODE,합성-과제코드,mid,synthetic,1
TECH-2018-0493,CODE,합성-과제코드,mid,synthetic,1
EXP-2018-0427,CODE,합성-과제코드,mid,synthetic,1
TECH-2014-0263,CODE,합성-과제코드,mid,synthetic,1
PRJ-2008-0181,CODE,합성-과제코드,mid,synthetic,1
TECH-2025-0545,CODE,합성-과제코드,mid,synthetic,1
DP-2005-0144,CODE,합성-과제코드,mid,synthetic,1
ROC-2009-0206,CODE,합성-과제코드,mid,synthetic,1
MIL-2022-0559,CODE,합성-과제코드,mid,synthetic,1
ROC-2009-0004,CODE,합성-과제코드,mid,synthetic,1
MIL-2023-0229,CODE,합성-과제코드,mid,synthetic,1
ROC-2021-0365,CODE,합성-과제코드,mid,synthetic,1
SEC-2017-0315,CODE,합성-과제코드,mid,synthetic,1
TECH-2009-0312,CODE,합성-과제코드,mid,synthetic,1
DP-2010-0438,CODE,합성-과제코드,mid,synthetic,1
TECH-2015-0212,CODE,합성-과제코드,mid,synthetic,1
대외비 항법 센서모듈 개발계획서,TECH_DOC,합성-체계부품문서,high,synthetic,1
TECH-2019-0554,CODE,합성-과제코드,mid,synthetic,1
MIL-2017-0115,CODE,합성-과제코드,mid,synthetic,1
ROC-2017-0073,CODE,합성-과제코드,mid,synthetic,1
SYS-2022-0032,CODE,합성-과제코드,mid,synthetic,1
MIL-2009-0379,CODE,합성-과제코드,mid,synthetic,1
EXP-2018-0161,CODE,합성-과제코드,mid,synthetic,1
SEC-2024-0192,CODE,합성-과제코드,mid,synthetic,1
ROC-2014-0485,CODE,합성-과제코드,mid,synthetic,1
ROC-2021-0240,CODE,합성-과제코드,mid,synthetic,1
MIL-2007-0031,CODE,합성-과제코드,mid,synthetic,1
SYS-2017-0581,CODE,합성-과제코드,mid,synthetic,1
SEC-2026-0297,CODE,합성-과제코드,mid,synthetic,1
ROC-2024-0450,CODE,합성-과제코드,mid,synthetic,1
EXP-2025-0513,CODE,합성-과제코드,mid,synthetic,1
EXP-2026-0028,CODE,합성-과제코드,mid,synthetic,1
TECH-2021-0368,CODE,합성-과제코드,mid,synthetic,1
PRJ-2006-0440,CODE,합성-과제코드,mid,synthetic,1
SEC-2005-0120,CODE,합성-과제코드,mid,synthetic,1
DP-2017-0325,CODE,합성-과제코드,mid,synthetic,1
TECH-2023-0158,CODE,합성-과제코드,mid,synthetic,1
EXP-2008-0192,CODE,합성-과제코드,mid,synthetic,1
PRJ-2022-0225,CODE,합성-과제코드,mid,synthetic,1
MIL-2016-0061,CODE,합성-과제코드,mid,synthetic,1
TECH-2019-0243,CODE,합성-과제코드,mid,synthetic,1
DP-2022-0322,CODE,합성-과제코드,mid,synthetic,1
DP-2020-0153,CODE,합성-과제코드,mid,synthetic,1
PRJ-2005-0197,CODE,합성-과제코드,mid,synthetic,1
SYS-2018-0036,CODE,합성-과제코드,mid,synthetic,1
MIL-2015-0239,CODE,합성-과제코드,mid,synthetic,1
SEC-2018-0154,CODE,합성-과제코드,mid,synthetic,1
TECH-2020-0341,CODE,합성-과제코드,mid,synthetic,1
MIL-2021-0194,CODE,합성-과제코드,mid,synthetic,1
MIL-2022-0170,CODE,합성-과제코드,mid,synthetic,1
SEC-2024-0438,CODE,합성-과제코드,mid,synthetic,1
EXP-2022-0124,CODE,합성-과제코드,mid,synthetic,1
EXP-2017-0084,CODE,합성-과제코드,mid,synthetic,1
DP-2026-0004,CODE,합성-과제코드,mid,synthetic,1
SYS-2006-0258,CODE,합성-과제코드,mid,synthetic,1
PRJ-2024-0444,CODE,합성-과제코드,mid,synthetic,1
EXP-2023-0222,CODE,합성-과제코드,mid,synthetic,1
TECH-2015-0023,CODE,합성-과제코드,mid,synthetic,1
SEC-2025-0197,CODE,합성-과제코드,mid,synthetic,1
지휘통제 탐색기 제조사양서,TECH_DOC,합성-체계부품문서,high,synthetic,1
EXP-2026-0362,CODE,합성-과제코드,mid,synthetic,1
SEC-2006-0006,CODE,합성-과제코드,mid,synthetic,1
TECH-2017-0556,CODE,합성-과제코드,mid,synthetic,1
SEC-2024-0359,CODE,합성-과제코드,mid,synthetic,1
ROC-2017-0078,CODE,합성-과제코드,mid,synthetic,1
SYS-2016-0436,CODE,합성-과제코드,mid,synthetic,1
PRJ-2008-0348,CODE,합성-과제코드,mid,synthetic,1
MIL-2009-0432,CODE,합성-과제코드,mid,synthetic,1
SYS-2015-0370,CODE,합성-과제코드,mid,synthetic,1
EXP-2025-0338,CODE,합성-과제코드,mid,synthetic,1
ROC-2009-0582,CODE,합성-과제코드,mid,synthetic,1
PRJ-2026-0266,CODE,합성-과제코드,mid,synthetic,1
ROC-2006-0452,CODE,합성-과제코드,mid,synthetic,1
TECH-2015-0359,CODE,합성-과제코드,mid,synthetic,1
EXP-2006-0529,CODE,합성-과제코드,mid,synthetic,1
MIL-2011-0013,CODE,합성-과제코드,mid,synthetic,1
SYS-2012-0353,CODE,합성-과제코드,mid,synthetic,1
SYS-2013-0335,CODE,합성-과제코드,mid,synthetic,1
SYS-2022-0081,CODE,합성-과제코드,mid,synthetic,1
SYS-2021-0497,CODE,합성-과제코드,mid,synthetic,1
ROC-2006-0349,CODE,합성-과제코드,mid,synthetic,1
PRJ-2020-0046,CODE,합성-과제코드,mid,synthetic,1
MIL-2011-0301,CODE,합성-과제코드,mid,synthetic,1
SYS-2019-0578,CODE,합성-과제코드,mid,synthetic,1
TECH-2009-0562,CODE,합성-과제코드,mid,synthetic,1
DP-2024-0476,CODE,합성-과제코드,mid,synthetic,1
EXP-2023-0136,CODE,합성-과제코드,mid,synthetic,1
TECH-2006-0387,CODE,합성-과제코드,mid,synthetic,1
TECH-2021-0591,CODE,합성-과제코드,mid,synthetic,1
SEC-2018-0096,CODE,합성-과제코드,mid,synthetic,1
MIL-2026-0496,CODE,합성-과제코드,mid,synthetic,1
ROC-2018-0054,CODE,합성-과제코드,mid,synthetic,1
EXP-2008-0363,CODE,합성-과제코드,mid,synthetic,1
MIL-2013-0253,CODE,합성-과제코드,mid,synthetic,1
SEC-2005-0137,CODE,합성-과제코드,mid,synthetic,1
TECH-2008-0146,CODE,합성-과제코드,mid,synthetic,1
EXP-2016-0494,CODE,합성-과제코드,mid,synthetic,1
SYS-2024-0386,CODE,합성-과제코드,mid,synthetic,1
PRJ-2007-0492,CODE,합성-과제코드,mid,synthetic,1
TECH-2018-0548,CODE,합성-과제코드,mid,synthetic,1
ROC-2009-0021,CODE,합성-과제코드,mid,synthetic,1
EXP-2015-0278,CODE,합성-과제코드,mid,synthetic,1
EXP-2006-0192,CODE,합성-과제코드,mid,synthetic,1
MIL-2026-0518,CODE,합성-과제코드,mid,synthetic,1
DP-2013-0202,CODE,합성-과제코드,mid,synthetic,1
SYS-2007-0282,CODE,합성-과제코드,mid,synthetic,1
SYS-2021-0589,CODE,합성-과제코드,mid,synthetic,1
SYS-2018-0013,CODE,합성-과제코드,mid,synthetic,1
PRJ-2016-0166,CODE,합성-과제코드,mid,synthetic,1
DP-2006-0427,CODE,합성-과제코드,mid,synthetic,1
TECH-2020-0200,CODE,합성-과제코드,mid,synthetic,1
DP-2022-0383,CODE,합성-과제코드,mid,synthetic,1
SEC-2007-0200,CODE,합성-과제코드,mid,synthetic,1
MIL-2017-0429,CODE,합성-과제코드,mid,synthetic,1
EXP-2021-0478,CODE,합성-과제코드,mid,synthetic,1
대외비 유도무기 센서모듈 공정도,TECH_DOC,합성-체계부품문서,high,synthetic,1
SYS-2005-0021,CODE,합성-과제코드,mid,synthetic,1
TECH-2006-0180,CODE,합성-과제코드,mid,synthetic,1
ROC-2020-0491,CODE,합성-과제코드,mid,synthetic,1
ROC-2013-0387,CODE,합성-과제코드,mid,synthetic,1
TECH-2011-0223,CODE,합성-과제코드,mid,synthetic,1
SYS-2025-0463,CODE,합성-과제코드,mid,synthetic,1
DP-2013-0426,CODE,합성-과제코드,mid,synthetic,1
MIL-2014-0230,CODE,합성-과제코드,mid,synthetic,1
EXP-2021-0454,CODE,합성-과제코드,mid,synthetic,1
ROC-2009-0308,CODE,합성-과제코드,mid,synthetic,1
MIL-2020-0294,CODE,합성-과제코드,mid,synthetic,1
PRJ-2020-0369,CODE,합성-과제코드,mid,synthetic,1
SYS-2020-0517,CODE,합성-과제코드,mid,synthetic,1
TECH-2019-0516,CODE,합성-과제코드,mid,synthetic,1
ROC-2019-0381,CODE,합성-과제코드,mid,synthetic,1
EXP-2005-0389,CODE,합성-과제코드,mid,synthetic,1
SEC-2016-0431,CODE,합성-과제코드,mid,synthetic,1
DP-2022-0108,CODE,합성-과제코드,mid,synthetic,1
TECH-2026-0371,CODE,합성-과제코드,mid,synthetic,1
장갑 제어기 제조사양서,TECH_DOC,합성-체계부품문서,high,synthetic,1
ROC-2007-0590,CODE,합성-과제코드,mid,synthetic,1
PRJ-2021-0322,CODE,합성-과제코드,mid,synthetic,1
PRJ-2016-0113,CODE,합성-과제코드,mid,synthetic,1
ROC-2005-0228,CODE,합성-과제코드,mid,synthetic,1
DP-2017-0547,CODE,합성-과제코드,mid,synthetic,1
MIL-2017-0278,CODE,합성-과제코드,mid,synthetic,1
MIL-2011-0065,CODE,합성-과제코드,mid,synthetic,1
SEC-2026-0088,CODE,합성-과제코드,mid,synthetic,1
SEC-2021-0540,CODE,합성-과제코드,mid,synthetic,1
ROC-2006-0541,CODE,합성-과제코드,mid,synthetic,1
ROC-2026-0253,CODE,합성-과제코드,mid,synthetic,1
MIL-2017-0229,CODE,합성-과제코드,mid,synthetic,1
TECH-2019-0105,CODE,합성-과제코드,mid,synthetic,1
MIL-2010-0261,CODE,합성-과제코드,mid,synthetic,1
ROC-2005-0518,CODE,합성-과제코드,mid,synthetic,1
PRJ-2016-0410,CODE,합성-과제코드,mid,synthetic,1
SEC-2019-0345,CODE,합성-과제코드,mid,synthetic,1
SYS-2006-0235,CODE,합성-과제코드,mid,synthetic,1
SEC-2023-0430,CODE,합성-과제코드,mid,synthetic,1
EXP-2011-0358,CODE,합성-과제코드,mid,synthetic,1
PRJ-2008-0450,CODE,합성-과제코드,mid,synthetic,1
SEC-2009-0041,CODE,합성-과제코드,mid,synthetic,1
SYS-2025-0569,CODE,합성-과제코드,mid,synthetic,1
MIL-2014-0407,CODE,합성-과제코드,mid,synthetic,1
PRJ-2021-0434,CODE,합성-과제코드,mid,synthetic,1
SEC-2007-0361,CODE,합성-과제코드,mid,synthetic,1
SEC-2019-0434,CODE,합성-과제코드,mid,synthetic,1
SYS-2015-0488,CODE,합성-과제코드,mid,synthetic,1
추진체 신호처리기 정비교범,TECH_DOC,합성-체계부품문서,high,synthetic,1
MIL-2005-0429,CODE,합성-과제코드,mid,synthetic,1
PRJ-2008-0073,CODE,합성-과제코드,mid,synthetic,1
EXP-2026-0207,CODE,합성-과제코드,mid,synthetic,1
MIL-2022-0437,CODE,합성-과제코드,mid,synthetic,1
EXP-2022-0083,CODE,합성-과제코드,mid,synthetic,1
TECH-2011-0358,CODE,합성-과제코드,mid,synthetic,1
DP-2019-0440,CODE,합성-과제코드,mid,synthetic,1
PRJ-2009-0109,CODE,합성-과제코드,mid,synthetic,1
ROC-2020-0419,CODE,합성-과제코드,mid,synthetic,1
TECH-2021-0562,CODE,합성-과제코드,mid,synthetic,1
ROC-2008-0347,CODE,합성-과제코드,mid,synthetic,1
TECH-2021-0499,CODE,합성-과제코드,mid,synthetic,1
TECH-2022-0485,CODE,합성-과제코드,mid,synthetic,1
PRJ-2017-0382,CODE,합성-과제코드,mid,synthetic,1
SEC-2020-0048,CODE,합성-과제코드,mid,synthetic,1
EXP-2025-0410,CODE,합성-과제코드,mid,synthetic,1
ROC-2008-0038,CODE,합성-과제코드,mid,synthetic,1
SEC-2005-0250,CODE,합성-과제코드,mid,synthetic,1
EXP-2017-0370,CODE,합성-과제코드,mid,synthetic,1
EXP-2005-0433,CODE,합성-과제코드,mid,synthetic,1
ROC-2013-0315,CODE,합성-과제코드,mid,synthetic,1
EXP-2011-0298,CODE,합성-과제코드,mid,synthetic,1
DP-2019-0464,CODE,합성-과제코드,mid,synthetic,1
SEC-2013-0245,CODE,합성-과제코드,mid,synthetic,1
EXP-2022-0039,CODE,합성-과제코드,mid,synthetic,1
PRJ-2013-0204,CODE,합성-과제코드,mid,synthetic,1
SYS-2026-0107,CODE,합성-과제코드,mid,synthetic,1
DP-2022-0408,CODE,합성-과제코드,mid,synthetic,1
EXP-2007-0008,CODE,합성-과제코드,mid,synthetic,1
DP-2023-0422,CODE,합성-과제코드,mid,synthetic,1
SEC-2005-0214,CODE,합성-과제코드,mid,synthetic,1
EXP-2009-0580,CODE,합성-과제코드,mid,synthetic,1
SEC-2012-0303,CODE,합성-과제코드,mid,synthetic,1
ROC-2011-0445,CODE,합성-과제코드,mid,synthetic,1
PRJ-2024-0067,CODE,합성-과제코드,mid,synthetic,1
TECH-2010-0321,CODE,합성-과제코드,mid,synthetic,1
MIL-2017-0290,CODE,합성-과제코드,mid,synthetic,1
DP-2015-0234,CODE,합성-과제코드,mid,synthetic,1
MIL-2015-0140,CODE,합성-과제코드,mid,synthetic,1
SYS-2019-0446,CODE,합성-과제코드,mid,synthetic,1
SYS-2015-0137,CODE,합성-과제코드,mid,synthetic,1
PRJ-2026-0148,CODE,합성-과제코드,mid,synthetic,1
ROC-2008-0290,CODE,합성-과제코드,mid,synthetic,1
비밀 탄약 냉각장치 정비교범,TECH_DOC,합성-체계부품문서,high,synthetic,1
SEC-2009-0551,CODE,합성-과제코드,mid,synthetic,1
TECH-2009-0164,CODE,합성-과제코드,mid,synthetic,1
SEC-2023-0533,CODE,합성-과제코드,mid,synthetic,1
EXP-2005-0443,CODE,합성-과제코드,mid,synthetic,1
대외비 무인기 시험장비 소스코드,TECH_DOC,합성-체계부품문서,high,synthetic,1
EXP-2019-0155,CODE,합성-과제코드,mid,synthetic,1
MIL-2016-0532,CODE,합성-과제코드,mid,synthetic,1
PRJ-2020-0113,CODE,합성-과제코드,mid,synthetic,1
TECH-2023-0296,CODE,합성-과제코드,mid,synthetic,1
ROC-2014-0341,CODE,합성-과제코드,mid,synthetic,1
SEC-2021-0364,CODE,합성-과제코드,mid,synthetic,1
TECH-2012-0361,CODE,합성-과제코드,mid,synthetic,1
TECH-2008-0523,CODE,합성-과제코드,mid,synthetic,1
MIL-2021-0572,CODE,합성-과제코드,mid,synthetic,1
TECH-2014-0470,CODE,합성-과제코드,mid,synthetic,1
MIL-2024-0345,CODE,합성-과제코드,mid,synthetic,1
DP-2017-0248,CODE,합성-과제코드,mid,synthetic,1
DP-2014-0334,CODE,합성-과제코드,mid,synthetic,1
SEC-2023-0213,CODE,합성-과제코드,mid,synthetic,1
EXP-2009-0063,CODE,합성-과제코드,mid,synthetic,1
ROC-2018-0179,CODE,합성-과제코드,mid,synthetic,1
TECH-2026-0051,CODE,합성-과제코드,mid,synthetic,1
MIL-2022-0051,CODE,합성-과제코드,mid,synthetic,1
DP-2008-0341,CODE,합성-과제코드,mid,synthetic,1
EXP-2010-0140,CODE,합성-과제코드,mid,synthetic,1
TECH-2017-0092,CODE,합성-과제코드,mid,synthetic,1
ROC-2010-0483,CODE,합성-과제코드,mid,synthetic,1
MIL-2005-0266,CODE,합성-과제코드,mid,synthetic,1
ROC-2026-0396,CODE,합성-과제코드,mid,synthetic,1
MIL-2014-0568,CODE,합성-과제코드,mid,synthetic,1
PRJ-2013-0595,CODE,합성-과제코드,mid,synthetic,1
ROC-2024-0137,CODE,합성-과제코드,mid,synthetic,1
EXP-2010-0253,CODE,합성-과제코드,mid,synthetic,1
SEC-2008-0341,CODE,합성-과제코드,mid,synthetic,1
PRJ-2010-0385,CODE,합성-과제코드,mid,synthetic,1
PRJ-2016-0184,CODE,합성-과제코드,mid,synthetic,1
EXP-2005-0546,CODE,합성-과제코드,mid,synthetic,1
TECH-2024-0455,CODE,합성-과제코드,mid,synthetic,1
ROC-2010-0331,CODE,합성-과제코드,mid,synthetic,1
TECH-2017-0159,CODE,합성-과제코드,mid,synthetic,1
DP-2012-0538,CODE,합성-과제코드,mid,synthetic,1
EXP-2021-0349,CODE,합성-과제코드,mid,synthetic,1
EXP-2018-0252,CODE,합성-과제코드,mid,synthetic,1
DP-2024-0281,CODE,합성-과제코드,mid,synthetic,1
SYS-2007-0301,CODE,합성-과제코드,mid,synthetic,1
ROC-2009-0040,CODE,합성-과제코드,mid,synthetic,1
PRJ-2019-0425,CODE,합성-과제코드,mid,synthetic,1
PRJ-2023-0203,CODE,합성-과제코드,mid,synthetic,1
SYS-2022-0306,CODE,합성-과제코드,mid,synthetic,1
비밀 헬기 시험장비 공정도,TECH_DOC,합성-체계부품문서,high,synthetic,1
ROC-2023-0148,CODE,합성-과제코드,mid,synthetic,1
MIL-2014-0471,CODE,합성-과제코드,mid,synthetic,1
DP-2022-0162,CODE,합성-과제코드,mid,synthetic,1
ROC-2026-0157,CODE,합성-과제코드,mid,synthetic,1
SYS-2024-0272,CODE,합성-과제코드,mid,synthetic,1
DP-2021-0477,CODE,합성-과제코드,mid,synthetic,1
TECH-2025-0030,CODE,합성-과제코드,mid,synthetic,1
MIL-2024-0440,CODE,합성-과제코드,mid,synthetic,1
EXP-2015-0545,CODE,합성-과제코드,mid,synthetic,1
MIL-2006-0080,CODE,합성-과제코드,mid,synthetic,1
PRJ-2016-0340,CODE,합성-과제코드,mid,synthetic,1
SYS-2026-0585,CODE,합성-과제코드,mid,synthetic,1
PRJ-2019-0211,CODE,합성-과제코드,mid,synthetic,1
DP-2026-0008,CODE,합성-과제코드,mid,synthetic,1
SEC-2011-0090,CODE,합성-과제코드,mid,synthetic,1
PRJ-2015-0322,CODE,합성-과제코드,mid,synthetic,1
ROC-2015-0488,CODE,합성-과제코드,mid,synthetic,1
EXP-2019-0499,CODE,합성-과제코드,mid,synthetic,1
PRJ-2021-0394,CODE,합성-과제코드,mid,synthetic,1
MIL-2018-0177,CODE,합성-과제코드,mid,synthetic,1
MIL-2025-0372,CODE,합성-과제코드,mid,synthetic,1
PRJ-2005-0358,CODE,합성-과제코드,mid,synthetic,1
TECH-2022-0539,CODE,합성-과제코드,mid,synthetic,1
TECH-2018-0450,CODE,합성-과제코드,mid,synthetic,1
ROC-2009-0524,CODE,합성-과제코드,mid,synthetic,1
MIL-2021-0137,CODE,합성-과제코드,mid,synthetic,1
EXP-2016-0361,CODE,합성-과제코드,mid,synthetic,1
EXP-2015-0510,CODE,합성-과제코드,mid,synthetic,1
SYS-2017-0575,CODE,합성-과제코드,mid,synthetic,1
ROC-2025-0581,CODE,합성-과제코드,mid,synthetic,1
TECH-2007-0297,CODE,합성-과제코드,mid,synthetic,1
SYS-2025-0246,CODE,합성-과제코드,mid,synthetic,1
DP-2018-0085,CODE,합성-과제코드,mid,synthetic,1
SEC-2009-0556,CODE,합성-과제코드,mid,synthetic,1
DP-2021-0487,CODE,합성-과제코드,mid,synthetic,1
TECH-2008-0135,CODE,합성-과제코드,mid,synthetic,1
DP-2022-0535,CODE,합성-과제코드,mid,synthetic,1
SEC-2009-0363,CODE,합성-과제코드,mid,synthetic,1
DP-2017-0196,CODE,합성-과제코드,mid,synthetic,1
ROC-2005-0074,CODE,합성-과제코드,mid,synthetic,1
ROC-2006-0183,CODE,합성-과제코드,mid,synthetic,1
ROC-2021-0232,CODE,합성-과제코드,mid,synthetic,1
DP-2023-0069,CODE,합성-과제코드,mid,synthetic,1
MIL-2006-0217,CODE,합성-과제코드,mid,synthetic,1
MIL-2012-0088,CODE,합성-과제코드,mid,synthetic,1
SYS-2024-0179,CODE,합성-과제코드,mid,synthetic,1
ROC-2009-0560,CODE,합성-과제코드,mid,synthetic,1
EXP-2015-0475,CODE,합성-과제코드,mid,synthetic,1
TECH-2007-0019,CODE,합성-과제코드,mid,synthetic,1
MIL-2010-0262,CODE,합성-과제코드,mid,synthetic,1
MIL-2021-0024,CODE,합성-과제코드,mid,synthetic,1
TECH-2017-0007,CODE,합성-과제코드,mid,synthetic,1
EXP-2018-0570,CODE,합성-과제코드,mid,synthetic,1
PRJ-2011-0350,CODE,합성-과제코드,mid,synthetic,1
TECH-2017-0111,CODE,합성-과제코드,mid,synthetic,1
TECH-2015-0586,CODE,합성-과제코드,mid,synthetic,1
SYS-2026-0438,CODE,합성-과제코드,mid,synthetic,1
MIL-2009-0060,CODE,합성-과제코드,mid,synthetic,1
SYS-2018-0219,CODE,합성-과제코드,mid,synthetic,1
EXP-2022-0126,CODE,합성-과제코드,mid,synthetic,1
SEC-2017-0585,CODE,합성-과제코드,mid,synthetic,1
PRJ-2013-0213,CODE,합성-과제코드,mid,synthetic,1
ROC-2021-0487,CODE,합성-과제코드,mid,synthetic,1
SYS-2016-0134,CODE,합성-과제코드,mid,synthetic,1
SYS-2023-0298,CODE,합성-과제코드,mid,synthetic,1
SEC-2024-0585,CODE,합성-과제코드,mid,synthetic,1
PRJ-2008-0067,CODE,합성-과제코드,mid,synthetic,1
TECH-2022-0111,CODE,합성-과제코드,mid,synthetic,1
EXP-2006-0145,CODE,합성-과제코드,mid,synthetic,1
ROC-2017-0161,CODE,합성-과제코드,mid,synthetic,1
EXP-2015-0456,CODE,합성-과제코드,mid,synthetic,1
EXP-2017-0134,CODE,합성-과제코드,mid,synthetic,1
SEC-2026-0024,CODE,합성-과제코드,mid,synthetic,1
SYS-2005-0281,CODE,합성-과제코드,mid,synthetic,1
ROC-2023-0418,CODE,합성-과제코드,mid,synthetic,1
SEC-2009-0408,CODE,합성-과제코드,mid,synthetic,1
PRJ-2026-0054,CODE,합성-과제코드,mid,synthetic,1
PRJ-2024-0034,CODE,합성-과제코드,mid,synthetic,1
SYS-2026-0047,CODE,합성-과제코드,mid,synthetic,1
DP-2017-0326,CODE,합성-과제코드,mid,synthetic,1
ROC-2020-0158,CODE,합성-과제코드,mid,synthetic,1
SEC-2009-0567,CODE,합성-과제코드,mid,synthetic,1
EXP-2015-0512,CODE,합성-과제코드,mid,synthetic,1
DP-2019-0303,CODE,합성-과제코드,mid,synthetic,1
TECH-2024-0562,CODE,합성-과제코드,mid,synthetic,1
TECH-2023-0473,CODE,합성-과제코드,mid,synthetic,1
EXP-2008-0144,CODE,합성-과제코드,mid,synthetic,1
DP-2005-0146,CODE,합성-과제코드,mid,synthetic,1
DP-2025-0226,CODE,합성-과제코드,mid,synthetic,1
EXP-2022-0010,CODE,합성-과제코드,mid,synthetic,1
SYS-2021-0219,CODE,합성-과제코드,mid,synthetic,1
SYS-2026-0320,CODE,합성-과제코드,mid,synthetic,1
SEC-2020-0503,CODE,합성-과제코드,mid,synthetic,1
DP-2017-0447,CODE,합성-과제코드,mid,synthetic,1
SYS-2020-0444,CODE,합성-과제코드,mid,synthetic,1
SYS-2024-0257,CODE,합성-과제코드,mid,synthetic,1
TECH-2025-0181,CODE,합성-과제코드,mid,synthetic,1
TECH-2021-0128,CODE,합성-과제코드,mid,synthetic,1
DP-2024-0251,CODE,합성-과제코드,mid,synthetic,1
PRJ-2017-0073,CODE,합성-과제코드,mid,synthetic,1
EXP-2021-0163,CODE,합성-과제코드,mid,synthetic,1
MIL-2006-0091,CODE,합성-과제코드,mid,synthetic,1
MIL-2008-0566,CODE,합성-과제코드,mid,synthetic,1
SEC-2017-0131,CODE,합성-과제코드,mid,synthetic,1
SEC-2010-0060,CODE,합성-과제코드,mid,synthetic,1
SYS-2020-0321,CODE,합성-과제코드,mid,synthetic,1
PRJ-2007-0154,CODE,합성-과제코드,mid,synthetic,1
ROC-2010-0431,CODE,합성-과제코드,mid,synthetic,1
MIL-2018-0031,CODE,합성-과제코드,mid,synthetic,1
ROC-2022-0305,CODE,합성-과제코드,mid,synthetic,1
PRJ-2015-0048,CODE,합성-과제코드,mid,synthetic,1
SYS-2014-0339,CODE,합성-과제코드,mid,synthetic,1
SYS-2009-0021,CODE,합성-과제코드,mid,synthetic,1
MIL-2013-0394,CODE,합성-과제코드,mid,synthetic,1
ROC-2006-0109,CODE,합성-과제코드,mid,synthetic,1
TECH-2017-0416,CODE,합성-과제코드,mid,synthetic,1
SEC-2013-0460,CODE,합성-과제코드,mid,synthetic,1
TECH-2022-0157,CODE,합성-과제코드,mid,synthetic,1
PRJ-2012-0003,CODE,합성-과제코드,mid,synthetic,1
MIL-2015-0373,CODE,합성-과제코드,mid,synthetic,1
SYS-2019-0148,CODE,합성-과제코드,mid,synthetic,1
PRJ-2013-0051,CODE,합성-과제코드,mid,synthetic,1
DP-2007-0261,CODE,합성-과제코드,mid,synthetic,1
EXP-2023-0240,CODE,합성-과제코드,mid,synthetic,1
SYS-2007-0011,CODE,합성-과제코드,mid,synthetic,1
TECH-2011-0425,CODE,합성-과제코드,mid,synthetic,1
SYS-2026-0105,CODE,합성-과제코드,mid,synthetic,1
EXP-2006-0058,CODE,합성-과제코드,mid,synthetic,1
SEC-2024-0184,CODE,합성-과제코드,mid,synthetic,1
SYS-2023-0234,CODE,합성-과제코드,mid,synthetic,1
PRJ-2012-0170,CODE,합성-과제코드,mid,synthetic,1
PRJ-2018-0021,CODE,합성-과제코드,mid,synthetic,1
PRJ-2012-0494,CODE,합성-과제코드,mid,synthetic,1
MIL-2023-0096,CODE,합성-과제코드,mid,synthetic,1
ROC-2013-0325,CODE,합성-과제코드,mid,synthetic,1
SYS-2010-0480,CODE,합성-과제코드,mid,synthetic,1
전투기 시험장비 개발계획서,TECH_DOC,합성-체계부품문서,high,synthetic,1
SEC-2010-0303,CODE,합성-과제코드,mid,synthetic,1
SEC-2015-0021,CODE,합성-과제코드,mid,synthetic,1
SYS-2023-0105,CODE,합성-과제코드,mid,synthetic,1
EXP-2007-0236,CODE,합성-과제코드,mid,synthetic,1
대외비 탄약 열영상장비 구매규격서,TECH_DOC,합성-체계부품문서,high,synthetic,1
PRJ-2018-0438,CODE,합성-과제코드,mid,synthetic,1
SYS-2014-0129,CODE,합성-과제코드,mid,synthetic,1
SYS-2023-0128,CODE,합성-과제코드,mid,synthetic,1
SYS-2026-0261,CODE,합성-과제코드,mid,synthetic,1
ROC-2014-0388,CODE,합성-과제코드,mid,synthetic,1
EXP-2013-0137,CODE,합성-과제코드,mid,synthetic,1
PRJ-2022-0051,CODE,합성-과제코드,mid,synthetic,1
SYS-2008-0444,CODE,합성-과제코드,mid,synthetic,1
ROC-2026-0550,CODE,합성-과제코드,mid,synthetic,1
SYS-2019-0411,CODE,합성-과제코드,mid,synthetic,1
MIL-2024-0026,CODE,합성-과제코드,mid,synthetic,1
PRJ-2019-0162,CODE,합성-과제코드,mid,synthetic,1
ROC-2015-0342,CODE,합성-과제코드,mid,synthetic,1
ROC-2011-0080,CODE,합성-과제코드,mid,synthetic,1
SEC-2010-0285,CODE,합성-과제코드,mid,synthetic,1
장갑 관성항법장치 형상관리문서,TECH_DOC,합성-체계부품문서,high,synthetic,1
SEC-2013-0351,CODE,합성-과제코드,mid,synthetic,1
ROC-2019-0265,CODE,합성-과제코드,mid,synthetic,1
SEC-2024-0104,CODE,합성-과제코드,mid,synthetic,1
ROC-2026-0177,CODE,합성-과제코드,mid,synthetic,1
SEC-2026-0227,CODE,합성-과제코드,mid,synthetic,1
TECH-2017-0041,CODE,합성-과제코드,mid,synthetic,1
SYS-2006-0476,CODE,합성-과제코드,mid,synthetic,1
EXP-2024-0410,CODE,합성-과제코드,mid,synthetic,1
SEC-2025-0470,CODE,합성-과제코드,mid,synthetic,1
MIL-2010-0251,CODE,합성-과제코드,mid,synthetic,1
PRJ-2020-0058,CODE,합성-과제코드,mid,synthetic,1
EXP-2026-0295,CODE,합성-과제코드,mid,synthetic,1
MIL-2005-0599,CODE,합성-과제코드,mid,synthetic,1
SYS-2017-0287,CODE,합성-과제코드,mid,synthetic,1
DP-2023-0540,CODE,합성-과제코드,mid,synthetic,1
EXP-2005-0581,CODE,합성-과제코드,mid,synthetic,1
EXP-2005-0138,CODE,합성-과제코드,mid,synthetic,1
ROC-2006-0408,CODE,합성-과제코드,mid,synthetic,1
DP-2006-0220,CODE,합성-과제코드,mid,synthetic,1
SYS-2017-0389,CODE,합성-과제코드,mid,synthetic,1
PRJ-2022-0308,CODE,합성-과제코드,mid,synthetic,1
PRJ-2010-0100,CODE,합성-과제코드,mid,synthetic,1
TECH-2021-0336,CODE,합성-과제코드,mid,synthetic,1
EXP-2006-0307,CODE,합성-과제코드,mid,synthetic,1
TECH-2009-0116,CODE,합성-과제코드,mid,synthetic,1
SEC-2011-0371,CODE,합성-과제코드,mid,synthetic,1
TECH-2022-0352,CODE,합성-과제코드,mid,synthetic,1
TECH-2006-0204,CODE,합성-과제코드,mid,synthetic,1
PRJ-2007-0202,CODE,합성-과제코드,mid,synthetic,1
MIL-2008-0344,CODE,합성-과제코드,mid,synthetic,1
SEC-2017-0387,CODE,합성-과제코드,mid,synthetic,1
MIL-2020-0296,CODE,합성-과제코드,mid,synthetic,1
PRJ-2008-0389,CODE,합성-과제코드,mid,synthetic,1
MIL-2021-0420,CODE,합성-과제코드,mid,synthetic,1
TECH-2014-0545,CODE,합성-과제코드,mid,synthetic,1
PRJ-2022-0461,CODE,합성-과제코드,mid,synthetic,1
대외비 레이더 펌웨어 성능분석자료,TECH_DOC,합성-체계부품문서,high,synthetic,1
MIL-2022-0578,CODE,합성-과제코드,mid,synthetic,1
SYS-2023-0081,CODE,합성-과제코드,mid,synthetic,1
SYS-2008-0398,CODE,합성-과제코드,mid,synthetic,1
MIL-2007-0525,CODE,합성-과제코드,mid,synthetic,1
ROC-2015-0200,CODE,합성-과제코드,mid,synthetic,1
TECH-2005-0010,CODE,합성-과제코드,mid,synthetic,1
MIL-2024-0384,CODE,합성-과제코드,mid,synthetic,1
SYS-2014-0078,CODE,합성-과제코드,mid,synthetic,1
DP-2017-0229,CODE,합성-과제코드,mid,synthetic,1
SYS-2025-0211,CODE,합성-과제코드,mid,synthetic,1
PRJ-2011-0335,CODE,합성-과제코드,mid,synthetic,1
PRJ-2014-0554,CODE,합성-과제코드,mid,synthetic,1
DP-2020-0243,CODE,합성-과제코드,mid,synthetic,1
DP-2013-0526,CODE,합성-과제코드,mid,synthetic,1
MIL-2021-0032,CODE,합성-과제코드,mid,synthetic,1
MIL-2018-0097,CODE,합성-과제코드,mid,synthetic,1
ROC-2010-0078,CODE,합성-과제코드,mid,synthetic,1
PRJ-2008-0301,CODE,합성-과제코드,mid,synthetic,1
TECH-2015-0198,CODE,합성-과제코드,mid,synthetic,1
MIL-2023-0453,CODE,합성-과제코드,mid,synthetic,1
MIL-2006-0121,CODE,합성-과제코드,mid,synthetic,1
DP-2005-0506,CODE,합성-과제코드,mid,synthetic,1
PRJ-2019-0330,CODE,합성-과제코드,mid,synthetic,1
SEC-2010-0279,CODE,합성-과제코드,mid,synthetic,1
MIL-2016-0546,CODE,합성-과제코드,mid,synthetic,1
SEC-2021-0446,CODE,합성-과제코드,mid,synthetic,1
SEC-2005-0416,CODE,합성-과제코드,mid,synthetic,1
DP-2015-0572,CODE,합성-과제코드,mid,synthetic,1
SEC-2026-0581,CODE,합성-과제코드,mid,synthetic,1
DP-2008-0089,CODE,합성-과제코드,mid,synthetic,1
DP-2013-0402,CODE,합성-과제코드,mid,synthetic,1
EXP-2026-0125,CODE,합성-과제코드,mid,synthetic,1
SEC-2013-0397,CODE,합성-과제코드,mid,synthetic,1
EXP-2005-0530,CODE,합성-과제코드,mid,synthetic,1
ROC-2016-0214,CODE,합성-과제코드,mid,synthetic,1
SEC-2013-0385,CODE,합성-과제코드,mid,synthetic,1
TECH-2025-0257,CODE,합성-과제코드,mid,synthetic,1
SYS-2015-0527,CODE,합성-과제코드,mid,synthetic,1
PRJ-2011-0278,CODE,합성-과제코드,mid,synthetic,1
TECH-2021-0197,CODE,합성-과제코드,mid,synthetic,1
DP-2013-0101,CODE,합성-과제코드,mid,synthetic,1
전투기 펌웨어 성능분석자료,TECH_DOC,합성-체계부품문서,high,synthetic,1
PRJ-2012-0258,CODE,합성-과제코드,mid,synthetic,1
DP-2013-0232,CODE,합성-과제코드,mid,synthetic,1
EXP-2007-0464,CODE,합성-과제코드,mid,synthetic,1
TECH-2022-0362,CODE,합성-과제코드,mid,synthetic,1
PRJ-2025-0359,CODE,합성-과제코드,mid,synthetic,1
MIL-2026-0289,CODE,합성-과제코드,mid,synthetic,1
TECH-2018-0229,CODE,합성-과제코드,mid,synthetic,1
TECH-2005-0147,CODE,합성-과제코드,mid,synthetic,1
SYS-2022-0038,CODE,합성-과제코드,mid,synthetic,1
DP-2010-0005,CODE,합성-과제코드,mid,synthetic,1
MIL-2013-0442,CODE,합성-과제코드,mid,synthetic,1
TECH-2017-0032,CODE,합성-과제코드,mid,synthetic,1
ROC-2009-0161,CODE,합성-과제코드,mid,synthetic,1
ROC-2020-0005,CODE,합성-과제코드,mid,synthetic,1
TECH-2009-0113,CODE,합성-과제코드,mid,synthetic,1
MIL-2009-0092,CODE,합성-과제코드,mid,synthetic,1
MIL-2021-0439,CODE,합성-과제코드,mid,synthetic,1
EXP-2012-0021,CODE,합성-과제코드,mid,synthetic,1
SYS-2017-0070,CODE,합성-과제코드,mid,synthetic,1
SYS-2022-0581,CODE,합성-과제코드,mid,synthetic,1
ROC-2024-0476,CODE,합성-과제코드,mid,synthetic,1
MIL-2015-0513,CODE,합성-과제코드,mid,synthetic,1
EXP-2025-0106,CODE,합성-과제코드,mid,synthetic,1
SEC-2011-0032,CODE,합성-과제코드,mid,synthetic,1
ROC-2017-0310,CODE,합성-과제코드,mid,synthetic,1
EXP-2005-0312,CODE,합성-과제코드,mid,synthetic,1
PRJ-2006-0124,CODE,합성-과제코드,mid,synthetic,1
EXP-2020-0360,CODE,합성-과제코드,mid,synthetic,1
DP-2010-0018,CODE,합성-과제코드,mid,synthetic,1
DP-2014-0339,CODE,합성-과제코드,mid,synthetic,1
PRJ-2018-0522,CODE,합성-과제코드,mid,synthetic,1
SEC-2009-0588,CODE,합성-과제코드,mid,synthetic,1
DP-2025-0221,CODE,합성-과제코드,mid,synthetic,1
ROC-2015-0211,CODE,합성-과제코드,mid,synthetic,1
TECH-2006-0281,CODE,합성-과제코드,mid,synthetic,1
SEC-2024-0244,CODE,합성-과제코드,mid,synthetic,1
TECH-2017-0520,CODE,합성-과제코드,mid,synthetic,1
DP-2013-0124,CODE,합성-과제코드,mid,synthetic,1
PRJ-2013-0424,CODE,합성-과제코드,mid,synthetic,1
DP-2026-0017,CODE,합성-과제코드,mid,synthetic,1
DP-2006-0070,CODE,합성-과제코드,mid,synthetic,1
SYS-2010-0296,CODE,합성-과제코드,mid,synthetic,1
DP-2005-0431,CODE,합성-과제코드,mid,synthetic,1
SYS-2016-0321,CODE,합성-과제코드,mid,synthetic,1
TECH-2025-0241,CODE,합성-과제코드,mid,synthetic,1
SYS-2017-0559,CODE,합성-과제코드,mid,synthetic,1
EXP-2019-0186,CODE,합성-과제코드,mid,synthetic,1
MIL-2019-0041,CODE,합성-과제코드,mid,synthetic,1
PRJ-2021-0582,CODE,합성-과제코드,mid,synthetic,1
비밀 헬기 관성항법장치 설계도면,TECH_DOC,합성-체계부품문서,high,synthetic,1
위성 시뮬레이터 시험성적서,TECH_DOC,합성-체계부품문서,high,synthetic,1
EXP-2011-0376,CODE,합성-과제코드,mid,synthetic,1
DP-2024-0247,CODE,합성-과제코드,mid,synthetic,1
EXP-2012-0349,CODE,합성-과제코드,mid,synthetic,1
EXP-2006-0300,CODE,합성-과제코드,mid,synthetic,1
ROC-2011-0129,CODE,합성-과제코드,mid,synthetic,1
DP-2008-0340,CODE,합성-과제코드,mid,synthetic,1
SEC-2024-0028,CODE,합성-과제코드,mid,synthetic,1
EXP-2009-0480,CODE,합성-과제코드,mid,synthetic,1
TECH-2017-0458,CODE,합성-과제코드,mid,synthetic,1
DP-2007-0178,CODE,합성-과제코드,mid,synthetic,1
ROC-2005-0309,CODE,합성-과제코드,mid,synthetic,1
TECH-2005-0596,CODE,합성-과제코드,mid,synthetic,1
SYS-2008-0370,CODE,합성-과제코드,mid,synthetic,1
EXP-2025-0568,CODE,합성-과제코드,mid,synthetic,1
PRJ-2012-0503,CODE,합성-과제코드,mid,synthetic,1
SYS-2008-0524,CODE,합성-과제코드,mid,synthetic,1
비밀 미사일 펌웨어 형상관리문서,TECH_DOC,합성-체계부품문서,high,synthetic,1
DP-2016-0428,CODE,합성-과제코드,mid,synthetic,1
SEC-2021-0468,CODE,합성-과제코드,mid,synthetic,1
MIL-2018-0455,CODE,합성-과제코드,mid,synthetic,1
PRJ-2012-0231,CODE,합성-과제코드,mid,synthetic,1
SEC-2013-0478,CODE,합성-과제코드,mid,synthetic,1
DP-2010-0437,CODE,합성-과제코드,mid,synthetic,1
TECH-2018-0323,CODE,합성-과제코드,mid,synthetic,1
TECH-2007-0081,CODE,합성-과제코드,mid,synthetic,1
EXP-2020-0411,CODE,합성-과제코드,mid,synthetic,1
TECH-2015-0307,CODE,합성-과제코드,mid,synthetic,1
SYS-2011-0277,CODE,합성-과제코드,mid,synthetic,1
TECH-2017-0097,CODE,합성-과제코드,mid,synthetic,1
PRJ-2023-0220,CODE,합성-과제코드,mid,synthetic,1
소나 펌웨어 제조사양서,TECH_DOC,합성-체계부품문서,high,synthetic,1
MIL-2017-0196,CODE,합성-과제코드,mid,synthetic,1
ROC-2011-0057,CODE,합성-과제코드,mid,synthetic,1
TECH-2025-0214,CODE,합성-과제코드,mid,synthetic,1
SYS-2010-0064,CODE,합성-과제코드,mid,synthetic,1
ROC-2010-0050,CODE,합성-과제코드,mid,synthetic,1
TECH-2015-0587,CODE,합성-과제코드,mid,synthetic,1
SEC-2007-0210,CODE,합성-과제코드,mid,synthetic,1
SEC-2005-0077,CODE,합성-과제코드,mid,synthetic,1
DP-2018-0361,CODE,합성-과제코드,mid,synthetic,1
MIL-2012-0331,CODE,합성-과제코드,mid,synthetic,1
EXP-2020-0023,CODE,합성-과제코드,mid,synthetic,1
PRJ-2010-0089,CODE,합성-과제코드,mid,synthetic,1
PRJ-2026-0485,CODE,합성-과제코드,mid,synthetic,1
TECH-2015-0170,CODE,합성-과제코드,mid,synthetic,1
PRJ-2015-0202,CODE,합성-과제코드,mid,synthetic,1
TECH-2007-0456,CODE,합성-과제코드,mid,synthetic,1
TECH-2005-0401,CODE,합성-과제코드,mid,synthetic,1
PRJ-2012-0235,CODE,합성-과제코드,mid,synthetic,1
ROC-2020-0535,CODE,합성-과제코드,mid,synthetic,1
ROC-2026-0171,CODE,합성-과제코드,mid,synthetic,1
EXP-2022-0385,CODE,합성-과제코드,mid,synthetic,1
PRJ-2005-0028,CODE,합성-과제코드,mid,synthetic,1
장갑 통신모듈 형상관리문서,TECH_DOC,합성-체계부품문서,high,synthetic,1
SEC-2006-0152,CODE,합성-과제코드,mid,synthetic,1
SYS-2021-0571,CODE,합성-과제코드,mid,synthetic,1
TECH-2020-0587,CODE,합성-과제코드,mid,synthetic,1
EXP-2011-0485,CODE,합성-과제코드,mid,synthetic,1
ROC-2010-0018,CODE,합성-과제코드,mid,synthetic,1
EXP-2011-0236,CODE,합성-과제코드,mid,synthetic,1
ROC-2007-0285,CODE,합성-과제코드,mid,synthetic,1
TECH-2025-0070,CODE,합성-과제코드,mid,synthetic,1
ROC-2024-0139,CODE,합성-과제코드,mid,synthetic,1
SEC-2020-0254,CODE,합성-과제코드,mid,synthetic,1
DP-2025-0407,CODE,합성-과제코드,mid,synthetic,1
ROC-2017-0264,CODE,합성-과제코드,mid,synthetic,1
EXP-2025-0375,CODE,합성-과제코드,mid,synthetic,1
EXP-2020-0311,CODE,합성-과제코드,mid,synthetic,1
TECH-2026-0002,CODE,합성-과제코드,mid,synthetic,1
EXP-2010-0483,CODE,합성-과제코드,mid,synthetic,1
DP-2012-0132,CODE,합성-과제코드,mid,synthetic,1
ROC-2021-0178,CODE,합성-과제코드,mid,synthetic,1
MIL-2017-0495,CODE,합성-과제코드,mid,synthetic,1
MIL-2026-0266,CODE,합성-과제코드,mid,synthetic,1
DP-2023-0033,CODE,합성-과제코드,mid,synthetic,1
DP-2021-0531,CODE,합성-과제코드,mid,synthetic,1
EXP-2008-0318,CODE,합성-과제코드,mid,synthetic,1
PRJ-2017-0372,CODE,합성-과제코드,mid,synthetic,1
SYS-2005-0003,CODE,합성-과제코드,mid,synthetic,1
SEC-2019-0591,CODE,합성-과제코드,mid,synthetic,1
PRJ-2019-0205,CODE,합성-과제코드,mid,synthetic,1
EXP-2020-0484,CODE,합성-과제코드,mid,synthetic,1
MIL-2016-0500,CODE,합성-과제코드,mid,synthetic,1
PRJ-2017-0132,CODE,합성-과제코드,mid,synthetic,1
PRJ-2023-0317,CODE,합성-과제코드,mid,synthetic,1
ROC-2023-0523,CODE,합성-과제코드,mid,synthetic,1
TECH-2023-0367,CODE,합성-과제코드,mid,synthetic,1
EXP-2020-0054,CODE,합성-과제코드,mid,synthetic,1
SEC-2020-0506,CODE,합성-과제코드,mid,synthetic,1
EXP-2016-0589,CODE,합성-과제코드,mid,synthetic,1
TECH-2023-0255,CODE,합성-과제코드,mid,synthetic,1
ROC-2026-0343,CODE,합성-과제코드,mid,synthetic,1
PRJ-2005-0462,CODE,합성-과제코드,mid,synthetic,1
SEC-2017-0276,CODE,합성-과제코드,mid,synthetic,1
MIL-2005-0419,CODE,합성-과제코드,mid,synthetic,1
DP-2007-0567,CODE,합성-과제코드,mid,synthetic,1
SEC-2013-0296,CODE,합성-과제코드,mid,synthetic,1
DP-2015-0257,CODE,합성-과제코드,mid,synthetic,1
DP-2022-0286,CODE,합성-과제코드,mid,synthetic,1
ROC-2005-0386,CODE,합성-과제코드,mid,synthetic,1
DP-2013-0421,CODE,합성-과제코드,mid,synthetic,1
EXP-2018-0097,CODE,합성-과제코드,mid,synthetic,1
DP-2020-0127,CODE,합성-과제코드,mid,synthetic,1
TECH-2011-0486,CODE,합성-과제코드,mid,synthetic,1
PRJ-2025-0122,CODE,합성-과제코드,mid,synthetic,1
EXP-2010-0586,CODE,합성-과제코드,mid,synthetic,1
SYS-2025-0019,CODE,합성-과제코드,mid,synthetic,1
DP-2007-0011,CODE,합성-과제코드,mid,synthetic,1
MIL-2005-0256,CODE,합성-과제코드,mid,synthetic,1
MIL-2025-0182,CODE,합성-과제코드,mid,synthetic,1
DP-2005-0451,CODE,합성-과제코드,mid,synthetic,1
ROC-2011-0382,CODE,합성-과제코드,mid,synthetic,1
DP-2026-0106,CODE,합성-과제코드,mid,synthetic,1
DP-2026-0030,CODE,합성-과제코드,mid,synthetic,1
TECH-2005-0305,CODE,합성-과제코드,mid,synthetic,1
DP-2006-0583,CODE,합성-과제코드,mid,synthetic,1
TECH-2013-0002,CODE,합성-과제코드,mid,synthetic,1
SEC-2022-0149,CODE,합성-과제코드,mid,synthetic,1
SEC-2014-0463,CODE,합성-과제코드,mid,synthetic,1
DP-2021-0133,CODE,합성-과제코드,mid,synthetic,1
SYS-2022-0442,CODE,합성-과제코드,mid,synthetic,1
DP-2016-0599,CODE,합성-과제코드,mid,synthetic,1
TECH-2022-0388,CODE,합성-과제코드,mid,synthetic,1
SEC-2023-0375,CODE,합성-과제코드,mid,synthetic,1
ROC-2006-0125,CODE,합성-과제코드,mid,synthetic,1
TECH-2017-0124,CODE,합성-과제코드,mid,synthetic,1
PRJ-2015-0465,CODE,합성-과제코드,mid,synthetic,1
MIL-2020-0467,CODE,합성-과제코드,mid,synthetic,1
MIL-2023-0161,CODE,합성-과제코드,mid,synthetic,1
SYS-2012-0355,CODE,합성-과제코드,mid,synthetic,1
전술통신 냉각장치 성능분석자료,TECH_DOC,합성-체계부품문서,high,synthetic,1
SYS-2012-0297,CODE,합성-과제코드,mid,synthetic,1
ROC-2018-0101,CODE,합성-과제코드,mid,synthetic,1
ROC-2017-0344,CODE,합성-과제코드,mid,synthetic,1
EXP-2009-0303,CODE,합성-과제코드,mid,synthetic,1
TECH-2006-0581,CODE,합성-과제코드,mid,synthetic,1
TECH-2021-0280,CODE,합성-과제코드,mid,synthetic,1
SYS-2021-0329,CODE,합성-과제코드,mid,synthetic,1
ROC-2007-0141,CODE,합성-과제코드,mid,synthetic,1
SEC-2023-0432,CODE,합성-과제코드,mid,synthetic,1
EXP-2010-0357,CODE,합성-과제코드,mid,synthetic,1
TECH-2005-0377,CODE,합성-과제코드,mid,synthetic,1
SYS-2005-0530,CODE,합성-과제코드,mid,synthetic,1
EXP-2015-0203,CODE,합성-과제코드,mid,synthetic,1
SYS-2013-0410,CODE,합성-과제코드,mid,synthetic,1
ROC-2019-0545,CODE,합성-과제코드,mid,synthetic,1
SEC-2014-0452,CODE,합성-과제코드,mid,synthetic,1
DP-2007-0255,CODE,합성-과제코드,mid,synthetic,1
SYS-2007-0406,CODE,합성-과제코드,mid,synthetic,1
DP-2021-0267,CODE,합성-과제코드,mid,synthetic,1
DP-2024-0384,CODE,합성-과제코드,mid,synthetic,1
ROC-2024-0179,CODE,합성-과제코드,mid,synthetic,1
PRJ-2014-0177,CODE,합성-과제코드,mid,synthetic,1
DP-2022-0002,CODE,합성-과제코드,mid,synthetic,1
TECH-2020-0338,CODE,합성-과제코드,mid,synthetic,1
SYS-2021-0285,CODE,합성-과제코드,mid,synthetic,1
SYS-2026-0197,CODE,합성-과제코드,mid,synthetic,1
EXP-2013-0316,CODE,합성-과제코드,mid,synthetic,1
SYS-2016-0168,CODE,합성-과제코드,mid,synthetic,1
PRJ-2014-0160,CODE,합성-과제코드,mid,synthetic,1
ROC-2026-0432,CODE,합성-과제코드,mid,synthetic,1
DP-2022-0189,CODE,합성-과제코드,mid,synthetic,1
MIL-2023-0278,CODE,합성-과제코드,mid,synthetic,1
TECH-2018-0549,CODE,합성-과제코드,mid,synthetic,1
DP-2026-0230,CODE,합성-과제코드,mid,synthetic,1
MIL-2016-0569,CODE,합성-과제코드,mid,synthetic,1
MIL-2026-0388,CODE,합성-과제코드,mid,synthetic,1
SYS-2017-0514,CODE,합성-과제코드,mid,synthetic,1
SYS-2024-0066,CODE,합성-과제코드,mid,synthetic,1
DP-2007-0496,CODE,합성-과제코드,mid,synthetic,1
SYS-2011-0530,CODE,합성-과제코드,mid,synthetic,1
PRJ-2006-0447,CODE,합성-과제코드,mid,synthetic,1
EXP-2014-0221,CODE,합성-과제코드,mid,synthetic,1
대외비 추진체 탐색기 소스코드,TECH_DOC,합성-체계부품문서,high,synthetic,1
DP-2012-0175,CODE,합성-과제코드,mid,synthetic,1
SEC-2017-0158,CODE,합성-과제코드,mid,synthetic,1
SEC-2014-0597,CODE,합성-과제코드,mid,synthetic,1
ROC-2015-0048,CODE,합성-과제코드,mid,synthetic,1
DP-2024-0201,CODE,합성-과제코드,mid,synthetic,1
SYS-2019-0200,CODE,합성-과제코드,mid,synthetic,1
ROC-2025-0338,CODE,합성-과제코드,mid,synthetic,1
SYS-2019-0415,CODE,합성-과제코드,mid,synthetic,1
대외비 헬기 제어기 구매규격서,TECH_DOC,합성-체계부품문서,high,synthetic,1
SEC-2005-0541,CODE,합성-과제코드,mid,synthetic,1
SEC-2021-0096,CODE,합성-과제코드,mid,synthetic,1
DP-2019-0101,CODE,합성-과제코드,mid,synthetic,1
DP-2007-0478,CODE,합성-과제코드,mid,synthetic,1
SEC-2014-0330,CODE,합성-과제코드,mid,synthetic,1
TECH-2005-0417,CODE,합성-과제코드,mid,synthetic,1
EXP-2008-0349,CODE,합성-과제코드,mid,synthetic,1
EXP-2011-0465,CODE,합성-과제코드,mid,synthetic,1
SYS-2024-0245,CODE,합성-과제코드,mid,synthetic,1
비밀 지휘통제 탐색기 공정도,TECH_DOC,합성-체계부품문서,high,synthetic,1
ROC-2021-0523,CODE,합성-과제코드,mid,synthetic,1
함정 센서모듈 설계도면,TECH_DOC,합성-체계부품문서,high,synthetic,1
PRJ-2022-0486,CODE,합성-과제코드,mid,synthetic,1
DP-2014-0580,CODE,합성-과제코드,mid,synthetic,1
SEC-2018-0493,CODE,합성-과제코드,mid,synthetic,1
EXP-2019-0434,CODE,합성-과제코드,mid,synthetic,1
MIL-2015-0495,CODE,합성-과제코드,mid,synthetic,1
EXP-2026-0562,CODE,합성-과제코드,mid,synthetic,1
PRJ-2016-0148,CODE,합성-과제코드,mid,synthetic,1
MIL-2025-0570,CODE,합성-과제코드,mid,synthetic,1
TECH-2015-0455,CODE,합성-과제코드,mid,synthetic,1
MIL-2026-0363,CODE,합성-과제코드,mid,synthetic,1
MIL-2008-0272,CODE,합성-과제코드,mid,synthetic,1
MIL-2014-0450,CODE,합성-과제코드,mid,synthetic,1
PRJ-2020-0183,CODE,합성-과제코드,mid,synthetic,1
MIL-2005-0405,CODE,합성-과제코드,mid,synthetic,1
MIL-2017-0470,CODE,합성-과제코드,mid,synthetic,1
ROC-2023-0221,CODE,합성-과제코드,mid,synthetic,1
MIL-2017-0455,CODE,합성-과제코드,mid,synthetic,1
DP-2021-0279,CODE,합성-과제코드,mid,synthetic,1
EXP-2017-0484,CODE,합성-과제코드,mid,synthetic,1
DP-2005-0007,CODE,합성-과제코드,mid,synthetic,1
TECH-2008-0499,CODE,합성-과제코드,mid,synthetic,1
EXP-2019-0398,CODE,합성-과제코드,mid,synthetic,1
SYS-2009-0113,CODE,합성-과제코드,mid,synthetic,1
SYS-2008-0402,CODE,합성-과제코드,mid,synthetic,1
대외비 유도무기 신호처리기 성능분석자료,TECH_DOC,합성-체계부품문서,high,synthetic,1
EXP-2006-0234,CODE,합성-과제코드,mid,synthetic,1
TECH-2019-0393,CODE,합성-과제코드,mid,synthetic,1
PRJ-2006-0219,CODE,합성-과제코드,mid,synthetic,1
전술통신 탐색기 구매규격서,TECH_DOC,합성-체계부품문서,high,synthetic,1
EXP-2016-0325,CODE,합성-과제코드,mid,synthetic,1
MIL-2025-0343,CODE,합성-과제코드,mid,synthetic,1
MIL-2005-0183,CODE,합성-과제코드,mid,synthetic,1
MIL-2017-0548,CODE,합성-과제코드,mid,synthetic,1
PRJ-2024-0488,CODE,합성-과제코드,mid,synthetic,1
TECH-2020-0254,CODE,합성-과제코드,mid,synthetic,1
TECH-2016-0201,CODE,합성-과제코드,mid,synthetic,1
SYS-2012-0340,CODE,합성-과제코드,mid,synthetic,1
PRJ-2019-0071,CODE,합성-과제코드,mid,synthetic,1
EXP-2019-0098,CODE,합성-과제코드,mid,synthetic,1
SEC-2023-0418,CODE,합성-과제코드,mid,synthetic,1
MIL-2025-0003,CODE,합성-과제코드,mid,synthetic,1
SEC-2012-0199,CODE,합성-과제코드,mid,synthetic,1
SYS-2024-0572,CODE,합성-과제코드,mid,synthetic,1
ROC-2019-0299,CODE,합성-과제코드,mid,synthetic,1
MIL-2014-0153,CODE,합성-과제코드,mid,synthetic,1
TECH-2014-0312,CODE,합성-과제코드,mid,synthetic,1
ROC-2016-0553,CODE,합성-과제코드,mid,synthetic,1
MIL-2010-0587,CODE,합성-과제코드,mid,synthetic,1
TECH-2018-0441,CODE,합성-과제코드,mid,synthetic,1
EXP-2023-0079,CODE,합성-과제코드,mid,synthetic,1
ROC-2022-0583,CODE,합성-과제코드,mid,synthetic,1
TECH-2022-0377,CODE,합성-과제코드,mid,synthetic,1
MIL-2005-0502,CODE,합성-과제코드,mid,synthetic,1
TECH-2007-0510,CODE,합성-과제코드,mid,synthetic,1
PRJ-2006-0206,CODE,합성-과제코드,mid,synthetic,1
SEC-2008-0346,CODE,합성-과제코드,mid,synthetic,1
PRJ-2021-0003,CODE,합성-과제코드,mid,synthetic,1
SYS-2023-0163,CODE,합성-과제코드,mid,synthetic,1
지휘통제 추진기관 소스코드,TECH_DOC,합성-체계부품문서,high,synthetic,1
SEC-2024-0212,CODE,합성-과제코드,mid,synthetic,1
ROC-2023-0367,CODE,합성-과제코드,mid,synthetic,1
SYS-2014-0573,CODE,합성-과제코드,mid,synthetic,1
DP-2018-0568,CODE,합성-과제코드,mid,synthetic,1
SYS-2026-0459,CODE,합성-과제코드,mid,synthetic,1
ROC-2009-0193,CODE,합성-과제코드,mid,synthetic,1
PRJ-2026-0498,CODE,합성-과제코드,mid,synthetic,1
ROC-2024-0539,CODE,합성-과제코드,mid,synthetic,1
DP-2022-0163,CODE,합성-과제코드,mid,synthetic,1
ROC-2024-0199,CODE,합성-과제코드,mid,synthetic,1
EXP-2013-0562,CODE,합성-과제코드,mid,synthetic,1
PRJ-2019-0144,CODE,합성-과제코드,mid,synthetic,1
헬기 냉각장치 시험성적서,TECH_DOC,합성-체계부품문서,high,synthetic,1
DP-2025-0552,CODE,합성-과제코드,mid,synthetic,1
SYS-2010-0349,CODE,합성-과제코드,mid,synthetic,1
SEC-2021-0410,CODE,합성-과제코드,mid,synthetic,1
ROC-2025-0539,CODE,합성-과제코드,mid,synthetic,1
MIL-2022-0224,CODE,합성-과제코드,mid,synthetic,1
SEC-2008-0113,CODE,합성-과제코드,mid,synthetic,1
TECH-2017-0543,CODE,합성-과제코드,mid,synthetic,1
PRJ-2021-0515,CODE,합성-과제코드,mid,synthetic,1
MIL-2023-0321,CODE,합성-과제코드,mid,synthetic,1
EXP-2006-0449,CODE,합성-과제코드,mid,synthetic,1
SEC-2012-0310,CODE,합성-과제코드,mid,synthetic,1
ROC-2015-0486,CODE,합성-과제코드,mid,synthetic,1
PRJ-2020-0522,CODE,합성-과제코드,mid,synthetic,1
TECH-2026-0187,CODE,합성-과제코드,mid,synthetic,1
MIL-2010-0230,CODE,합성-과제코드,mid,synthetic,1
EXP-2005-0450,CODE,합성-과제코드,mid,synthetic,1
SYS-2012-0058,CODE,합성-과제코드,mid,synthetic,1
EXP-2012-0409,CODE,합성-과제코드,mid,synthetic,1
SEC-2009-0508,CODE,합성-과제코드,mid,synthetic,1
DP-2021-0506,CODE,합성-과제코드,mid,synthetic,1
DP-2006-0388,CODE,합성-과제코드,mid,synthetic,1
EXP-2017-0114,CODE,합성-과제코드,mid,synthetic,1
PRJ-2015-0341,CODE,합성-과제코드,mid,synthetic,1
EXP-2022-0432,CODE,합성-과제코드,mid,synthetic,1
ROC-2021-0041,CODE,합성-과제코드,mid,synthetic,1
MIL-2021-0322,CODE,합성-과제코드,mid,synthetic,1
TECH-2020-0070,CODE,합성-과제코드,mid,synthetic,1
SEC-2024-0483,CODE,합성-과제코드,mid,synthetic,1
SEC-2006-0431,CODE,합성-과제코드,mid,synthetic,1
SYS-2012-0027,CODE,합성-과제코드,mid,synthetic,1
TECH-2011-0065,CODE,합성-과제코드,mid,synthetic,1
MIL-2024-0197,CODE,합성-과제코드,mid,synthetic,1
SYS-2019-0186,CODE,합성-과제코드,mid,synthetic,1
EXP-2023-0498,CODE,합성-과제코드,mid,synthetic,1
ROC-2021-0018,CODE,합성-과제코드,mid,synthetic,1
MIL-2025-0299,CODE,합성-과제코드,mid,synthetic,1
SEC-2013-0511,CODE,합성-과제코드,mid,synthetic,1
지휘통제 탐색기 성능분석자료,TECH_DOC,합성-체계부품문서,high,synthetic,1
DP-2024-0377,CODE,합성-과제코드,mid,synthetic,1
TECH-2007-0224,CODE,합성-과제코드,mid,synthetic,1
SEC-2015-0375,CODE,합성-과제코드,mid,synthetic,1
SYS-2024-0557,CODE,합성-과제코드,mid,synthetic,1
SYS-2021-0520,CODE,합성-과제코드,mid,synthetic,1
TECH-2016-0115,CODE,합성-과제코드,mid,synthetic,1
SYS-2006-0158,CODE,합성-과제코드,mid,synthetic,1
MIL-2011-0572,CODE,합성-과제코드,mid,synthetic,1
TECH-2012-0439,CODE,합성-과제코드,mid,synthetic,1
ROC-2021-0417,CODE,합성-과제코드,mid,synthetic,1
TECH-2007-0558,CODE,합성-과제코드,mid,synthetic,1
MIL-2023-0307,CODE,합성-과제코드,mid,synthetic,1
ROC-2007-0105,CODE,합성-과제코드,mid,synthetic,1
ROC-2005-0306,CODE,합성-과제코드,mid,synthetic,1
TECH-2009-0436,CODE,합성-과제코드,mid,synthetic,1
SYS-2016-0580,CODE,합성-과제코드,mid,synthetic,1
MIL-2006-0388,CODE,합성-과제코드,mid,synthetic,1
DP-2008-0059,CODE,합성-과제코드,mid,synthetic,1
DP-2024-0151,CODE,합성-과제코드,mid,synthetic,1
DP-2024-0170,CODE,합성-과제코드,mid,synthetic,1
SEC-2005-0056,CODE,합성-과제코드,mid,synthetic,1
SYS-2005-0448,CODE,합성-과제코드,mid,synthetic,1
ROC-2024-0334,CODE,합성-과제코드,mid,synthetic,1
SEC-2010-0074,CODE,합성-과제코드,mid,synthetic,1
SEC-2015-0340,CODE,합성-과제코드,mid,synthetic,1
TECH-2012-0525,CODE,합성-과제코드,mid,synthetic,1
SEC-2008-0304,CODE,합성-과제코드,mid,synthetic,1
PRJ-2008-0480,CODE,합성-과제코드,mid,synthetic,1
MIL-2025-0008,CODE,합성-과제코드,mid,synthetic,1
TECH-2019-0194,CODE,합성-과제코드,mid,synthetic,1
EXP-2005-0390,CODE,합성-과제코드,mid,synthetic,1
ROC-2022-0047,CODE,합성-과제코드,mid,synthetic,1
ROC-2012-0118,CODE,합성-과제코드,mid,synthetic,1
비밀 함정 전원장치 성능분석자료,TECH_DOC,합성-체계부품문서,high,synthetic,1
PRJ-2018-0061,CODE,합성-과제코드,mid,synthetic,1
ROC-2009-0454,CODE,합성-과제코드,mid,synthetic,1
SEC-2024-0014,CODE,합성-과제코드,mid,synthetic,1
SEC-2012-0472,CODE,합성-과제코드,mid,synthetic,1
SYS-2022-0046,CODE,합성-과제코드,mid,synthetic,1
SEC-2017-0388,CODE,합성-과제코드,mid,synthetic,1
DP-2014-0330,CODE,합성-과제코드,mid,synthetic,1
TECH-2022-0370,CODE,합성-과제코드,mid,synthetic,1
MIL-2017-0598,CODE,합성-과제코드,mid,synthetic,1
MIL-2011-0322,CODE,합성-과제코드,mid,synthetic,1
TECH-2008-0539,CODE,합성-과제코드,mid,synthetic,1
DP-2015-0285,CODE,합성-과제코드,mid,synthetic,1
PRJ-2015-0161,CODE,합성-과제코드,mid,synthetic,1
PRJ-2022-0291,CODE,합성-과제코드,mid,synthetic,1
SEC-2009-0174,CODE,합성-과제코드,mid,synthetic,1
ROC-2021-0078,CODE,합성-과제코드,mid,synthetic,1
DP-2022-0184,CODE,합성-과제코드,mid,synthetic,1
EXP-2017-0365,CODE,합성-과제코드,mid,synthetic,1
EXP-2018-0078,CODE,합성-과제코드,mid,synthetic,1
TECH-2006-0262,CODE,합성-과제코드,mid,synthetic,1
EXP-2008-0223,CODE,합성-과제코드,mid,synthetic,1
SYS-2010-0254,CODE,합성-과제코드,mid,synthetic,1
SEC-2015-0109,CODE,합성-과제코드,mid,synthetic,1
SEC-2006-0466,CODE,합성-과제코드,mid,synthetic,1
SEC-2015-0031,CODE,합성-과제코드,mid,synthetic,1
PRJ-2006-0183,CODE,합성-과제코드,mid,synthetic,1
ROC-2008-0325,CODE,합성-과제코드,mid,synthetic,1
EXP-2018-0388,CODE,합성-과제코드,mid,synthetic,1
PRJ-2008-0178,CODE,합성-과제코드,mid,synthetic,1
TECH-2006-0493,CODE,합성-과제코드,mid,synthetic,1
SYS-2005-0527,CODE,합성-과제코드,mid,synthetic,1
EXP-2020-0529,CODE,합성-과제코드,mid,synthetic,1
TECH-2025-0463,CODE,합성-과제코드,mid,synthetic,1
SEC-2024-0239,CODE,합성-과제코드,mid,synthetic,1
PRJ-2013-0146,CODE,합성-과제코드,mid,synthetic,1
TECH-2018-0363,CODE,합성-과제코드,mid,synthetic,1
TECH-2005-0438,CODE,합성-과제코드,mid,synthetic,1
SEC-2014-0016,CODE,합성-과제코드,mid,synthetic,1
MIL-2016-0039,CODE,합성-과제코드,mid,synthetic,1
ROC-2018-0205,CODE,합성-과제코드,mid,synthetic,1
EXP-2020-0016,CODE,합성-과제코드,mid,synthetic,1
탄약 센서모듈 형상관리문서,TECH_DOC,합성-체계부품문서,high,synthetic,1
DP-2021-0262,CODE,합성-과제코드,mid,synthetic,1
PRJ-2016-0175,CODE,합성-과제코드,mid,synthetic,1
MIL-2015-0332,CODE,합성-과제코드,mid,synthetic,1
SYS-2022-0469,CODE,합성-과제코드,mid,synthetic,1
SYS-2024-0598,CODE,합성-과제코드,mid,synthetic,1
SEC-2009-0096,CODE,합성-과제코드,mid,synthetic,1
ROC-2023-0567,CODE,합성-과제코드,mid,synthetic,1
ROC-2026-0117,CODE,합성-과제코드,mid,synthetic,1
MIL-2012-0206,CODE,합성-과제코드,mid,synthetic,1
MIL-2014-0067,CODE,합성-과제코드,mid,synthetic,1
SYS-2024-0027,CODE,합성-과제코드,mid,synthetic,1
TECH-2006-0200,CODE,합성-과제코드,mid,synthetic,1
EXP-2019-0358,CODE,합성-과제코드,mid,synthetic,1
DP-2024-0541,CODE,합성-과제코드,mid,synthetic,1
EXP-2015-0463,CODE,합성-과제코드,mid,synthetic,1
TECH-2025-0475,CODE,합성-과제코드,mid,synthetic,1
EXP-2025-0047,CODE,합성-과제코드,mid,synthetic,1
PRJ-2026-0130,CODE,합성-과제코드,mid,synthetic,1
PRJ-2025-0321,CODE,합성-과제코드,mid,synthetic,1
MIL-2018-0219,CODE,합성-과제코드,mid,synthetic,1
MIL-2013-0144,CODE,합성-과제코드,mid,synthetic,1
MIL-2019-0175,CODE,합성-과제코드,mid,synthetic,1
비밀 탄약 전원장치 정비교범,TECH_DOC,합성-체계부품문서,high,synthetic,1
비밀 장갑 안테나 설계도면,TECH_DOC,합성-체계부품문서,high,synthetic,1
SYS-2009-0206,CODE,합성-과제코드,mid,synthetic,1
SYS-2018-0485,CODE,합성-과제코드,mid,synthetic,1
TECH-2015-0113,CODE,합성-과제코드,mid,synthetic,1
SYS-2008-0596,CODE,합성-과제코드,mid,synthetic,1
MIL-2019-0479,CODE,합성-과제코드,mid,synthetic,1
MIL-2007-0232,CODE,합성-과제코드,mid,synthetic,1
TECH-2014-0157,CODE,합성-과제코드,mid,synthetic,1
TECH-2023-0585,CODE,합성-과제코드,mid,synthetic,1
DP-2015-0251,CODE,합성-과제코드,mid,synthetic,1
EXP-2018-0415,CODE,합성-과제코드,mid,synthetic,1
ROC-2017-0500,CODE,합성-과제코드,mid,synthetic,1
MIL-2011-0507,CODE,합성-과제코드,mid,synthetic,1
SEC-2026-0221,CODE,합성-과제코드,mid,synthetic,1
PRJ-2014-0240,CODE,합성-과제코드,mid,synthetic,1
비밀 소나 신호처리기 개발계획서,TECH_DOC,합성-체계부품문서,high,synthetic,1
DP-2022-0123,CODE,합성-과제코드,mid,synthetic,1
SYS-2009-0372,CODE,합성-과제코드,mid,synthetic,1
PRJ-2020-0157,CODE,합성-과제코드,mid,synthetic,1
SYS-2023-0585,CODE,합성-과제코드,mid,synthetic,1
SEC-2026-0161,CODE,합성-과제코드,mid,synthetic,1
ROC-2015-0553,CODE,합성-과제코드,mid,synthetic,1
ROC-2026-0162,CODE,합성-과제코드,mid,synthetic,1
비밀 전술통신 시험장비 제조사양서,TECH_DOC,합성-체계부품문서,high,synthetic,1
추진체 센서모듈 형상관리문서,TECH_DOC,합성-체계부품문서,high,synthetic,1
EXP-2023-0117,CODE,합성-과제코드,mid,synthetic,1
MIL-2017-0517,CODE,합성-과제코드,mid,synthetic,1
PRJ-2017-0160,CODE,합성-과제코드,mid,synthetic,1
SYS-2006-0542,CODE,합성-과제코드,mid,synthetic,1
ROC-2009-0139,CODE,합성-과제코드,mid,synthetic,1
PRJ-2020-0221,CODE,합성-과제코드,mid,synthetic,1
SYS-2017-0214,CODE,합성-과제코드,mid,synthetic,1
DP-2018-0534,CODE,합성-과제코드,mid,synthetic,1
EXP-2012-0488,CODE,합성-과제코드,mid,synthetic,1
DP-2010-0460,CODE,합성-과제코드,mid,synthetic,1
SYS-2010-0117,CODE,합성-과제코드,mid,synthetic,1
EXP-2020-0206,CODE,합성-과제코드,mid,synthetic,1
TECH-2009-0421,CODE,합성-과제코드,mid,synthetic,1
SEC-2026-0412,CODE,합성-과제코드,mid,synthetic,1
TECH-2005-0598,CODE,합성-과제코드,mid,synthetic,1
PRJ-2020-0589,CODE,합성-과제코드,mid,synthetic,1
SYS-2020-0017,CODE,합성-과제코드,mid,synthetic,1
DP-2020-0555,CODE,합성-과제코드,mid,synthetic,1
미사일 추진기관 시험성적서,TECH_DOC,합성-체계부품문서,high,synthetic,1
EXP-2024-0308,CODE,합성-과제코드,mid,synthetic,1
ROC-2023-0205,CODE,합성-과제코드,mid,synthetic,1
PRJ-2017-0293,CODE,합성-과제코드,mid,synthetic,1
DP-2006-0495,CODE,합성-과제코드,mid,synthetic,1
DP-2012-0405,CODE,합성-과제코드,mid,synthetic,1
EXP-2025-0554,CODE,합성-과제코드,mid,synthetic,1
EXP-2011-0043,CODE,합성-과제코드,mid,synthetic,1
SYS-2026-0403,CODE,합성-과제코드,mid,synthetic,1
ROC-2025-0075,CODE,합성-과제코드,mid,synthetic,1
MIL-2025-0178,CODE,합성-과제코드,mid,synthetic,1
MIL-2008-0124,CODE,합성-과제코드,mid,synthetic,1
SYS-2013-0030,CODE,합성-과제코드,mid,synthetic,1
TECH-2010-0491,CODE,합성-과제코드,mid,synthetic,1
MIL-2024-0401,CODE,합성-과제코드,mid,synthetic,1
SYS-2020-0223,CODE,합성-과제코드,mid,synthetic,1
TECH-2014-0219,CODE,합성-과제코드,mid,synthetic,1
MIL-2019-0085,CODE,합성-과제코드,mid,synthetic,1
EXP-2017-0567,CODE,합성-과제코드,mid,synthetic,1
MIL-2012-0323,CODE,합성-과제코드,mid,synthetic,1
EXP-2025-0395,CODE,합성-과제코드,mid,synthetic,1
MIL-2009-0070,CODE,합성-과제코드,mid,synthetic,1
SEC-2022-0102,CODE,합성-과제코드,mid,synthetic,1
EXP-2022-0529,CODE,합성-과제코드,mid,synthetic,1
DP-2024-0150,CODE,합성-과제코드,mid,synthetic,1
SEC-2006-0432,CODE,합성-과제코드,mid,synthetic,1
SYS-2023-0374,CODE,합성-과제코드,mid,synthetic,1
EXP-2020-0503,CODE,합성-과제코드,mid,synthetic,1
DP-2013-0221,CODE,합성-과제코드,mid,synthetic,1
DP-2025-0103,CODE,합성-과제코드,mid,synthetic,1
EXP-2015-0585,CODE,합성-과제코드,mid,synthetic,1
EXP-2010-0192,CODE,합성-과제코드,mid,synthetic,1
ROC-2026-0522,CODE,합성-과제코드,mid,synthetic,1
MIL-2008-0511,CODE,합성-과제코드,mid,synthetic,1
MIL-2018-0027,CODE,합성-과제코드,mid,synthetic,1
DP-2013-0022,CODE,합성-과제코드,mid,synthetic,1
SYS-2012-0182,CODE,합성-과제코드,mid,synthetic,1
DP-2010-0462,CODE,합성-과제코드,mid,synthetic,1
EXP-2013-0507,CODE,합성-과제코드,mid,synthetic,1
PRJ-2014-0217,CODE,합성-과제코드,mid,synthetic,1
EXP-2025-0113,CODE,합성-과제코드,mid,synthetic,1
DP-2008-0536,CODE,합성-과제코드,mid,synthetic,1
MIL-2009-0247,CODE,합성-과제코드,mid,synthetic,1
EXP-2011-0001,CODE,합성-과제코드,mid,synthetic,1
EXP-2014-0326,CODE,합성-과제코드,mid,synthetic,1
SYS-2026-0449,CODE,합성-과제코드,mid,synthetic,1
TECH-2021-0573,CODE,합성-과제코드,mid,synthetic,1
PRJ-2009-0079,CODE,합성-과제코드,mid,synthetic,1
DP-2005-0190,CODE,합성-과제코드,mid,synthetic,1
SYS-2018-0406,CODE,합성-과제코드,mid,synthetic,1
EXP-2008-0003,CODE,합성-과제코드,mid,synthetic,1
EXP-2018-0106,CODE,합성-과제코드,mid,synthetic,1
SYS-2021-0322,CODE,합성-과제코드,mid,synthetic,1
TECH-2016-0382,CODE,합성-과제코드,mid,synthetic,1
SEC-2013-0016,CODE,합성-과제코드,mid,synthetic,1
EXP-2007-0381,CODE,합성-과제코드,mid,synthetic,1
TECH-2024-0269,CODE,합성-과제코드,mid,synthetic,1
SEC-2006-0332,CODE,합성-과제코드,mid,synthetic,1
ROC-2006-0232,CODE,합성-과제코드,mid,synthetic,1
ROC-2026-0320,CODE,합성-과제코드,mid,synthetic,1
TECH-2026-0541,CODE,합성-과제코드,mid,synthetic,1
ROC-2020-0555,CODE,합성-과제코드,mid,synthetic,1
PRJ-2019-0449,CODE,합성-과제코드,mid,synthetic,1
TECH-2006-0264,CODE,합성-과제코드,mid,synthetic,1
TECH-2017-0276,CODE,합성-과제코드,mid,synthetic,1
PRJ-2011-0431,CODE,합성-과제코드,mid,synthetic,1
MIL-2023-0551,CODE,합성-과제코드,mid,synthetic,1
MIL-2005-0152,CODE,합성-과제코드,mid,synthetic,1
MIL-2008-0100,CODE,합성-과제코드,mid,synthetic,1
PRJ-2018-0174,CODE,합성-과제코드,mid,synthetic,1
SEC-2013-0174,CODE,합성-과제코드,mid,synthetic,1
ROC-2005-0123,CODE,합성-과제코드,mid,synthetic,1
TECH-2014-0598,CODE,합성-과제코드,mid,synthetic,1
SEC-2011-0242,CODE,합성-과제코드,mid,synthetic,1
PRJ-2022-0024,CODE,합성-과제코드,mid,synthetic,1
MIL-2018-0419,CODE,합성-과제코드,mid,synthetic,1
SEC-2025-0440,CODE,합성-과제코드,mid,synthetic,1
MIL-2023-0104,CODE,합성-과제코드,mid,synthetic,1
TECH-2021-0485,CODE,합성-과제코드,mid,synthetic,1
PRJ-2005-0052,CODE,합성-과제코드,mid,synthetic,1
DP-2024-0140,CODE,합성-과제코드,mid,synthetic,1
TECH-2009-0345,CODE,합성-과제코드,mid,synthetic,1
SEC-2024-0516,CODE,합성-과제코드,mid,synthetic,1
SYS-2017-0305,CODE,합성-과제코드,mid,synthetic,1
DP-2014-0331,CODE,합성-과제코드,mid,synthetic,1
TECH-2016-0321,CODE,합성-과제코드,mid,synthetic,1
DP-2022-0579,CODE,합성-과제코드,mid,synthetic,1
SYS-2010-0007,CODE,합성-과제코드,mid,synthetic,1
ROC-2026-0370,CODE,합성-과제코드,mid,synthetic,1
SYS-2019-0370,CODE,합성-과제코드,mid,synthetic,1
DP-2016-0411,CODE,합성-과제코드,mid,synthetic,1
PRJ-2010-0132,CODE,합성-과제코드,mid,synthetic,1
PRJ-2005-0046,CODE,합성-과제코드,mid,synthetic,1
SYS-2025-0068,CODE,합성-과제코드,mid,synthetic,1
PRJ-2005-0097,CODE,합성-과제코드,mid,synthetic,1
TECH-2015-0117,CODE,합성-과제코드,mid,synthetic,1
ROC-2012-0495,CODE,합성-과제코드,mid,synthetic,1
DP-2020-0386,CODE,합성-과제코드,mid,synthetic,1
ROC-2014-0174,CODE,합성-과제코드,mid,synthetic,1
EXP-2014-0508,CODE,합성-과제코드,mid,synthetic,1
MIL-2013-0190,CODE,합성-과제코드,mid,synthetic,1
TECH-2012-0228,CODE,합성-과제코드,mid,synthetic,1
PRJ-2019-0258,CODE,합성-과제코드,mid,synthetic,1
DP-2010-0555,CODE,합성-과제코드,mid,synthetic,1
SYS-2024-0044,CODE,합성-과제코드,mid,synthetic,1
EXP-2024-0310,CODE,합성-과제코드,mid,synthetic,1
DP-2005-0576,CODE,합성-과제코드,mid,synthetic,1
PRJ-2012-0330,CODE,합성-과제코드,mid,synthetic,1
PRJ-2017-0024,CODE,합성-과제코드,mid,synthetic,1
MIL-2022-0078,CODE,합성-과제코드,mid,synthetic,1
ROC-2013-0253,CODE,합성-과제코드,mid,synthetic,1
SEC-2026-0294,CODE,합성-과제코드,mid,synthetic,1
MIL-2025-0044,CODE,합성-과제코드,mid,synthetic,1
SYS-2022-0561,CODE,합성-과제코드,mid,synthetic,1
EXP-2023-0519,CODE,합성-과제코드,mid,synthetic,1
TECH-2020-0283,CODE,합성-과제코드,mid,synthetic,1
EXP-2020-0038,CODE,합성-과제코드,mid,synthetic,1
MIL-2010-0268,CODE,합성-과제코드,mid,synthetic,1
비밀 소나 전원장치 구매규격서,TECH_DOC,합성-체계부품문서,high,synthetic,1
TECH-2006-0256,CODE,합성-과제코드,mid,synthetic,1
ROC-2022-0134,CODE,합성-과제코드,mid,synthetic,1
ROC-2008-0337,CODE,합성-과제코드,mid,synthetic,1
EXP-2015-0321,CODE,합성-과제코드,mid,synthetic,1
TECH-2017-0503,CODE,합성-과제코드,mid,synthetic,1
PRJ-2023-0230,CODE,합성-과제코드,mid,synthetic,1
DP-2009-0447,CODE,합성-과제코드,mid,synthetic,1
DP-2012-0097,CODE,합성-과제코드,mid,synthetic,1
EXP-2007-0014,CODE,합성-과제코드,mid,synthetic,1
SYS-2005-0265,CODE,합성-과제코드,mid,synthetic,1
TECH-2023-0547,CODE,합성-과제코드,mid,synthetic,1
PRJ-2017-0303,CODE,합성-과제코드,mid,synthetic,1
PRJ-2022-0139,CODE,합성-과제코드,mid,synthetic,1
ROC-2025-0163,CODE,합성-과제코드,mid,synthetic,1
EXP-2011-0082,CODE,합성-과제코드,mid,synthetic,1
DP-2015-0451,CODE,합성-과제코드,mid,synthetic,1
SYS-2006-0480,CODE,합성-과제코드,mid,synthetic,1
EXP-2012-0267,CODE,합성-과제코드,mid,synthetic,1
DP-2018-0231,CODE,합성-과제코드,mid,synthetic,1
TECH-2014-0374,CODE,합성-과제코드,mid,synthetic,1
PRJ-2019-0457,CODE,합성-과제코드,mid,synthetic,1
PRJ-2009-0075,CODE,합성-과제코드,mid,synthetic,1
SEC-2025-0403,CODE,합성-과제코드,mid,synthetic,1
SEC-2017-0535,CODE,합성-과제코드,mid,synthetic,1
EXP-2015-0595,CODE,합성-과제코드,mid,synthetic,1
SYS-2005-0105,CODE,합성-과제코드,mid,synthetic,1
DP-2012-0436,CODE,합성-과제코드,mid,synthetic,1
ROC-2020-0298,CODE,합성-과제코드,mid,synthetic,1
SEC-2007-0454,CODE,합성-과제코드,mid,synthetic,1
TECH-2015-0283,CODE,합성-과제코드,mid,synthetic,1
DP-2006-0175,CODE,합성-과제코드,mid,synthetic,1
MIL-2020-0071,CODE,합성-과제코드,mid,synthetic,1
TECH-2024-0067,CODE,합성-과제코드,mid,synthetic,1
EXP-2016-0598,CODE,합성-과제코드,mid,synthetic,1
PRJ-2025-0458,CODE,합성-과제코드,mid,synthetic,1
MIL-2007-0570,CODE,합성-과제코드,mid,synthetic,1
SEC-2009-0355,CODE,합성-과제코드,mid,synthetic,1
DP-2009-0372,CODE,합성-과제코드,mid,synthetic,1
SYS-2014-0470,CODE,합성-과제코드,mid,synthetic,1
TECH-2022-0323,CODE,합성-과제코드,mid,synthetic,1
MIL-2023-0137,CODE,합성-과제코드,mid,synthetic,1
PRJ-2015-0061,CODE,합성-과제코드,mid,synthetic,1
MIL-2008-0529,CODE,합성-과제코드,mid,synthetic,1
MIL-2008-0221,CODE,합성-과제코드,mid,synthetic,1
MIL-2020-0069,CODE,합성-과제코드,mid,synthetic,1
MIL-2025-0448,CODE,합성-과제코드,mid,synthetic,1
PRJ-2009-0553,CODE,합성-과제코드,mid,synthetic,1
ROC-2017-0214,CODE,합성-과제코드,mid,synthetic,1
ROC-2015-0513,CODE,합성-과제코드,mid,synthetic,1
MIL-2024-0250,CODE,합성-과제코드,mid,synthetic,1
TECH-2018-0023,CODE,합성-과제코드,mid,synthetic,1
ROC-2021-0481,CODE,합성-과제코드,mid,synthetic,1
EXP-2022-0240,CODE,합성-과제코드,mid,synthetic,1
ROC-2026-0321,CODE,합성-과제코드,mid,synthetic,1
ROC-2021-0182,CODE,합성-과제코드,mid,synthetic,1
MIL-2017-0046,CODE,합성-과제코드,mid,synthetic,1
DP-2011-0532,CODE,합성-과제코드,mid,synthetic,1
대외비 추진체 암호모듈 시험성적서,TECH_DOC,합성-체계부품문서,high,synthetic,1
PRJ-2021-0241,CODE,합성-과제코드,mid,synthetic,1
TECH-2014-0252,CODE,합성-과제코드,mid,synthetic,1
DP-2006-0326,CODE,합성-과제코드,mid,synthetic,1
MIL-2010-0569,CODE,합성-과제코드,mid,synthetic,1
SYS-2024-0090,CODE,합성-과제코드,mid,synthetic,1
SYS-2008-0122,CODE,합성-과제코드,mid,synthetic,1
DP-2025-0190,CODE,합성-과제코드,mid,synthetic,1
SYS-2018-0504,CODE,합성-과제코드,mid,synthetic,1
MIL-2019-0458,CODE,합성-과제코드,mid,synthetic,1
DP-2018-0283,CODE,합성-과제코드,mid,synthetic,1
DP-2020-0450,CODE,합성-과제코드,mid,synthetic,1
MIL-2020-0558,CODE,합성-과제코드,mid,synthetic,1
PRJ-2005-0394,CODE,합성-과제코드,mid,synthetic,1
SEC-2008-0012,CODE,합성-과제코드,mid,synthetic,1
DP-2018-0478,CODE,합성-과제코드,mid,synthetic,1
EXP-2016-0265,CODE,합성-과제코드,mid,synthetic,1
TECH-2011-0248,CODE,합성-과제코드,mid,synthetic,1
MIL-2017-0275,CODE,합성-과제코드,mid,synthetic,1
MIL-2021-0127,CODE,합성-과제코드,mid,synthetic,1
MIL-2017-0469,CODE,합성-과제코드,mid,synthetic,1
DP-2008-0281,CODE,합성-과제코드,mid,synthetic,1
EXP-2014-0473,CODE,합성-과제코드,mid,synthetic,1
MIL-2026-0197,CODE,합성-과제코드,mid,synthetic,1
DP-2025-0305,CODE,합성-과제코드,mid,synthetic,1
PRJ-2020-0069,CODE,합성-과제코드,mid,synthetic,1
EXP-2019-0258,CODE,합성-과제코드,mid,synthetic,1
TECH-2013-0126,CODE,합성-과제코드,mid,synthetic,1
TECH-2013-0578,CODE,합성-과제코드,mid,synthetic,1
TECH-2009-0357,CODE,합성-과제코드,mid,synthetic,1
EXP-2005-0289,CODE,합성-과제코드,mid,synthetic,1
EXP-2012-0448,CODE,합성-과제코드,mid,synthetic,1
MIL-2006-0077,CODE,합성-과제코드,mid,synthetic,1
지휘통제 안테나 공정도,TECH_DOC,합성-체계부품문서,high,synthetic,1
SEC-2016-0384,CODE,합성-과제코드,mid,synthetic,1
DP-2026-0395,CODE,합성-과제코드,mid,synthetic,1
PRJ-2017-0115,CODE,합성-과제코드,mid,synthetic,1
SEC-2011-0025,CODE,합성-과제코드,mid,synthetic,1
전투기 열영상장비 구매규격서,TECH_DOC,합성-체계부품문서,high,synthetic,1
MIL-2015-0165,CODE,합성-과제코드,mid,synthetic,1
EXP-2008-0051,CODE,합성-과제코드,mid,synthetic,1
SYS-2013-0172,CODE,합성-과제코드,mid,synthetic,1
SEC-2005-0546,CODE,합성-과제코드,mid,synthetic,1
PRJ-2018-0071,CODE,합성-과제코드,mid,synthetic,1
ROC-2015-0026,CODE,합성-과제코드,mid,synthetic,1
MIL-2006-0577,CODE,합성-과제코드,mid,synthetic,1
DP-2007-0079,CODE,합성-과제코드,mid,synthetic,1
PRJ-2007-0453,CODE,합성-과제코드,mid,synthetic,1
MIL-2020-0084,CODE,합성-과제코드,mid,synthetic,1
SYS-2010-0566,CODE,합성-과제코드,mid,synthetic,1
DP-2017-0082,CODE,합성-과제코드,mid,synthetic,1
MIL-2005-0428,CODE,합성-과제코드,mid,synthetic,1
EXP-2013-0410,CODE,합성-과제코드,mid,synthetic,1
TECH-2013-0548,CODE,합성-과제코드,mid,synthetic,1
DP-2015-0228,CODE,합성-과제코드,mid,synthetic,1
MIL-2008-0152,CODE,합성-과제코드,mid,synthetic,1
ROC-2005-0186,CODE,합성-과제코드,mid,synthetic,1
ROC-2025-0105,CODE,합성-과제코드,mid,synthetic,1
PRJ-2006-0523,CODE,합성-과제코드,mid,synthetic,1
TECH-2022-0412,CODE,합성-과제코드,mid,synthetic,1
MIL-2009-0525,CODE,합성-과제코드,mid,synthetic,1
EXP-2025-0392,CODE,합성-과제코드,mid,synthetic,1
TECH-2012-0060,CODE,합성-과제코드,mid,synthetic,1
MIL-2022-0406,CODE,합성-과제코드,mid,synthetic,1
SEC-2023-0195,CODE,합성-과제코드,mid,synthetic,1
SEC-2012-0194,CODE,합성-과제코드,mid,synthetic,1
방공체계 통신모듈 설계도면,TECH_DOC,합성-체계부품문서,high,synthetic,1
SEC-2005-0234,CODE,합성-과제코드,mid,synthetic,1
SEC-2014-0524,CODE,합성-과제코드,mid,synthetic,1
TECH-2018-0593,CODE,합성-과제코드,mid,synthetic,1
PRJ-2012-0397,CODE,합성-과제코드,mid,synthetic,1
DP-2020-0580,CODE,합성-과제코드,mid,synthetic,1
ROC-2011-0534,CODE,합성-과제코드,mid,synthetic,1
ROC-2010-0596,CODE,합성-과제코드,mid,synthetic,1
DP-2015-0128,CODE,합성-과제코드,mid,synthetic,1
TECH-2024-0070,CODE,합성-과제코드,mid,synthetic,1
MIL-2006-0482,CODE,합성-과제코드,mid,synthetic,1
TECH-2006-0063,CODE,합성-과제코드,mid,synthetic,1
MIL-2018-0190,CODE,합성-과제코드,mid,synthetic,1
EXP-2019-0517,CODE,합성-과제코드,mid,synthetic,1
TECH-2026-0579,CODE,합성-과제코드,mid,synthetic,1
ROC-2014-0073,CODE,합성-과제코드,mid,synthetic,1
ROC-2021-0229,CODE,합성-과제코드,mid,synthetic,1
DP-2026-0074,CODE,합성-과제코드,mid,synthetic,1
EXP-2014-0360,CODE,합성-과제코드,mid,synthetic,1
SEC-2011-0544,CODE,합성-과제코드,mid,synthetic,1
MIL-2008-0545,CODE,합성-과제코드,mid,synthetic,1
SYS-2023-0380,CODE,합성-과제코드,mid,synthetic,1
DP-2014-0573,CODE,합성-과제코드,mid,synthetic,1
ROC-2013-0491,CODE,합성-과제코드,mid,synthetic,1
SYS-2019-0438,CODE,합성-과제코드,mid,synthetic,1
SYS-2012-0518,CODE,합성-과제코드,mid,synthetic,1
ROC-2021-0025,CODE,합성-과제코드,mid,synthetic,1
MIL-2012-0129,CODE,합성-과제코드,mid,synthetic,1
ROC-2018-0382,CODE,합성-과제코드,mid,synthetic,1
ROC-2008-0437,CODE,합성-과제코드,mid,synthetic,1
DP-2016-0365,CODE,합성-과제코드,mid,synthetic,1
EXP-2012-0499,CODE,합성-과제코드,mid,synthetic,1
DP-2009-0157,CODE,합성-과제코드,mid,synthetic,1
PRJ-2012-0486,CODE,합성-과제코드,mid,synthetic,1
TECH-2014-0253,CODE,합성-과제코드,mid,synthetic,1
PRJ-2015-0087,CODE,합성-과제코드,mid,synthetic,1
TECH-2005-0219,CODE,합성-과제코드,mid,synthetic,1
EXP-2010-0514,CODE,합성-과제코드,mid,synthetic,1
DP-2005-0075,CODE,합성-과제코드,mid,synthetic,1
SYS-2007-0095,CODE,합성-과제코드,mid,synthetic,1
DP-2016-0380,CODE,합성-과제코드,mid,synthetic,1
MIL-2015-0183,CODE,합성-과제코드,mid,synthetic,1
DP-2020-0569,CODE,합성-과제코드,mid,synthetic,1
PRJ-2023-0101,CODE,합성-과제코드,mid,synthetic,1
ROC-2014-0438,CODE,합성-과제코드,mid,synthetic,1
DP-2005-0479,CODE,합성-과제코드,mid,synthetic,1
SYS-2020-0340,CODE,합성-과제코드,mid,synthetic,1
PRJ-2007-0061,CODE,합성-과제코드,mid,synthetic,1
SEC-2016-0481,CODE,합성-과제코드,mid,synthetic,1
ROC-2025-0501,CODE,합성-과제코드,mid,synthetic,1
MIL-2012-0119,CODE,합성-과제코드,mid,synthetic,1
TECH-2012-0451,CODE,합성-과제코드,mid,synthetic,1
MIL-2019-0295,CODE,합성-과제코드,mid,synthetic,1
MIL-2012-0531,CODE,합성-과제코드,mid,synthetic,1
TECH-2024-0341,CODE,합성-과제코드,mid,synthetic,1
SEC-2015-0506,CODE,합성-과제코드,mid,synthetic,1
MIL-2015-0124,CODE,합성-과제코드,mid,synthetic,1
EXP-2012-0480,CODE,합성-과제코드,mid,synthetic,1
PRJ-2013-0142,CODE,합성-과제코드,mid,synthetic,1
MIL-2022-0512,CODE,합성-과제코드,mid,synthetic,1
DP-2024-0453,CODE,합성-과제코드,mid,synthetic,1
PRJ-2018-0264,CODE,합성-과제코드,mid,synthetic,1
TECH-2019-0416,CODE,합성-과제코드,mid,synthetic,1
PRJ-2009-0297,CODE,합성-과제코드,mid,synthetic,1
MIL-2009-0252,CODE,합성-과제코드,mid,synthetic,1
TECH-2023-0538,CODE,합성-과제코드,mid,synthetic,1
SEC-2019-0168,CODE,합성-과제코드,mid,synthetic,1
SEC-2009-0364,CODE,합성-과제코드,mid,synthetic,1
ROC-2007-0230,CODE,합성-과제코드,mid,synthetic,1
MIL-2019-0571,CODE,합성-과제코드,mid,synthetic,1
PRJ-2020-0188,CODE,합성-과제코드,mid,synthetic,1
PRJ-2005-0264,CODE,합성-과제코드,mid,synthetic,1
MIL-2018-0517,CODE,합성-과제코드,mid,synthetic,1
EXP-2010-0094,CODE,합성-과제코드,mid,synthetic,1
TECH-2012-0076,CODE,합성-과제코드,mid,synthetic,1
TECH-2007-0553,CODE,합성-과제코드,mid,synthetic,1
DP-2010-0122,CODE,합성-과제코드,mid,synthetic,1
ROC-2013-0518,CODE,합성-과제코드,mid,synthetic,1
EXP-2023-0296,CODE,합성-과제코드,mid,synthetic,1
레이더 열영상장비 소스코드,TECH_DOC,합성-체계부품문서,high,synthetic,1
MIL-2020-0489,CODE,합성-과제코드,mid,synthetic,1
SEC-2019-0352,CODE,합성-과제코드,mid,synthetic,1
MIL-2023-0592,CODE,합성-과제코드,mid,synthetic,1
SEC-2007-0065,CODE,합성-과제코드,mid,synthetic,1
TECH-2022-0335,CODE,합성-과제코드,mid,synthetic,1
SEC-2019-0401,CODE,합성-과제코드,mid,synthetic,1
EXP-2023-0064,CODE,합성-과제코드,mid,synthetic,1
SEC-2023-0396,CODE,합성-과제코드,mid,synthetic,1
EXP-2022-0196,CODE,합성-과제코드,mid,synthetic,1
MIL-2017-0078,CODE,합성-과제코드,mid,synthetic,1
SEC-2010-0040,CODE,합성-과제코드,mid,synthetic,1
ROC-2025-0514,CODE,합성-과제코드,mid,synthetic,1
TECH-2011-0253,CODE,합성-과제코드,mid,synthetic,1
SYS-2023-0112,CODE,합성-과제코드,mid,synthetic,1
ROC-2022-0256,CODE,합성-과제코드,mid,synthetic,1
TECH-2005-0578,CODE,합성-과제코드,mid,synthetic,1
EXP-2006-0220,CODE,합성-과제코드,mid,synthetic,1
ROC-2012-0123,CODE,합성-과제코드,mid,synthetic,1
SYS-2014-0454,CODE,합성-과제코드,mid,synthetic,1
EXP-2015-0173,CODE,합성-과제코드,mid,synthetic,1
EXP-2026-0030,CODE,합성-과제코드,mid,synthetic,1
ROC-2016-0234,CODE,합성-과제코드,mid,synthetic,1
PRJ-2005-0106,CODE,합성-과제코드,mid,synthetic,1
SYS-2009-0382,CODE,합성-과제코드,mid,synthetic,1
TECH-2007-0210,CODE,합성-과제코드,mid,synthetic,1
PRJ-2012-0250,CODE,합성-과제코드,mid,synthetic,1
EXP-2006-0393,CODE,합성-과제코드,mid,synthetic,1
MIL-2025-0532,CODE,합성-과제코드,mid,synthetic,1
TECH-2024-0098,CODE,합성-과제코드,mid,synthetic,1
PRJ-2010-0318,CODE,합성-과제코드,mid,synthetic,1
PRJ-2005-0095,CODE,합성-과제코드,mid,synthetic,1
DP-2023-0490,CODE,합성-과제코드,mid,synthetic,1
PRJ-2012-0563,CODE,합성-과제코드,mid,synthetic,1
PRJ-2019-0527,CODE,합성-과제코드,mid,synthetic,1
DP-2022-0560,CODE,합성-과제코드,mid,synthetic,1
SYS-2022-0114,CODE,합성-과제코드,mid,synthetic,1
ROC-2018-0133,CODE,합성-과제코드,mid,synthetic,1
DP-2011-0484,CODE,합성-과제코드,mid,synthetic,1
ROC-2007-0046,CODE,합성-과제코드,mid,synthetic,1
TECH-2018-0263,CODE,합성-과제코드,mid,synthetic,1
TECH-2024-0537,CODE,합성-과제코드,mid,synthetic,1
SEC-2013-0424,CODE,합성-과제코드,mid,synthetic,1
PRJ-2016-0418,CODE,합성-과제코드,mid,synthetic,1
ROC-2017-0431,CODE,합성-과제코드,mid,synthetic,1
대외비 헬기 시뮬레이터 성능분석자료,TECH_DOC,합성-체계부품문서,high,synthetic,1
PRJ-2011-0581,CODE,합성-과제코드,mid,synthetic,1
TECH-2013-0500,CODE,합성-과제코드,mid,synthetic,1
SYS-2019-0522,CODE,합성-과제코드,mid,synthetic,1
DP-2026-0045,CODE,합성-과제코드,mid,synthetic,1
ROC-2018-0225,CODE,합성-과제코드,mid,synthetic,1
EXP-2011-0143,CODE,합성-과제코드,mid,synthetic,1
SYS-2013-0540,CODE,합성-과제코드,mid,synthetic,1
ROC-2012-0483,CODE,합성-과제코드,mid,synthetic,1
MIL-2010-0576,CODE,합성-과제코드,mid,synthetic,1
위성 신호처리기 개발계획서,TECH_DOC,합성-체계부품문서,high,synthetic,1
PRJ-2010-0361,CODE,합성-과제코드,mid,synthetic,1
PRJ-2005-0007,CODE,합성-과제코드,mid,synthetic,1
TECH-2006-0541,CODE,합성-과제코드,mid,synthetic,1
SEC-2008-0368,CODE,합성-과제코드,mid,synthetic,1
MIL-2022-0543,CODE,합성-과제코드,mid,synthetic,1
DP-2019-0157,CODE,합성-과제코드,mid,synthetic,1
ROC-2013-0404,CODE,합성-과제코드,mid,synthetic,1
MIL-2012-0474,CODE,합성-과제코드,mid,synthetic,1
ROC-2006-0547,CODE,합성-과제코드,mid,synthetic,1
자주포 안테나 성능분석자료,TECH_DOC,합성-체계부품문서,high,synthetic,1
SYS-2021-0433,CODE,합성-과제코드,mid,synthetic,1
TECH-2019-0245,CODE,합성-과제코드,mid,synthetic,1
TECH-2013-0085,CODE,합성-과제코드,mid,synthetic,1
EXP-2014-0239,CODE,합성-과제코드,mid,synthetic,1
TECH-2023-0148,CODE,합성-과제코드,mid,synthetic,1
MIL-2017-0421,CODE,합성-과제코드,mid,synthetic,1
MIL-2010-0537,CODE,합성-과제코드,mid,synthetic,1
MIL-2006-0111,CODE,합성-과제코드,mid,synthetic,1
MIL-2005-0061,CODE,합성-과제코드,mid,synthetic,1
ROC-2006-0159,CODE,합성-과제코드,mid,synthetic,1
TECH-2018-0148,CODE,합성-과제코드,mid,synthetic,1
TECH-2019-0353,CODE,합성-과제코드,mid,synthetic,1
TECH-2013-0096,CODE,합성-과제코드,mid,synthetic,1
SEC-2026-0108,CODE,합성-과제코드,mid,synthetic,1
SYS-2006-0155,CODE,합성-과제코드,mid,synthetic,1
EXP-2020-0463,CODE,합성-과제코드,mid,synthetic,1
EXP-2020-0552,CODE,합성-과제코드,mid,synthetic,1
SYS-2022-0430,CODE,합성-과제코드,mid,synthetic,1
SYS-2017-0533,CODE,합성-과제코드,mid,synthetic,1
DP-2006-0016,CODE,합성-과제코드,mid,synthetic,1
SEC-2022-0343,CODE,합성-과제코드,mid,synthetic,1
MIL-2011-0319,CODE,합성-과제코드,mid,synthetic,1
EXP-2005-0371,CODE,합성-과제코드,mid,synthetic,1
EXP-2020-0058,CODE,합성-과제코드,mid,synthetic,1
SYS-2026-0076,CODE,합성-과제코드,mid,synthetic,1
TECH-2005-0081,CODE,합성-과제코드,mid,synthetic,1
DP-2023-0042,CODE,합성-과제코드,mid,synthetic,1
SEC-2011-0542,CODE,합성-과제코드,mid,synthetic,1
DP-2009-0547,CODE,합성-과제코드,mid,synthetic,1
DP-2012-0252,CODE,합성-과제코드,mid,synthetic,1
PRJ-2009-0131,CODE,합성-과제코드,mid,synthetic,1
ROC-2013-0399,CODE,합성-과제코드,mid,synthetic,1
ROC-2018-0504,CODE,합성-과제코드,mid,synthetic,1
SYS-2020-0514,CODE,합성-과제코드,mid,synthetic,1
DP-2019-0520,CODE,합성-과제코드,mid,synthetic,1
SEC-2013-0198,CODE,합성-과제코드,mid,synthetic,1
대외비 유도무기 안테나 소스코드,TECH_DOC,합성-체계부품문서,high,synthetic,1
비밀 함정 구동장치 개발계획서,TECH_DOC,합성-체계부품문서,high,synthetic,1
PRJ-2018-0395,CODE,합성-과제코드,mid,synthetic,1
비밀 무인기 센서모듈 제조사양서,TECH_DOC,합성-체계부품문서,high,synthetic,1
DP-2015-0127,CODE,합성-과제코드,mid,synthetic,1
SYS-2013-0115,CODE,합성-과제코드,mid,synthetic,1
EXP-2026-0094,CODE,합성-과제코드,mid,synthetic,1
EXP-2023-0184,CODE,합성-과제코드,mid,synthetic,1
TECH-2015-0253,CODE,합성-과제코드,mid,synthetic,1
DP-2012-0297,CODE,합성-과제코드,mid,synthetic,1
SYS-2025-0100,CODE,합성-과제코드,mid,synthetic,1
PRJ-2007-0430,CODE,합성-과제코드,mid,synthetic,1
EXP-2026-0182,CODE,합성-과제코드,mid,synthetic,1
ROC-2021-0503,CODE,합성-과제코드,mid,synthetic,1
SYS-2012-0390,CODE,합성-과제코드,mid,synthetic,1
ROC-2006-0512,CODE,합성-과제코드,mid,synthetic,1
PRJ-2012-0412,CODE,합성-과제코드,mid,synthetic,1
PRJ-2026-0444,CODE,합성-과제코드,mid,synthetic,1
EXP-2017-0324,CODE,합성-과제코드,mid,synthetic,1
EXP-2017-0442,CODE,합성-과제코드,mid,synthetic,1
SYS-2013-0530,CODE,합성-과제코드,mid,synthetic,1
EXP-2026-0142,CODE,합성-과제코드,mid,synthetic,1
TECH-2011-0386,CODE,합성-과제코드,mid,synthetic,1
PRJ-2006-0333,CODE,합성-과제코드,mid,synthetic,1
SYS-2019-0423,CODE,합성-과제코드,mid,synthetic,1
PRJ-2022-0424,CODE,합성-과제코드,mid,synthetic,1
PRJ-2010-0352,CODE,합성-과제코드,mid,synthetic,1
MIL-2015-0122,CODE,합성-과제코드,mid,synthetic,1
ROC-2015-0126,CODE,합성-과제코드,mid,synthetic,1
TECH-2011-0153,CODE,합성-과제코드,mid,synthetic,1
TECH-2024-0337,CODE,합성-과제코드,mid,synthetic,1
PRJ-2024-0007,CODE,합성-과제코드,mid,synthetic,1
MIL-2012-0282,CODE,합성-과제코드,mid,synthetic,1
PRJ-2009-0255,CODE,합성-과제코드,mid,synthetic,1
EXP-2006-0465,CODE,합성-과제코드,mid,synthetic,1
DP-2025-0177,CODE,합성-과제코드,mid,synthetic,1
MIL-2021-0363,CODE,합성-과제코드,mid,synthetic,1
SYS-2014-0039,CODE,합성-과제코드,mid,synthetic,1
MIL-2006-0215,CODE,합성-과제코드,mid,synthetic,1
EXP-2022-0053,CODE,합성-과제코드,mid,synthetic,1
MIL-2009-0038,CODE,합성-과제코드,mid,synthetic,1
EXP-2016-0026,CODE,합성-과제코드,mid,synthetic,1
SYS-2010-0202,CODE,합성-과제코드,mid,synthetic,1
DP-2014-0016,CODE,합성-과제코드,mid,synthetic,1
SEC-2017-0238,CODE,합성-과제코드,mid,synthetic,1
ROC-2009-0251,CODE,합성-과제코드,mid,synthetic,1
TECH-2005-0277,CODE,합성-과제코드,mid,synthetic,1
PRJ-2021-0537,CODE,합성-과제코드,mid,synthetic,1
ROC-2015-0178,CODE,합성-과제코드,mid,synthetic,1
PRJ-2018-0126,CODE,합성-과제코드,mid,synthetic,1
EXP-2005-0404,CODE,합성-과제코드,mid,synthetic,1
DP-2017-0009,CODE,합성-과제코드,mid,synthetic,1
MIL-2015-0024,CODE,합성-과제코드,mid,synthetic,1
잠수함 구동장치 형상관리문서,TECH_DOC,합성-체계부품문서,high,synthetic,1
TECH-2005-0278,CODE,합성-과제코드,mid,synthetic,1
MIL-2024-0124,CODE,합성-과제코드,mid,synthetic,1
EXP-2017-0115,CODE,합성-과제코드,mid,synthetic,1
MIL-2023-0450,CODE,합성-과제코드,mid,synthetic,1
SEC-2015-0236,CODE,합성-과제코드,mid,synthetic,1
ROC-2005-0558,CODE,합성-과제코드,mid,synthetic,1
DP-2016-0215,CODE,합성-과제코드,mid,synthetic,1
SYS-2005-0338,CODE,합성-과제코드,mid,synthetic,1
DP-2006-0154,CODE,합성-과제코드,mid,synthetic,1
SYS-2022-0019,CODE,합성-과제코드,mid,synthetic,1
MIL-2018-0417,CODE,합성-과제코드,mid,synthetic,1
SYS-2025-0075,CODE,합성-과제코드,mid,synthetic,1
SEC-2018-0187,CODE,합성-과제코드,mid,synthetic,1
EXP-2005-0123,CODE,합성-과제코드,mid,synthetic,1
SEC-2025-0423,CODE,합성-과제코드,mid,synthetic,1
SEC-2021-0022,CODE,합성-과제코드,mid,synthetic,1
DP-2024-0013,CODE,합성-과제코드,mid,synthetic,1
TECH-2021-0198,CODE,합성-과제코드,mid,synthetic,1
PRJ-2018-0448,CODE,합성-과제코드,mid,synthetic,1
TECH-2008-0264,CODE,합성-과제코드,mid,synthetic,1
TECH-2015-0058,CODE,합성-과제코드,mid,synthetic,1
ROC-2014-0499,CODE,합성-과제코드,mid,synthetic,1
EXP-2015-0349,CODE,합성-과제코드,mid,synthetic,1
DP-2012-0303,CODE,합성-과제코드,mid,synthetic,1
TECH-2006-0548,CODE,합성-과제코드,mid,synthetic,1
SEC-2011-0119,CODE,합성-과제코드,mid,synthetic,1
SEC-2009-0531,CODE,합성-과제코드,mid,synthetic,1
SYS-2005-0532,CODE,합성-과제코드,mid,synthetic,1
MIL-2024-0477,CODE,합성-과제코드,mid,synthetic,1
TECH-2005-0482,CODE,합성-과제코드,mid,synthetic,1
EXP-2010-0338,CODE,합성-과제코드,mid,synthetic,1
PRJ-2024-0061,CODE,합성-과제코드,mid,synthetic,1
SEC-2021-0254,CODE,합성-과제코드,mid,synthetic,1
SEC-2017-0466,CODE,합성-과제코드,mid,synthetic,1
SEC-2022-0106,CODE,합성-과제코드,mid,synthetic,1
TECH-2018-0028,CODE,합성-과제코드,mid,synthetic,1
EXP-2023-0303,CODE,합성-과제코드,mid,synthetic,1
MIL-2024-0030,CODE,합성-과제코드,mid,synthetic,1
EXP-2014-0320,CODE,합성-과제코드,mid,synthetic,1
TECH-2019-0248,CODE,합성-과제코드,mid,synthetic,1
ROC-2009-0097,CODE,합성-과제코드,mid,synthetic,1
헬기 시뮬레이터 시험성적서,TECH_DOC,합성-체계부품문서,high,synthetic,1
함정 암호모듈 성능분석자료,TECH_DOC,합성-체계부품문서,high,synthetic,1
EXP-2006-0252,CODE,합성-과제코드,mid,synthetic,1
SEC-2008-0502,CODE,합성-과제코드,mid,synthetic,1
MIL-2013-0587,CODE,합성-과제코드,mid,synthetic,1
EXP-2025-0020,CODE,합성-과제코드,mid,synthetic,1
PRJ-2010-0238,CODE,합성-과제코드,mid,synthetic,1
PRJ-2005-0170,CODE,합성-과제코드,mid,synthetic,1
ROC-2018-0189,CODE,합성-과제코드,mid,synthetic,1
DP-2005-0474,CODE,합성-과제코드,mid,synthetic,1
EXP-2005-0500,CODE,합성-과제코드,mid,synthetic,1
MIL-2024-0580,CODE,합성-과제코드,mid,synthetic,1
ROC-2023-0537,CODE,합성-과제코드,mid,synthetic,1
SEC-2021-0154,CODE,합성-과제코드,mid,synthetic,1
SEC-2011-0112,CODE,합성-과제코드,mid,synthetic,1
PRJ-2019-0525,CODE,합성-과제코드,mid,synthetic,1
TECH-2024-0024,CODE,합성-과제코드,mid,synthetic,1
EXP-2019-0515,CODE,합성-과제코드,mid,synthetic,1
ROC-2016-0532,CODE,합성-과제코드,mid,synthetic,1
PRJ-2012-0291,CODE,합성-과제코드,mid,synthetic,1
SYS-2005-0168,CODE,합성-과제코드,mid,synthetic,1
SEC-2013-0477,CODE,합성-과제코드,mid,synthetic,1
EXP-2014-0050,CODE,합성-과제코드,mid,synthetic,1
DP-2024-0068,CODE,합성-과제코드,mid,synthetic,1
SEC-2013-0503,CODE,합성-과제코드,mid,synthetic,1
SYS-2026-0409,CODE,합성-과제코드,mid,synthetic,1
SYS-2019-0078,CODE,합성-과제코드,mid,synthetic,1
EXP-2024-0197,CODE,합성-과제코드,mid,synthetic,1
MIL-2015-0219,CODE,합성-과제코드,mid,synthetic,1
SEC-2019-0326,CODE,합성-과제코드,mid,synthetic,1
SEC-2026-0263,CODE,합성-과제코드,mid,synthetic,1
MIL-2024-0394,CODE,합성-과제코드,mid,synthetic,1
SEC-2015-0463,CODE,합성-과제코드,mid,synthetic,1
TECH-2018-0464,CODE,합성-과제코드,mid,synthetic,1
잠수함 신호처리기 공정도,TECH_DOC,합성-체계부품문서,high,synthetic,1
ROC-2026-0103,CODE,합성-과제코드,mid,synthetic,1
ROC-2005-0432,CODE,합성-과제코드,mid,synthetic,1
SEC-2025-0250,CODE,합성-과제코드,mid,synthetic,1
TECH-2006-0501,CODE,합성-과제코드,mid,synthetic,1
DP-2010-0137,CODE,합성-과제코드,mid,synthetic,1
ROC-2022-0165,CODE,합성-과제코드,mid,synthetic,1
SEC-2025-0229,CODE,합성-과제코드,mid,synthetic,1
PRJ-2021-0435,CODE,합성-과제코드,mid,synthetic,1
EXP-2025-0175,CODE,합성-과제코드,mid,synthetic,1
ROC-2005-0226,CODE,합성-과제코드,mid,synthetic,1
MIL-2025-0370,CODE,합성-과제코드,mid,synthetic,1
EXP-2005-0463,CODE,합성-과제코드,mid,synthetic,1
DP-2009-0217,CODE,합성-과제코드,mid,synthetic,1
TECH-2019-0137,CODE,합성-과제코드,mid,synthetic,1
TECH-2016-0261,CODE,합성-과제코드,mid,synthetic,1
대외비 무인기 시험장비 형상관리문서,TECH_DOC,합성-체계부품문서,high,synthetic,1
EXP-2010-0500,CODE,합성-과제코드,mid,synthetic,1
ROC-2018-0037,CODE,합성-과제코드,mid,synthetic,1
MIL-2017-0282,CODE,합성-과제코드,mid,synthetic,1
TECH-2021-0312,CODE,합성-과제코드,mid,synthetic,1
SEC-2015-0250,CODE,합성-과제코드,mid,synthetic,1
DP-2022-0478,CODE,합성-과제코드,mid,synthetic,1
DP-2006-0310,CODE,합성-과제코드,mid,synthetic,1
SEC-2008-0117,CODE,합성-과제코드,mid,synthetic,1
MIL-2010-0179,CODE,합성-과제코드,mid,synthetic,1
SYS-2024-0280,CODE,합성-과제코드,mid,synthetic,1
SYS-2026-0594,CODE,합성-과제코드,mid,synthetic,1
ROC-2011-0079,CODE,합성-과제코드,mid,synthetic,1
MIL-2009-0272,CODE,합성-과제코드,mid,synthetic,1
SEC-2019-0221,CODE,합성-과제코드,mid,synthetic,1
MIL-2024-0396,CODE,합성-과제코드,mid,synthetic,1
TECH-2015-0262,CODE,합성-과제코드,mid,synthetic,1
PRJ-2022-0466,CODE,합성-과제코드,mid,synthetic,1
EXP-2005-0495,CODE,합성-과제코드,mid,synthetic,1
DP-2007-0287,CODE,합성-과제코드,mid,synthetic,1
PRJ-2010-0111,CODE,합성-과제코드,mid,synthetic,1
EXP-2026-0597,CODE,합성-과제코드,mid,synthetic,1
DP-2012-0369,CODE,합성-과제코드,mid,synthetic,1
SEC-2011-0219,CODE,합성-과제코드,mid,synthetic,1
PRJ-2015-0101,CODE,합성-과제코드,mid,synthetic,1
SYS-2013-0466,CODE,합성-과제코드,mid,synthetic,1
ROC-2021-0342,CODE,합성-과제코드,mid,synthetic,1
EXP-2026-0083,CODE,합성-과제코드,mid,synthetic,1
MIL-2005-0482,CODE,합성-과제코드,mid,synthetic,1
EXP-2012-0207,CODE,합성-과제코드,mid,synthetic,1
TECH-2012-0006,CODE,합성-과제코드,mid,synthetic,1
TECH-2016-0568,CODE,합성-과제코드,mid,synthetic,1
SYS-2008-0499,CODE,합성-과제코드,mid,synthetic,1
SYS-2021-0014,CODE,합성-과제코드,mid,synthetic,1
TECH-2026-0296,CODE,합성-과제코드,mid,synthetic,1
SYS-2015-0552,CODE,합성-과제코드,mid,synthetic,1
EXP-2015-0231,CODE,합성-과제코드,mid,synthetic,1
PRJ-2023-0201,CODE,합성-과제코드,mid,synthetic,1
PRJ-2009-0348,CODE,합성-과제코드,mid,synthetic,1
PRJ-2022-0181,CODE,합성-과제코드,mid,synthetic,1
MIL-2006-0506,CODE,합성-과제코드,mid,synthetic,1
DP-2015-0541,CODE,합성-과제코드,mid,synthetic,1
SEC-2019-0302,CODE,합성-과제코드,mid,synthetic,1
DP-2022-0593,CODE,합성-과제코드,mid,synthetic,1
SEC-2016-0177,CODE,합성-과제코드,mid,synthetic,1
MIL-2024-0373,CODE,합성-과제코드,mid,synthetic,1
DP-2019-0171,CODE,합성-과제코드,mid,synthetic,1
EXP-2005-0060,CODE,합성-과제코드,mid,synthetic,1
MIL-2015-0102,CODE,합성-과제코드,mid,synthetic,1
PRJ-2026-0190,CODE,합성-과제코드,mid,synthetic,1
MIL-2019-0481,CODE,합성-과제코드,mid,synthetic,1
PRJ-2014-0547,CODE,합성-과제코드,mid,synthetic,1
TECH-2018-0278,CODE,합성-과제코드,mid,synthetic,1
SEC-2026-0157,CODE,합성-과제코드,mid,synthetic,1
ROC-2024-0016,CODE,합성-과제코드,mid,synthetic,1
MIL-2021-0441,CODE,합성-과제코드,mid,synthetic,1
EXP-2014-0510,CODE,합성-과제코드,mid,synthetic,1
PRJ-2020-0352,CODE,합성-과제코드,mid,synthetic,1
PRJ-2021-0197,CODE,합성-과제코드,mid,synthetic,1
MIL-2023-0542,CODE,합성-과제코드,mid,synthetic,1
PRJ-2009-0098,CODE,합성-과제코드,mid,synthetic,1
SYS-2019-0586,CODE,합성-과제코드,mid,synthetic,1
EXP-2010-0138,CODE,합성-과제코드,mid,synthetic,1
DP-2007-0524,CODE,합성-과제코드,mid,synthetic,1
DP-2013-0405,CODE,합성-과제코드,mid,synthetic,1
SEC-2026-0583,CODE,합성-과제코드,mid,synthetic,1
MIL-2024-0226,CODE,합성-과제코드,mid,synthetic,1
DP-2019-0019,CODE,합성-과제코드,mid,synthetic,1
TECH-2021-0341,CODE,합성-과제코드,mid,synthetic,1
TECH-2012-0208,CODE,합성-과제코드,mid,synthetic,1
EXP-2006-0150,CODE,합성-과제코드,mid,synthetic,1
DP-2017-0258,CODE,합성-과제코드,mid,synthetic,1
TECH-2019-0581,CODE,합성-과제코드,mid,synthetic,1
DP-2019-0333,CODE,합성-과제코드,mid,synthetic,1
EXP-2019-0039,CODE,합성-과제코드,mid,synthetic,1
PRJ-2021-0069,CODE,합성-과제코드,mid,synthetic,1
SEC-2019-0164,CODE,합성-과제코드,mid,synthetic,1
SEC-2018-0254,CODE,합성-과제코드,mid,synthetic,1
DP-2014-0389,CODE,합성-과제코드,mid,synthetic,1
EXP-2022-0190,CODE,합성-과제코드,mid,synthetic,1
DP-2007-0340,CODE,합성-과제코드,mid,synthetic,1
레이더 탐색기 제조사양서,TECH_DOC,합성-체계부품문서,high,synthetic,1
SEC-2005-0017,CODE,합성-과제코드,mid,synthetic,1
ROC-2012-0564,CODE,합성-과제코드,mid,synthetic,1
PRJ-2026-0337,CODE,합성-과제코드,mid,synthetic,1
전차 추진기관 개발계획서,TECH_DOC,합성-체계부품문서,high,synthetic,1
EXP-2005-0504,CODE,합성-과제코드,mid,synthetic,1
SYS-2011-0474,CODE,합성-과제코드,mid,synthetic,1
EXP-2012-0131,CODE,합성-과제코드,mid,synthetic,1
SEC-2008-0428,CODE,합성-과제코드,mid,synthetic,1
SEC-2024-0312,CODE,합성-과제코드,mid,synthetic,1
비밀 지휘통제 시뮬레이터 구매규격서,TECH_DOC,합성-체계부품문서,high,synthetic,1
PRJ-2012-0343,CODE,합성-과제코드,mid,synthetic,1
DP-2012-0151,CODE,합성-과제코드,mid,synthetic,1
MIL-2008-0218,CODE,합성-과제코드,mid,synthetic,1
ROC-2016-0416,CODE,합성-과제코드,mid,synthetic,1
ROC-2010-0121,CODE,합성-과제코드,mid,synthetic,1
DP-2014-0522,CODE,합성-과제코드,mid,synthetic,1
EXP-2012-0265,CODE,합성-과제코드,mid,synthetic,1
SEC-2018-0259,CODE,합성-과제코드,mid,synthetic,1
SYS-2006-0166,CODE,합성-과제코드,mid,synthetic,1
PRJ-2005-0122,CODE,합성-과제코드,mid,synthetic,1
PRJ-2026-0463,CODE,합성-과제코드,mid,synthetic,1
DP-2007-0439,CODE,합성-과제코드,mid,synthetic,1
SEC-2005-0538,CODE,합성-과제코드,mid,synthetic,1
ROC-2005-0201,CODE,합성-과제코드,mid,synthetic,1
MIL-2011-0427,CODE,합성-과제코드,mid,synthetic,1
MIL-2006-0003,CODE,합성-과제코드,mid,synthetic,1
EXP-2018-0563,CODE,합성-과제코드,mid,synthetic,1
TECH-2018-0116,CODE,합성-과제코드,mid,synthetic,1
DP-2024-0064,CODE,합성-과제코드,mid,synthetic,1
MIL-2007-0450,CODE,합성-과제코드,mid,synthetic,1
SEC-2015-0044,CODE,합성-과제코드,mid,synthetic,1
PRJ-2013-0145,CODE,합성-과제코드,mid,synthetic,1
DP-2026-0026,CODE,합성-과제코드,mid,synthetic,1
PRJ-2025-0182,CODE,합성-과제코드,mid,synthetic,1
EXP-2021-0468,CODE,합성-과제코드,mid,synthetic,1
ROC-2011-0252,CODE,합성-과제코드,mid,synthetic,1
TECH-2007-0368,CODE,합성-과제코드,mid,synthetic,1
MIL-2025-0593,CODE,합성-과제코드,mid,synthetic,1
MIL-2013-0136,CODE,합성-과제코드,mid,synthetic,1
SYS-2015-0289,CODE,합성-과제코드,mid,synthetic,1
MIL-2024-0181,CODE,합성-과제코드,mid,synthetic,1
SEC-2007-0086,CODE,합성-과제코드,mid,synthetic,1
SYS-2009-0184,CODE,합성-과제코드,mid,synthetic,1
MIL-2016-0458,CODE,합성-과제코드,mid,synthetic,1
SYS-2005-0439,CODE,합성-과제코드,mid,synthetic,1
SYS-2020-0231,CODE,합성-과제코드,mid,synthetic,1
EXP-2018-0241,CODE,합성-과제코드,mid,synthetic,1
SEC-2018-0415,CODE,합성-과제코드,mid,synthetic,1
MIL-2025-0105,CODE,합성-과제코드,mid,synthetic,1
SYS-2006-0439,CODE,합성-과제코드,mid,synthetic,1
TECH-2006-0589,CODE,합성-과제코드,mid,synthetic,1
레이더 탐색기 설계도면,TECH_DOC,합성-체계부품문서,high,synthetic,1
DP-2019-0517,CODE,합성-과제코드,mid,synthetic,1
EXP-2020-0014,CODE,합성-과제코드,mid,synthetic,1
SEC-2025-0305,CODE,합성-과제코드,mid,synthetic,1
EXP-2008-0039,CODE,합성-과제코드,mid,synthetic,1
SEC-2007-0310,CODE,합성-과제코드,mid,synthetic,1
SEC-2007-0025,CODE,합성-과제코드,mid,synthetic,1
ROC-2025-0582,CODE,합성-과제코드,mid,synthetic,1
PRJ-2007-0102,CODE,합성-과제코드,mid,synthetic,1
SEC-2013-0251,CODE,합성-과제코드,mid,synthetic,1
PRJ-2013-0399,CODE,합성-과제코드,mid,synthetic,1
SYS-2006-0079,CODE,합성-과제코드,mid,synthetic,1
자주포 신호처리기 제조사양서,TECH_DOC,합성-체계부품문서,high,synthetic,1
MIL-2012-0467,CODE,합성-과제코드,mid,synthetic,1
EXP-2017-0130,CODE,합성-과제코드,mid,synthetic,1
PRJ-2006-0519,CODE,합성-과제코드,mid,synthetic,1
TECH-2009-0455,CODE,합성-과제코드,mid,synthetic,1
ROC-2018-0057,CODE,합성-과제코드,mid,synthetic,1
DP-2026-0586,CODE,합성-과제코드,mid,synthetic,1
SEC-2014-0410,CODE,합성-과제코드,mid,synthetic,1
SEC-2025-0296,CODE,합성-과제코드,mid,synthetic,1
ROC-2008-0180,CODE,합성-과제코드,mid,synthetic,1
DP-2020-0493,CODE,합성-과제코드,mid,synthetic,1
MIL-2012-0471,CODE,합성-과제코드,mid,synthetic,1
PRJ-2025-0034,CODE,합성-과제코드,mid,synthetic,1
SEC-2025-0001,CODE,합성-과제코드,mid,synthetic,1
ROC-2022-0026,CODE,합성-과제코드,mid,synthetic,1
ROC-2018-0245,CODE,합성-과제코드,mid,synthetic,1
MIL-2005-0532,CODE,합성-과제코드,mid,synthetic,1
ROC-2015-0580,CODE,합성-과제코드,mid,synthetic,1
DP-2019-0438,CODE,합성-과제코드,mid,synthetic,1
EXP-2010-0593,CODE,합성-과제코드,mid,synthetic,1
DP-2013-0182,CODE,합성-과제코드,mid,synthetic,1
MIL-2024-0519,CODE,합성-과제코드,mid,synthetic,1
SEC-2021-0487,CODE,합성-과제코드,mid,synthetic,1
비밀 함정 냉각장치 설계도면,TECH_DOC,합성-체계부품문서,high,synthetic,1
TECH-2017-0565,CODE,합성-과제코드,mid,synthetic,1
SEC-2012-0355,CODE,합성-과제코드,mid,synthetic,1
ROC-2020-0522,CODE,합성-과제코드,mid,synthetic,1
SYS-2021-0237,CODE,합성-과제코드,mid,synthetic,1
ROC-2024-0103,CODE,합성-과제코드,mid,synthetic,1
TECH-2009-0130,CODE,합성-과제코드,mid,synthetic,1
DP-2023-0332,CODE,합성-과제코드,mid,synthetic,1
SEC-2011-0013,CODE,합성-과제코드,mid,synthetic,1
SEC-2021-0513,CODE,합성-과제코드,mid,synthetic,1
EXP-2011-0210,CODE,합성-과제코드,mid,synthetic,1
SYS-2026-0418,CODE,합성-과제코드,mid,synthetic,1
SYS-2012-0290,CODE,합성-과제코드,mid,synthetic,1
SYS-2012-0287,CODE,합성-과제코드,mid,synthetic,1
SYS-2022-0352,CODE,합성-과제코드,mid,synthetic,1
MIL-2023-0219,CODE,합성-과제코드,mid,synthetic,1
EXP-2008-0490,CODE,합성-과제코드,mid,synthetic,1
MIL-2013-0208,CODE,합성-과제코드,mid,synthetic,1
MIL-2013-0598,CODE,합성-과제코드,mid,synthetic,1
EXP-2020-0492,CODE,합성-과제코드,mid,synthetic,1
전차 암호모듈 개발계획서,TECH_DOC,합성-체계부품문서,high,synthetic,1
TECH-2017-0296,CODE,합성-과제코드,mid,synthetic,1
TECH-2013-0577,CODE,합성-과제코드,mid,synthetic,1
SYS-2008-0312,CODE,합성-과제코드,mid,synthetic,1
TECH-2015-0526,CODE,합성-과제코드,mid,synthetic,1
SYS-2022-0528,CODE,합성-과제코드,mid,synthetic,1
MIL-2026-0361,CODE,합성-과제코드,mid,synthetic,1
TECH-2014-0153,CODE,합성-과제코드,mid,synthetic,1
SYS-2023-0080,CODE,합성-과제코드,mid,synthetic,1
EXP-2006-0174,CODE,합성-과제코드,mid,synthetic,1
PRJ-2009-0212,CODE,합성-과제코드,mid,synthetic,1
DP-2009-0454,CODE,합성-과제코드,mid,synthetic,1
PRJ-2012-0404,CODE,합성-과제코드,mid,synthetic,1
SYS-2026-0584,CODE,합성-과제코드,mid,synthetic,1
SEC-2021-0533,CODE,합성-과제코드,mid,synthetic,1
PRJ-2008-0278,CODE,합성-과제코드,mid,synthetic,1
SEC-2018-0145,CODE,합성-과제코드,mid,synthetic,1
EXP-2026-0214,CODE,합성-과제코드,mid,synthetic,1
SEC-2017-0220,CODE,합성-과제코드,mid,synthetic,1
DP-2010-0592,CODE,합성-과제코드,mid,synthetic,1
EXP-2011-0445,CODE,합성-과제코드,mid,synthetic,1
MIL-2012-0558,CODE,합성-과제코드,mid,synthetic,1
DP-2008-0176,CODE,합성-과제코드,mid,synthetic,1
TECH-2020-0213,CODE,합성-과제코드,mid,synthetic,1
EXP-2005-0143,CODE,합성-과제코드,mid,synthetic,1
ROC-2021-0439,CODE,합성-과제코드,mid,synthetic,1
TECH-2019-0181,CODE,합성-과제코드,mid,synthetic,1
SEC-2007-0495,CODE,합성-과제코드,mid,synthetic,1
ROC-2010-0494,CODE,합성-과제코드,mid,synthetic,1
ROC-2015-0540,CODE,합성-과제코드,mid,synthetic,1
DP-2012-0493,CODE,합성-과제코드,mid,synthetic,1
SEC-2022-0444,CODE,합성-과제코드,mid,synthetic,1
ROC-2008-0456,CODE,합성-과제코드,mid,synthetic,1
DP-2012-0169,CODE,합성-과제코드,mid,synthetic,1
PRJ-2014-0164,CODE,합성-과제코드,mid,synthetic,1
ROC-2026-0355,CODE,합성-과제코드,mid,synthetic,1
PRJ-2015-0243,CODE,합성-과제코드,mid,synthetic,1
SYS-2019-0038,CODE,합성-과제코드,mid,synthetic,1
SEC-2014-0085,CODE,합성-과제코드,mid,synthetic,1
ROC-2012-0121,CODE,합성-과제코드,mid,synthetic,1
SEC-2009-0072,CODE,합성-과제코드,mid,synthetic,1
SEC-2023-0394,CODE,합성-과제코드,mid,synthetic,1
ROC-2010-0081,CODE,합성-과제코드,mid,synthetic,1
ROC-2023-0490,CODE,합성-과제코드,mid,synthetic,1
MIL-2013-0383,CODE,합성-과제코드,mid,synthetic,1
EXP-2011-0434,CODE,합성-과제코드,mid,synthetic,1
EXP-2009-0231,CODE,합성-과제코드,mid,synthetic,1
DP-2007-0580,CODE,합성-과제코드,mid,synthetic,1
DP-2021-0353,CODE,합성-과제코드,mid,synthetic,1
EXP-2026-0184,CODE,합성-과제코드,mid,synthetic,1
ROC-2015-0238,CODE,합성-과제코드,mid,synthetic,1
SYS-2018-0025,CODE,합성-과제코드,mid,synthetic,1
TECH-2016-0440,CODE,합성-과제코드,mid,synthetic,1
MIL-2015-0584,CODE,합성-과제코드,mid,synthetic,1
SYS-2008-0401,CODE,합성-과제코드,mid,synthetic,1
DP-2023-0266,CODE,합성-과제코드,mid,synthetic,1
ROC-2005-0317,CODE,합성-과제코드,mid,synthetic,1
헬기 펌웨어 정비교범,TECH_DOC,합성-체계부품문서,high,synthetic,1
SYS-2013-0238,CODE,합성-과제코드,mid,synthetic,1
SYS-2025-0235,CODE,합성-과제코드,mid,synthetic,1
DP-2023-0045,CODE,합성-과제코드,mid,synthetic,1
TECH-2015-0201,CODE,합성-과제코드,mid,synthetic,1
SYS-2016-0348,CODE,합성-과제코드,mid,synthetic,1
ROC-2010-0084,CODE,합성-과제코드,mid,synthetic,1
PRJ-2025-0457,CODE,합성-과제코드,mid,synthetic,1
ROC-2014-0387,CODE,합성-과제코드,mid,synthetic,1
SEC-2026-0064,CODE,합성-과제코드,mid,synthetic,1
ROC-2012-0354,CODE,합성-과제코드,mid,synthetic,1
MIL-2026-0052,CODE,합성-과제코드,mid,synthetic,1
EXP-2019-0345,CODE,합성-과제코드,mid,synthetic,1
EXP-2025-0257,CODE,합성-과제코드,mid,synthetic,1
EXP-2015-0364,CODE,합성-과제코드,mid,synthetic,1
SEC-2014-0101,CODE,합성-과제코드,mid,synthetic,1
소나 시험장비 정비교범,TECH_DOC,합성-체계부품문서,high,synthetic,1
PRJ-2017-0176,CODE,합성-과제코드,mid,synthetic,1
PRJ-2016-0376,CODE,합성-과제코드,mid,synthetic,1
PRJ-2020-0331,CODE,합성-과제코드,mid,synthetic,1
TECH-2015-0309,CODE,합성-과제코드,mid,synthetic,1
MIL-2017-0104,CODE,합성-과제코드,mid,synthetic,1
SEC-2014-0142,CODE,합성-과제코드,mid,synthetic,1
DP-2014-0318,CODE,합성-과제코드,mid,synthetic,1
PRJ-2021-0376,CODE,합성-과제코드,mid,synthetic,1
PRJ-2018-0147,CODE,합성-과제코드,mid,synthetic,1
DP-2020-0049,CODE,합성-과제코드,mid,synthetic,1
ROC-2011-0284,CODE,합성-과제코드,mid,synthetic,1
MIL-2007-0363,CODE,합성-과제코드,mid,synthetic,1
TECH-2011-0406,CODE,합성-과제코드,mid,synthetic,1
TECH-2010-0443,CODE,합성-과제코드,mid,synthetic,1
DP-2013-0550,CODE,합성-과제코드,mid,synthetic,1
TECH-2010-0109,CODE,합성-과제코드,mid,synthetic,1
MIL-2022-0364,CODE,합성-과제코드,mid,synthetic,1
TECH-2009-0331,CODE,합성-과제코드,mid,synthetic,1
DP-2016-0012,CODE,합성-과제코드,mid,synthetic,1
EXP-2007-0222,CODE,합성-과제코드,mid,synthetic,1
TECH-2022-0087,CODE,합성-과제코드,mid,synthetic,1
DP-2013-0457,CODE,합성-과제코드,mid,synthetic,1
PRJ-2026-0128,CODE,합성-과제코드,mid,synthetic,1
EXP-2025-0226,CODE,합성-과제코드,mid,synthetic,1
EXP-2026-0179,CODE,합성-과제코드,mid,synthetic,1
DP-2021-0564,CODE,합성-과제코드,mid,synthetic,1
SEC-2018-0077,CODE,합성-과제코드,mid,synthetic,1
EXP-2014-0165,CODE,합성-과제코드,mid,synthetic,1
MIL-2005-0028,CODE,합성-과제코드,mid,synthetic,1
TECH-2025-0284,CODE,합성-과제코드,mid,synthetic,1
ROC-2005-0302,CODE,합성-과제코드,mid,synthetic,1
PRJ-2009-0283,CODE,합성-과제코드,mid,synthetic,1
DP-2010-0279,CODE,합성-과제코드,mid,synthetic,1
MIL-2012-0599,CODE,합성-과제코드,mid,synthetic,1
EXP-2008-0450,CODE,합성-과제코드,mid,synthetic,1
TECH-2015-0298,CODE,합성-과제코드,mid,synthetic,1
DP-2020-0584,CODE,합성-과제코드,mid,synthetic,1
EXP-2019-0005,CODE,합성-과제코드,mid,synthetic,1
TECH-2014-0189,CODE,합성-과제코드,mid,synthetic,1
EXP-2014-0395,CODE,합성-과제코드,mid,synthetic,1
PRJ-2018-0115,CODE,합성-과제코드,mid,synthetic,1
TECH-2022-0555,CODE,합성-과제코드,mid,synthetic,1
TECH-2007-0249,CODE,합성-과제코드,mid,synthetic,1
SEC-2023-0534,CODE,합성-과제코드,mid,synthetic,1
MIL-2019-0174,CODE,합성-과제코드,mid,synthetic,1
MIL-2012-0200,CODE,합성-과제코드,mid,synthetic,1
SYS-2008-0012,CODE,합성-과제코드,mid,synthetic,1
PRJ-2019-0318,CODE,합성-과제코드,mid,synthetic,1
MIL-2017-0524,CODE,합성-과제코드,mid,synthetic,1
MIL-2016-0412,CODE,합성-과제코드,mid,synthetic,1
EXP-2006-0177,CODE,합성-과제코드,mid,synthetic,1
SEC-2006-0310,CODE,합성-과제코드,mid,synthetic,1
EXP-2023-0384,CODE,합성-과제코드,mid,synthetic,1
DP-2011-0472,CODE,합성-과제코드,mid,synthetic,1
ROC-2005-0333,CODE,합성-과제코드,mid,synthetic,1
MIL-2006-0043,CODE,합성-과제코드,mid,synthetic,1
MIL-2010-0240,CODE,합성-과제코드,mid,synthetic,1
MIL-2005-0395,CODE,합성-과제코드,mid,synthetic,1
MIL-2022-0175,CODE,합성-과제코드,mid,synthetic,1
DP-2010-0058,CODE,합성-과제코드,mid,synthetic,1
SEC-2022-0081,CODE,합성-과제코드,mid,synthetic,1
SEC-2021-0013,CODE,합성-과제코드,mid,synthetic,1
DP-2007-0392,CODE,합성-과제코드,mid,synthetic,1
TECH-2012-0189,CODE,합성-과제코드,mid,synthetic,1
ROC-2017-0591,CODE,합성-과제코드,mid,synthetic,1
SYS-2010-0164,CODE,합성-과제코드,mid,synthetic,1
ROC-2009-0482,CODE,합성-과제코드,mid,synthetic,1
DP-2022-0480,CODE,합성-과제코드,mid,synthetic,1
SEC-2023-0490,CODE,합성-과제코드,mid,synthetic,1
SEC-2022-0129,CODE,합성-과제코드,mid,synthetic,1
MIL-2008-0450,CODE,합성-과제코드,mid,synthetic,1
ROC-2026-0590,CODE,합성-과제코드,mid,synthetic,1
SYS-2009-0227,CODE,합성-과제코드,mid,synthetic,1
EXP-2026-0073,CODE,합성-과제코드,mid,synthetic,1
ROC-2026-0255,CODE,합성-과제코드,mid,synthetic,1
SYS-2023-0251,CODE,합성-과제코드,mid,synthetic,1
PRJ-2012-0354,CODE,합성-과제코드,mid,synthetic,1
SEC-2005-0243,CODE,합성-과제코드,mid,synthetic,1
MIL-2005-0592,CODE,합성-과제코드,mid,synthetic,1
PRJ-2011-0048,CODE,합성-과제코드,mid,synthetic,1
EXP-2017-0575,CODE,합성-과제코드,mid,synthetic,1
MIL-2020-0545,CODE,합성-과제코드,mid,synthetic,1
ROC-2007-0464,CODE,합성-과제코드,mid,synthetic,1
TECH-2013-0368,CODE,합성-과제코드,mid,synthetic,1
DP-2020-0551,CODE,합성-과제코드,mid,synthetic,1
PRJ-2022-0590,CODE,합성-과제코드,mid,synthetic,1
MIL-2011-0074,CODE,합성-과제코드,mid,synthetic,1
MIL-2013-0340,CODE,합성-과제코드,mid,synthetic,1
SEC-2019-0563,CODE,합성-과제코드,mid,synthetic,1
SEC-2020-0262,CODE,합성-과제코드,mid,synthetic,1
EXP-2005-0201,CODE,합성-과제코드,mid,synthetic,1
TECH-2016-0424,CODE,합성-과제코드,mid,synthetic,1
SEC-2017-0240,CODE,합성-과제코드,mid,synthetic,1
ROC-2024-0021,CODE,합성-과제코드,mid,synthetic,1
EXP-2024-0294,CODE,합성-과제코드,mid,synthetic,1
EXP-2026-0183,CODE,합성-과제코드,mid,synthetic,1
ROC-2012-0446,CODE,합성-과제코드,mid,synthetic,1
TECH-2021-0016,CODE,합성-과제코드,mid,synthetic,1
SEC-2015-0300,CODE,합성-과제코드,mid,synthetic,1
ROC-2018-0299,CODE,합성-과제코드,mid,synthetic,1
EXP-2016-0094,CODE,합성-과제코드,mid,synthetic,1
SYS-2026-0164,CODE,합성-과제코드,mid,synthetic,1
MIL-2009-0299,CODE,합성-과제코드,mid,synthetic,1
SEC-2013-0033,CODE,합성-과제코드,mid,synthetic,1
SEC-2005-0029,CODE,합성-과제코드,mid,synthetic,1
DP-2017-0469,CODE,합성-과제코드,mid,synthetic,1
SYS-2005-0225,CODE,합성-과제코드,mid,synthetic,1
SEC-2020-0035,CODE,합성-과제코드,mid,synthetic,1
MIL-2006-0054,CODE,합성-과제코드,mid,synthetic,1
MIL-2023-0166,CODE,합성-과제코드,mid,synthetic,1
EXP-2016-0128,CODE,합성-과제코드,mid,synthetic,1
비밀 잠수함 전원장치 제조사양서,TECH_DOC,합성-체계부품문서,high,synthetic,1
PRJ-2006-0313,CODE,합성-과제코드,mid,synthetic,1
DP-2018-0086,CODE,합성-과제코드,mid,synthetic,1
ROC-2017-0041,CODE,합성-과제코드,mid,synthetic,1
EXP-2012-0195,CODE,합성-과제코드,mid,synthetic,1
ROC-2022-0272,CODE,합성-과제코드,mid,synthetic,1
PRJ-2018-0262,CODE,합성-과제코드,mid,synthetic,1
EXP-2006-0187,CODE,합성-과제코드,mid,synthetic,1
DP-2006-0225,CODE,합성-과제코드,mid,synthetic,1
SEC-2017-0551,CODE,합성-과제코드,mid,synthetic,1
TECH-2021-0265,CODE,합성-과제코드,mid,synthetic,1
MIL-2016-0437,CODE,합성-과제코드,mid,synthetic,1
ROC-2020-0456,CODE,합성-과제코드,mid,synthetic,1
MIL-2016-0514,CODE,합성-과제코드,mid,synthetic,1
DP-2009-0596,CODE,합성-과제코드,mid,synthetic,1
SYS-2006-0310,CODE,합성-과제코드,mid,synthetic,1
ROC-2024-0537,CODE,합성-과제코드,mid,synthetic,1
SYS-2022-0348,CODE,합성-과제코드,mid,synthetic,1
대외비 추진체 신호처리기 소스코드,TECH_DOC,합성-체계부품문서,high,synthetic,1
MIL-2018-0118,CODE,합성-과제코드,mid,synthetic,1
DP-2025-0583,CODE,합성-과제코드,mid,synthetic,1
PRJ-2007-0425,CODE,합성-과제코드,mid,synthetic,1
TECH-2017-0080,CODE,합성-과제코드,mid,synthetic,1
TECH-2019-0388,CODE,합성-과제코드,mid,synthetic,1
SYS-2008-0259,CODE,합성-과제코드,mid,synthetic,1
EXP-2012-0105,CODE,합성-과제코드,mid,synthetic,1
DP-2010-0589,CODE,합성-과제코드,mid,synthetic,1
PRJ-2017-0166,CODE,합성-과제코드,mid,synthetic,1
TECH-2012-0586,CODE,합성-과제코드,mid,synthetic,1
ROC-2005-0552,CODE,합성-과제코드,mid,synthetic,1
MIL-2022-0379,CODE,합성-과제코드,mid,synthetic,1
SYS-2026-0453,CODE,합성-과제코드,mid,synthetic,1
TECH-2025-0315,CODE,합성-과제코드,mid,synthetic,1
MIL-2017-0258,CODE,합성-과제코드,mid,synthetic,1
EXP-2019-0132,CODE,합성-과제코드,mid,synthetic,1
MIL-2024-0183,CODE,합성-과제코드,mid,synthetic,1
SEC-2005-0414,CODE,합성-과제코드,mid,synthetic,1
TECH-2023-0223,CODE,합성-과제코드,mid,synthetic,1
TECH-2020-0421,CODE,합성-과제코드,mid,synthetic,1
EXP-2016-0382,CODE,합성-과제코드,mid,synthetic,1
TECH-2014-0347,CODE,합성-과제코드,mid,synthetic,1
SEC-2023-0341,CODE,합성-과제코드,mid,synthetic,1
SEC-2025-0028,CODE,합성-과제코드,mid,synthetic,1
SYS-2022-0221,CODE,합성-과제코드,mid,synthetic,1
SEC-2023-0491,CODE,합성-과제코드,mid,synthetic,1
SYS-2015-0366,CODE,합성-과제코드,mid,synthetic,1
PRJ-2023-0268,CODE,합성-과제코드,mid,synthetic,1
TECH-2020-0500,CODE,합성-과제코드,mid,synthetic,1
DP-2007-0597,CODE,합성-과제코드,mid,synthetic,1
TECH-2011-0520,CODE,합성-과제코드,mid,synthetic,1
비밀 소나 냉각장치 구매규격서,TECH_DOC,합성-체계부품문서,high,synthetic,1
PRJ-2024-0411,CODE,합성-과제코드,mid,synthetic,1
SYS-2016-0281,CODE,합성-과제코드,mid,synthetic,1
ROC-2009-0027,CODE,합성-과제코드,mid,synthetic,1
SYS-2009-0026,CODE,합성-과제코드,mid,synthetic,1
PRJ-2007-0003,CODE,합성-과제코드,mid,synthetic,1
SEC-2014-0396,CODE,합성-과제코드,mid,synthetic,1
TECH-2016-0231,CODE,합성-과제코드,mid,synthetic,1
SEC-2016-0123,CODE,합성-과제코드,mid,synthetic,1
SYS-2011-0456,CODE,합성-과제코드,mid,synthetic,1
EXP-2007-0429,CODE,합성-과제코드,mid,synthetic,1
DP-2026-0363,CODE,합성-과제코드,mid,synthetic,1
PRJ-2014-0502,CODE,합성-과제코드,mid,synthetic,1
SEC-2023-0192,CODE,합성-과제코드,mid,synthetic,1
EXP-2010-0568,CODE,합성-과제코드,mid,synthetic,1
SEC-2006-0539,CODE,합성-과제코드,mid,synthetic,1
SYS-2013-0404,CODE,합성-과제코드,mid,synthetic,1
TECH-2014-0377,CODE,합성-과제코드,mid,synthetic,1
DP-2014-0501,CODE,합성-과제코드,mid,synthetic,1
SEC-2005-0139,CODE,합성-과제코드,mid,synthetic,1
PRJ-2012-0038,CODE,합성-과제코드,mid,synthetic,1
TECH-2017-0582,CODE,합성-과제코드,mid,synthetic,1
ROC-2026-0563,CODE,합성-과제코드,mid,synthetic,1
ROC-2020-0152,CODE,합성-과제코드,mid,synthetic,1
SEC-2014-0121,CODE,합성-과제코드,mid,synthetic,1
ROC-2008-0011,CODE,합성-과제코드,mid,synthetic,1
TECH-2010-0278,CODE,합성-과제코드,mid,synthetic,1
PRJ-2024-0085,CODE,합성-과제코드,mid,synthetic,1
SEC-2026-0185,CODE,합성-과제코드,mid,synthetic,1
DP-2023-0046,CODE,합성-과제코드,mid,synthetic,1
SEC-2007-0436,CODE,합성-과제코드,mid,synthetic,1
MIL-2007-0544,CODE,합성-과제코드,mid,synthetic,1
DP-2011-0385,CODE,합성-과제코드,mid,synthetic,1
SEC-2014-0496,CODE,합성-과제코드,mid,synthetic,1
MIL-2016-0191,CODE,합성-과제코드,mid,synthetic,1
DP-2022-0267,CODE,합성-과제코드,mid,synthetic,1
ROC-2009-0136,CODE,합성-과제코드,mid,synthetic,1
PRJ-2007-0147,CODE,합성-과제코드,mid,synthetic,1
PRJ-2019-0394,CODE,합성-과제코드,mid,synthetic,1
SEC-2025-0327,CODE,합성-과제코드,mid,synthetic,1
MIL-2006-0468,CODE,합성-과제코드,mid,synthetic,1
EXP-2013-0398,CODE,합성-과제코드,mid,synthetic,1
DP-2023-0007,CODE,합성-과제코드,mid,synthetic,1
ROC-2012-0299,CODE,합성-과제코드,mid,synthetic,1
ROC-2017-0076,CODE,합성-과제코드,mid,synthetic,1
PRJ-2011-0152,CODE,합성-과제코드,mid,synthetic,1
TECH-2015-0449,CODE,합성-과제코드,mid,synthetic,1
ROC-2021-0177,CODE,합성-과제코드,mid,synthetic,1
DP-2018-0518,CODE,합성-과제코드,mid,synthetic,1
PRJ-2013-0454,CODE,합성-과제코드,mid,synthetic,1
DP-2023-0445,CODE,합성-과제코드,mid,synthetic,1
TECH-2014-0123,CODE,합성-과제코드,mid,synthetic,1
SYS-2018-0092,CODE,합성-과제코드,mid,synthetic,1
ROC-2020-0343,CODE,합성-과제코드,mid,synthetic,1
SEC-2014-0349,CODE,합성-과제코드,mid,synthetic,1
DP-2016-0207,CODE,합성-과제코드,mid,synthetic,1
TECH-2017-0006,CODE,합성-과제코드,mid,synthetic,1
ROC-2009-0182,CODE,합성-과제코드,mid,synthetic,1
MIL-2023-0073,CODE,합성-과제코드,mid,synthetic,1
PRJ-2017-0140,CODE,합성-과제코드,mid,synthetic,1
SYS-2006-0324,CODE,합성-과제코드,mid,synthetic,1
TECH-2021-0240,CODE,합성-과제코드,mid,synthetic,1
DP-2024-0273,CODE,합성-과제코드,mid,synthetic,1
TECH-2010-0227,CODE,합성-과제코드,mid,synthetic,1
SYS-2017-0380,CODE,합성-과제코드,mid,synthetic,1
SYS-2014-0308,CODE,합성-과제코드,mid,synthetic,1
SYS-2011-0255,CODE,합성-과제코드,mid,synthetic,1
ROC-2010-0492,CODE,합성-과제코드,mid,synthetic,1
MIL-2026-0179,CODE,합성-과제코드,mid,synthetic,1
SEC-2012-0207,CODE,합성-과제코드,mid,synthetic,1
SYS-2006-0532,CODE,합성-과제코드,mid,synthetic,1
SEC-2016-0537,CODE,합성-과제코드,mid,synthetic,1
DP-2010-0048,CODE,합성-과제코드,mid,synthetic,1
SYS-2012-0392,CODE,합성-과제코드,mid,synthetic,1
SEC-2011-0093,CODE,합성-과제코드,mid,synthetic,1
SYS-2016-0386,CODE,합성-과제코드,mid,synthetic,1
SYS-2014-0156,CODE,합성-과제코드,mid,synthetic,1
DP-2014-0278,CODE,합성-과제코드,mid,synthetic,1
EXP-2018-0040,CODE,합성-과제코드,mid,synthetic,1
DP-2024-0144,CODE,합성-과제코드,mid,synthetic,1
MIL-2021-0134,CODE,합성-과제코드,mid,synthetic,1
SYS-2012-0350,CODE,합성-과제코드,mid,synthetic,1
SYS-2020-0488,CODE,합성-과제코드,mid,synthetic,1
SYS-2008-0150,CODE,합성-과제코드,mid,synthetic,1
ROC-2018-0051,CODE,합성-과제코드,mid,synthetic,1
ROC-2023-0533,CODE,합성-과제코드,mid,synthetic,1
SYS-2025-0302,CODE,합성-과제코드,mid,synthetic,1
DP-2019-0425,CODE,합성-과제코드,mid,synthetic,1
PRJ-2020-0026,CODE,합성-과제코드,mid,synthetic,1
SYS-2017-0230,CODE,합성-과제코드,mid,synthetic,1
DP-2019-0046,CODE,합성-과제코드,mid,synthetic,1
TECH-2020-0263,CODE,합성-과제코드,mid,synthetic,1
MIL-2015-0338,CODE,합성-과제코드,mid,synthetic,1
DP-2008-0573,CODE,합성-과제코드,mid,synthetic,1
TECH-2013-0475,CODE,합성-과제코드,mid,synthetic,1
TECH-2015-0536,CODE,합성-과제코드,mid,synthetic,1
DP-2017-0383,CODE,합성-과제코드,mid,synthetic,1
SYS-2022-0317,CODE,합성-과제코드,mid,synthetic,1
DP-2008-0403,CODE,합성-과제코드,mid,synthetic,1
ROC-2014-0540,CODE,합성-과제코드,mid,synthetic,1
ROC-2012-0090,CODE,합성-과제코드,mid,synthetic,1
EXP-2024-0447,CODE,합성-과제코드,mid,synthetic,1
SYS-2013-0289,CODE,합성-과제코드,mid,synthetic,1
SYS-2022-0109,CODE,합성-과제코드,mid,synthetic,1
대외비 탄약 통신모듈 구매규격서,TECH_DOC,합성-체계부품문서,high,synthetic,1
SEC-2017-0587,CODE,합성-과제코드,mid,synthetic,1
PRJ-2018-0159,CODE,합성-과제코드,mid,synthetic,1
PRJ-2013-0461,CODE,합성-과제코드,mid,synthetic,1
PRJ-2021-0280,CODE,합성-과제코드,mid,synthetic,1
PRJ-2015-0573,CODE,합성-과제코드,mid,synthetic,1
SEC-2010-0257,CODE,합성-과제코드,mid,synthetic,1
SEC-2008-0014,CODE,합성-과제코드,mid,synthetic,1
ROC-2013-0506,CODE,합성-과제코드,mid,synthetic,1
DP-2006-0223,CODE,합성-과제코드,mid,synthetic,1
SEC-2019-0502,CODE,합성-과제코드,mid,synthetic,1
ROC-2024-0516,CODE,합성-과제코드,mid,synthetic,1
SEC-2011-0468,CODE,합성-과제코드,mid,synthetic,1
TECH-2022-0329,CODE,합성-과제코드,mid,synthetic,1
DP-2015-0486,CODE,합성-과제코드,mid,synthetic,1
ROC-2017-0074,CODE,합성-과제코드,mid,synthetic,1
TECH-2014-0325,CODE,합성-과제코드,mid,synthetic,1
PRJ-2018-0017,CODE,합성-과제코드,mid,synthetic,1
MIL-2022-0026,CODE,합성-과제코드,mid,synthetic,1
DP-2005-0285,CODE,합성-과제코드,mid,synthetic,1
TECH-2015-0408,CODE,합성-과제코드,mid,synthetic,1
EXP-2026-0088,CODE,합성-과제코드,mid,synthetic,1
SYS-2016-0141,CODE,합성-과제코드,mid,synthetic,1
EXP-2013-0288,CODE,합성-과제코드,mid,synthetic,1
PRJ-2026-0258,CODE,합성-과제코드,mid,synthetic,1
ROC-2020-0430,CODE,합성-과제코드,mid,synthetic,1
MIL-2017-0378,CODE,합성-과제코드,mid,synthetic,1
MIL-2018-0512,CODE,합성-과제코드,mid,synthetic,1
SYS-2008-0342,CODE,합성-과제코드,mid,synthetic,1
PRJ-2014-0411,CODE,합성-과제코드,mid,synthetic,1
PRJ-2007-0405,CODE,합성-과제코드,mid,synthetic,1
SEC-2023-0433,CODE,합성-과제코드,mid,synthetic,1
EXP-2009-0512,CODE,합성-과제코드,mid,synthetic,1
PRJ-2012-0599,CODE,합성-과제코드,mid,synthetic,1
SEC-2017-0529,CODE,합성-과제코드,mid,synthetic,1
SEC-2022-0559,CODE,합성-과제코드,mid,synthetic,1
PRJ-2012-0512,CODE,합성-과제코드,mid,synthetic,1
DP-2013-0171,CODE,합성-과제코드,mid,synthetic,1
DP-2011-0002,CODE,합성-과제코드,mid,synthetic,1
DP-2025-0368,CODE,합성-과제코드,mid,synthetic,1
TECH-2022-0488,CODE,합성-과제코드,mid,synthetic,1
PRJ-2010-0591,CODE,합성-과제코드,mid,synthetic,1
DP-2012-0423,CODE,합성-과제코드,mid,synthetic,1
TECH-2016-0182,CODE,합성-과제코드,mid,synthetic,1
PRJ-2026-0412,CODE,합성-과제코드,mid,synthetic,1
비밀 유도무기 냉각장치 시험성적서,TECH_DOC,합성-체계부품문서,high,synthetic,1
SYS-2010-0406,CODE,합성-과제코드,mid,synthetic,1
SEC-2009-0032,CODE,합성-과제코드,mid,synthetic,1
ROC-2014-0346,CODE,합성-과제코드,mid,synthetic,1
PRJ-2022-0282,CODE,합성-과제코드,mid,synthetic,1
SYS-2025-0403,CODE,합성-과제코드,mid,synthetic,1
PRJ-2006-0474,CODE,합성-과제코드,mid,synthetic,1
EXP-2007-0057,CODE,합성-과제코드,mid,synthetic,1
EXP-2018-0090,CODE,합성-과제코드,mid,synthetic,1
MIL-2019-0030,CODE,합성-과제코드,mid,synthetic,1
SEC-2017-0361,CODE,합성-과제코드,mid,synthetic,1
EXP-2024-0088,CODE,합성-과제코드,mid,synthetic,1
SEC-2015-0026,CODE,합성-과제코드,mid,synthetic,1
TECH-2019-0566,CODE,합성-과제코드,mid,synthetic,1
DP-2023-0105,CODE,합성-과제코드,mid,synthetic,1
ROC-2008-0479,CODE,합성-과제코드,mid,synthetic,1
DP-2025-0377,CODE,합성-과제코드,mid,synthetic,1
MIL-2023-0040,CODE,합성-과제코드,mid,synthetic,1
PRJ-2023-0397,CODE,합성-과제코드,mid,synthetic,1
SEC-2023-0171,CODE,합성-과제코드,mid,synthetic,1
SEC-2017-0269,CODE,합성-과제코드,mid,synthetic,1
SYS-2014-0355,CODE,합성-과제코드,mid,synthetic,1
DP-2017-0023,CODE,합성-과제코드,mid,synthetic,1
TECH-2021-0173,CODE,합성-과제코드,mid,synthetic,1
비밀 함정 신호처리기 형상관리문서,TECH_DOC,합성-체계부품문서,high,synthetic,1
SYS-2026-0341,CODE,합성-과제코드,mid,synthetic,1
PRJ-2005-0488,CODE,합성-과제코드,mid,synthetic,1
MIL-2006-0024,CODE,합성-과제코드,mid,synthetic,1
SYS-2023-0054,CODE,합성-과제코드,mid,synthetic,1
MIL-2013-0214,CODE,합성-과제코드,mid,synthetic,1
PRJ-2019-0172,CODE,합성-과제코드,mid,synthetic,1
ROC-2018-0473,CODE,합성-과제코드,mid,synthetic,1
DP-2022-0448,CODE,합성-과제코드,mid,synthetic,1
DP-2021-0576,CODE,합성-과제코드,mid,synthetic,1
EXP-2011-0390,CODE,합성-과제코드,mid,synthetic,1
ROC-2025-0538,CODE,합성-과제코드,mid,synthetic,1
MIL-2008-0337,CODE,합성-과제코드,mid,synthetic,1
비밀 탄약 펌웨어 시험성적서,TECH_DOC,합성-체계부품문서,high,synthetic,1
EXP-2020-0452,CODE,합성-과제코드,mid,synthetic,1
MIL-2011-0121,CODE,합성-과제코드,mid,synthetic,1
ROC-2025-0479,CODE,합성-과제코드,mid,synthetic,1
TECH-2008-0445,CODE,합성-과제코드,mid,synthetic,1
MIL-2014-0295,CODE,합성-과제코드,mid,synthetic,1
DP-2015-0133,CODE,합성-과제코드,mid,synthetic,1
EXP-2010-0511,CODE,합성-과제코드,mid,synthetic,1
SEC-2009-0223,CODE,합성-과제코드,mid,synthetic,1
TECH-2015-0134,CODE,합성-과제코드,mid,synthetic,1
PRJ-2013-0493,CODE,합성-과제코드,mid,synthetic,1
PRJ-2015-0188,CODE,합성-과제코드,mid,synthetic,1
SYS-2006-0336,CODE,합성-과제코드,mid,synthetic,1
SEC-2024-0254,CODE,합성-과제코드,mid,synthetic,1
SYS-2022-0024,CODE,합성-과제코드,mid,synthetic,1
SEC-2014-0099,CODE,합성-과제코드,mid,synthetic,1
SYS-2020-0101,CODE,합성-과제코드,mid,synthetic,1
SYS-2014-0457,CODE,합성-과제코드,mid,synthetic,1
TECH-2017-0298,CODE,합성-과제코드,mid,synthetic,1
EXP-2023-0124,CODE,합성-과제코드,mid,synthetic,1
MIL-2015-0431,CODE,합성-과제코드,mid,synthetic,1
EXP-2005-0230,CODE,합성-과제코드,mid,synthetic,1
PRJ-2021-0067,CODE,합성-과제코드,mid,synthetic,1
PRJ-2016-0262,CODE,합성-과제코드,mid,synthetic,1
ROC-2023-0521,CODE,합성-과제코드,mid,synthetic,1
EXP-2009-0069,CODE,합성-과제코드,mid,synthetic,1
SEC-2026-0206,CODE,합성-과제코드,mid,synthetic,1
EXP-2021-0167,CODE,합성-과제코드,mid,synthetic,1
TECH-2013-0111,CODE,합성-과제코드,mid,synthetic,1
PRJ-2018-0200,CODE,합성-과제코드,mid,synthetic,1
EXP-2017-0131,CODE,합성-과제코드,mid,synthetic,1
EXP-2025-0347,CODE,합성-과제코드,mid,synthetic,1
EXP-2006-0123,CODE,합성-과제코드,mid,synthetic,1
MIL-2009-0266,CODE,합성-과제코드,mid,synthetic,1
DP-2024-0039,CODE,합성-과제코드,mid,synthetic,1
TECH-2021-0546,CODE,합성-과제코드,mid,synthetic,1
EXP-2020-0394,CODE,합성-과제코드,mid,synthetic,1
SYS-2018-0248,CODE,합성-과제코드,mid,synthetic,1
EXP-2018-0319,CODE,합성-과제코드,mid,synthetic,1
TECH-2026-0033,CODE,합성-과제코드,mid,synthetic,1
ROC-2008-0246,CODE,합성-과제코드,mid,synthetic,1
DP-2022-0230,CODE,합성-과제코드,mid,synthetic,1
SYS-2007-0596,CODE,합성-과제코드,mid,synthetic,1
SEC-2026-0373,CODE,합성-과제코드,mid,synthetic,1
EXP-2010-0142,CODE,합성-과제코드,mid,synthetic,1
MIL-2011-0374,CODE,합성-과제코드,mid,synthetic,1
PRJ-2015-0062,CODE,합성-과제코드,mid,synthetic,1
PRJ-2013-0068,CODE,합성-과제코드,mid,synthetic,1
ROC-2020-0524,CODE,합성-과제코드,mid,synthetic,1
PRJ-2008-0375,CODE,합성-과제코드,mid,synthetic,1
TECH-2019-0369,CODE,합성-과제코드,mid,synthetic,1
SEC-2018-0181,CODE,합성-과제코드,mid,synthetic,1
SEC-2026-0269,CODE,합성-과제코드,mid,synthetic,1
SEC-2021-0402,CODE,합성-과제코드,mid,synthetic,1
DP-2013-0571,CODE,합성-과제코드,mid,synthetic,1
SEC-2017-0520,CODE,합성-과제코드,mid,synthetic,1
MIL-2010-0490,CODE,합성-과제코드,mid,synthetic,1
DP-2024-0530,CODE,합성-과제코드,mid,synthetic,1
EXP-2005-0250,CODE,합성-과제코드,mid,synthetic,1
EXP-2015-0133,CODE,합성-과제코드,mid,synthetic,1
DP-2014-0046,CODE,합성-과제코드,mid,synthetic,1
TECH-2020-0203,CODE,합성-과제코드,mid,synthetic,1
SYS-2013-0569,CODE,합성-과제코드,mid,synthetic,1
PRJ-2016-0122,CODE,합성-과제코드,mid,synthetic,1
TECH-2024-0026,CODE,합성-과제코드,mid,synthetic,1
SYS-2011-0389,CODE,합성-과제코드,mid,synthetic,1
SEC-2009-0019,CODE,합성-과제코드,mid,synthetic,1
PRJ-2007-0558,CODE,합성-과제코드,mid,synthetic,1
MIL-2016-0405,CODE,합성-과제코드,mid,synthetic,1
PRJ-2017-0028,CODE,합성-과제코드,mid,synthetic,1
MIL-2026-0293,CODE,합성-과제코드,mid,synthetic,1
TECH-2021-0085,CODE,합성-과제코드,mid,synthetic,1
DP-2019-0554,CODE,합성-과제코드,mid,synthetic,1
ROC-2016-0152,CODE,합성-과제코드,mid,synthetic,1
SEC-2024-0325,CODE,합성-과제코드,mid,synthetic,1
TECH-2025-0010,CODE,합성-과제코드,mid,synthetic,1
EXP-2026-0058,CODE,합성-과제코드,mid,synthetic,1
TECH-2005-0430,CODE,합성-과제코드,mid,synthetic,1
SEC-2012-0369,CODE,합성-과제코드,mid,synthetic,1
EXP-2017-0302,CODE,합성-과제코드,mid,synthetic,1
DP-2019-0473,CODE,합성-과제코드,mid,synthetic,1
SEC-2008-0498,CODE,합성-과제코드,mid,synthetic,1
PRJ-2010-0320,CODE,합성-과제코드,mid,synthetic,1
TECH-2013-0336,CODE,합성-과제코드,mid,synthetic,1
PRJ-2020-0145,CODE,합성-과제코드,mid,synthetic,1
DP-2007-0421,CODE,합성-과제코드,mid,synthetic,1
EXP-2010-0277,CODE,합성-과제코드,mid,synthetic,1
PRJ-2016-0307,CODE,합성-과제코드,mid,synthetic,1
TECH-2010-0142,CODE,합성-과제코드,mid,synthetic,1
SYS-2006-0201,CODE,합성-과제코드,mid,synthetic,1
SYS-2017-0020,CODE,합성-과제코드,mid,synthetic,1
TECH-2013-0290,CODE,합성-과제코드,mid,synthetic,1
대외비 탄약 안테나 시험성적서,TECH_DOC,합성-체계부품문서,high,synthetic,1
SEC-2018-0253,CODE,합성-과제코드,mid,synthetic,1
SEC-2022-0169,CODE,합성-과제코드,mid,synthetic,1
유도무기 펌웨어 성능분석자료,TECH_DOC,합성-체계부품문서,high,synthetic,1
TECH-2023-0479,CODE,합성-과제코드,mid,synthetic,1
PRJ-2007-0337,CODE,합성-과제코드,mid,synthetic,1
SYS-2005-0202,CODE,합성-과제코드,mid,synthetic,1
PRJ-2008-0306,CODE,합성-과제코드,mid,synthetic,1
SYS-2007-0504,CODE,합성-과제코드,mid,synthetic,1
SEC-2007-0551,CODE,합성-과제코드,mid,synthetic,1
ROC-2020-0597,CODE,합성-과제코드,mid,synthetic,1
EXP-2011-0066,CODE,합성-과제코드,mid,synthetic,1
DP-2018-0139,CODE,합성-과제코드,mid,synthetic,1
DP-2013-0211,CODE,합성-과제코드,mid,synthetic,1
EXP-2010-0082,CODE,합성-과제코드,mid,synthetic,1
MIL-2009-0401,CODE,합성-과제코드,mid,synthetic,1
SEC-2008-0430,CODE,합성-과제코드,mid,synthetic,1
DP-2023-0027,CODE,합성-과제코드,mid,synthetic,1
TECH-2012-0520,CODE,합성-과제코드,mid,synthetic,1
MIL-2023-0245,CODE,합성-과제코드,mid,synthetic,1
SEC-2020-0515,CODE,합성-과제코드,mid,synthetic,1
DP-2010-0072,CODE,합성-과제코드,mid,synthetic,1
SEC-2019-0174,CODE,합성-과제코드,mid,synthetic,1
MIL-2008-0018,CODE,합성-과제코드,mid,synthetic,1
TECH-2026-0458,CODE,합성-과제코드,mid,synthetic,1
EXP-2008-0570,CODE,합성-과제코드,mid,synthetic,1
ROC-2021-0222,CODE,합성-과제코드,mid,synthetic,1
전술통신 펌웨어 개발계획서,TECH_DOC,합성-체계부품문서,high,synthetic,1
SYS-2012-0589,CODE,합성-과제코드,mid,synthetic,1
TECH-2023-0288,CODE,합성-과제코드,mid,synthetic,1
MIL-2018-0487,CODE,합성-과제코드,mid,synthetic,1
EXP-2006-0091,CODE,합성-과제코드,mid,synthetic,1
TECH-2022-0292,CODE,합성-과제코드,mid,synthetic,1
ROC-2024-0244,CODE,합성-과제코드,mid,synthetic,1
PRJ-2020-0398,CODE,합성-과제코드,mid,synthetic,1
ROC-2008-0186,CODE,합성-과제코드,mid,synthetic,1
MIL-2018-0122,CODE,합성-과제코드,mid,synthetic,1
MIL-2018-0443,CODE,합성-과제코드,mid,synthetic,1
MIL-2009-0455,CODE,합성-과제코드,mid,synthetic,1
SEC-2009-0064,CODE,합성-과제코드,mid,synthetic,1
DP-2010-0561,CODE,합성-과제코드,mid,synthetic,1
SEC-2014-0220,CODE,합성-과제코드,mid,synthetic,1
SEC-2023-0555,CODE,합성-과제코드,mid,synthetic,1
SYS-2017-0413,CODE,합성-과제코드,mid,synthetic,1
PRJ-2013-0532,CODE,합성-과제코드,mid,synthetic,1
ROC-2022-0473,CODE,합성-과제코드,mid,synthetic,1
탄약 추진기관 제조사양서,TECH_DOC,합성-체계부품문서,high,synthetic,1
ROC-2006-0448,CODE,합성-과제코드,mid,synthetic,1
DP-2026-0023,CODE,합성-과제코드,mid,synthetic,1
DP-2008-0256,CODE,합성-과제코드,mid,synthetic,1
ROC-2014-0384,CODE,합성-과제코드,mid,synthetic,1
DP-2015-0387,CODE,합성-과제코드,mid,synthetic,1
TECH-2005-0137,CODE,합성-과제코드,mid,synthetic,1
DP-2023-0121,CODE,합성-과제코드,mid,synthetic,1
DP-2007-0002,CODE,합성-과제코드,mid,synthetic,1
DP-2005-0449,CODE,합성-과제코드,mid,synthetic,1
EXP-2008-0505,CODE,합성-과제코드,mid,synthetic,1
EXP-2012-0330,CODE,합성-과제코드,mid,synthetic,1
TECH-2025-0150,CODE,합성-과제코드,mid,synthetic,1
TECH-2020-0036,CODE,합성-과제코드,mid,synthetic,1
PRJ-2011-0452,CODE,합성-과제코드,mid,synthetic,1
MIL-2018-0016,CODE,합성-과제코드,mid,synthetic,1
SEC-2019-0448,CODE,합성-과제코드,mid,synthetic,1
EXP-2014-0282,CODE,합성-과제코드,mid,synthetic,1
MIL-2023-0014,CODE,합성-과제코드,mid,synthetic,1
DP-2021-0269,CODE,합성-과제코드,mid,synthetic,1
EXP-2023-0231,CODE,합성-과제코드,mid,synthetic,1
TECH-2025-0025,CODE,합성-과제코드,mid,synthetic,1
TECH-2016-0539,CODE,합성-과제코드,mid,synthetic,1
헬기 제어기 소스코드,TECH_DOC,합성-체계부품문서,high,synthetic,1
ROC-2012-0519,CODE,합성-과제코드,mid,synthetic,1
SYS-2005-0221,CODE,합성-과제코드,mid,synthetic,1
DP-2008-0408,CODE,합성-과제코드,mid,synthetic,1
EXP-2016-0191,CODE,합성-과제코드,mid,synthetic,1
PRJ-2024-0202,CODE,합성-과제코드,mid,synthetic,1
DP-2012-0092,CODE,합성-과제코드,mid,synthetic,1
SEC-2014-0012,CODE,합성-과제코드,mid,synthetic,1
SEC-2023-0327,CODE,합성-과제코드,mid,synthetic,1
ROC-2005-0140,CODE,합성-과제코드,mid,synthetic,1
SEC-2015-0020,CODE,합성-과제코드,mid,synthetic,1
PRJ-2017-0470,CODE,합성-과제코드,mid,synthetic,1
SEC-2015-0431,CODE,합성-과제코드,mid,synthetic,1
MIL-2005-0282,CODE,합성-과제코드,mid,synthetic,1
SYS-2009-0483,CODE,합성-과제코드,mid,synthetic,1
ROC-2025-0306,CODE,합성-과제코드,mid,synthetic,1
MIL-2019-0341,CODE,합성-과제코드,mid,synthetic,1
DP-2021-0101,CODE,합성-과제코드,mid,synthetic,1
EXP-2022-0499,CODE,합성-과제코드,mid,synthetic,1
TECH-2022-0435,CODE,합성-과제코드,mid,synthetic,1
DP-2007-0491,CODE,합성-과제코드,mid,synthetic,1
PRJ-2014-0418,CODE,합성-과제코드,mid,synthetic,1
EXP-2012-0317,CODE,합성-과제코드,mid,synthetic,1
TECH-2005-0443,CODE,합성-과제코드,mid,synthetic,1
DP-2010-0001,CODE,합성-과제코드,mid,synthetic,1
ROC-2020-0377,CODE,합성-과제코드,mid,synthetic,1
PRJ-2014-0100,CODE,합성-과제코드,mid,synthetic,1
TECH-2020-0489,CODE,합성-과제코드,mid,synthetic,1
DP-2011-0582,CODE,합성-과제코드,mid,synthetic,1
MIL-2025-0472,CODE,합성-과제코드,mid,synthetic,1
DP-2020-0105,CODE,합성-과제코드,mid,synthetic,1
MIL-2005-0317,CODE,합성-과제코드,mid,synthetic,1
레이더 열영상장비 구매규격서,TECH_DOC,합성-체계부품문서,high,synthetic,1
EXP-2005-0455,CODE,합성-과제코드,mid,synthetic,1
PRJ-2015-0057,CODE,합성-과제코드,mid,synthetic,1
PRJ-2017-0483,CODE,합성-과제코드,mid,synthetic,1
SYS-2025-0438,CODE,합성-과제코드,mid,synthetic,1
PRJ-2013-0117,CODE,합성-과제코드,mid,synthetic,1
PRJ-2007-0068,CODE,합성-과제코드,mid,synthetic,1
SYS-2014-0062,CODE,합성-과제코드,mid,synthetic,1
MIL-2022-0111,CODE,합성-과제코드,mid,synthetic,1
SYS-2021-0250,CODE,합성-과제코드,mid,synthetic,1
SYS-2009-0150,CODE,합성-과제코드,mid,synthetic,1
MIL-2008-0285,CODE,합성-과제코드,mid,synthetic,1
ROC-2015-0388,CODE,합성-과제코드,mid,synthetic,1
ROC-2018-0315,CODE,합성-과제코드,mid,synthetic,1
MIL-2023-0437,CODE,합성-과제코드,mid,synthetic,1
SYS-2022-0511,CODE,합성-과제코드,mid,synthetic,1
DP-2013-0440,CODE,합성-과제코드,mid,synthetic,1
SEC-2022-0507,CODE,합성-과제코드,mid,synthetic,1
TECH-2017-0132,CODE,합성-과제코드,mid,synthetic,1
DP-2018-0211,CODE,합성-과제코드,mid,synthetic,1
PRJ-2015-0512,CODE,합성-과제코드,mid,synthetic,1
PRJ-2022-0100,CODE,합성-과제코드,mid,synthetic,1
SYS-2022-0144,CODE,합성-과제코드,mid,synthetic,1
ROC-2018-0534,CODE,합성-과제코드,mid,synthetic,1
ROC-2020-0168,CODE,합성-과제코드,mid,synthetic,1
MIL-2023-0233,CODE,합성-과제코드,mid,synthetic,1
ROC-2007-0289,CODE,합성-과제코드,mid,synthetic,1
PRJ-2008-0030,CODE,합성-과제코드,mid,synthetic,1
EXP-2013-0022,CODE,합성-과제코드,mid,synthetic,1
SYS-2020-0297,CODE,합성-과제코드,mid,synthetic,1
PRJ-2020-0027,CODE,합성-과제코드,mid,synthetic,1
DP-2012-0571,CODE,합성-과제코드,mid,synthetic,1
SEC-2013-0344,CODE,합성-과제코드,mid,synthetic,1
EXP-2020-0239,CODE,합성-과제코드,mid,synthetic,1
EXP-2024-0551,CODE,합성-과제코드,mid,synthetic,1
EXP-2026-0339,CODE,합성-과제코드,mid,synthetic,1
SEC-2010-0366,CODE,합성-과제코드,mid,synthetic,1
MIL-2014-0112,CODE,합성-과제코드,mid,synthetic,1
DP-2019-0068,CODE,합성-과제코드,mid,synthetic,1
TECH-2015-0347,CODE,합성-과제코드,mid,synthetic,1
SYS-2026-0254,CODE,합성-과제코드,mid,synthetic,1
SYS-2016-0311,CODE,합성-과제코드,mid,synthetic,1
DP-2011-0599,CODE,합성-과제코드,mid,synthetic,1
EXP-2025-0112,CODE,합성-과제코드,mid,synthetic,1
SEC-2016-0036,CODE,합성-과제코드,mid,synthetic,1
PRJ-2009-0364,CODE,합성-과제코드,mid,synthetic,1
SEC-2025-0236,CODE,합성-과제코드,mid,synthetic,1
EXP-2005-0294,CODE,합성-과제코드,mid,synthetic,1
DP-2005-0169,CODE,합성-과제코드,mid,synthetic,1
DP-2005-0006,CODE,합성-과제코드,mid,synthetic,1
ROC-2019-0397,CODE,합성-과제코드,mid,synthetic,1
SEC-2005-0439,CODE,합성-과제코드,mid,synthetic,1
SYS-2017-0487,CODE,합성-과제코드,mid,synthetic,1
MIL-2010-0013,CODE,합성-과제코드,mid,synthetic,1
MIL-2019-0003,CODE,합성-과제코드,mid,synthetic,1
MIL-2024-0338,CODE,합성-과제코드,mid,synthetic,1
SYS-2016-0257,CODE,합성-과제코드,mid,synthetic,1
EXP-2023-0290,CODE,합성-과제코드,mid,synthetic,1
EXP-2021-0251,CODE,합성-과제코드,mid,synthetic,1
MIL-2017-0100,CODE,합성-과제코드,mid,synthetic,1
ROC-2025-0040,CODE,합성-과제코드,mid,synthetic,1
SEC-2011-0313,CODE,합성-과제코드,mid,synthetic,1
PRJ-2020-0227,CODE,합성-과제코드,mid,synthetic,1
ROC-2017-0397,CODE,합성-과제코드,mid,synthetic,1
TECH-2006-0577,CODE,합성-과제코드,mid,synthetic,1
PRJ-2012-0075,CODE,합성-과제코드,mid,synthetic,1
TECH-2020-0023,CODE,합성-과제코드,mid,synthetic,1
ROC-2018-0135,CODE,합성-과제코드,mid,synthetic,1
PRJ-2026-0182,CODE,합성-과제코드,mid,synthetic,1
PRJ-2016-0306,CODE,합성-과제코드,mid,synthetic,1
SEC-2026-0439,CODE,합성-과제코드,mid,synthetic,1
PRJ-2010-0063,CODE,합성-과제코드,mid,synthetic,1
TECH-2009-0064,CODE,합성-과제코드,mid,synthetic,1
SEC-2010-0362,CODE,합성-과제코드,mid,synthetic,1
DP-2017-0033,CODE,합성-과제코드,mid,synthetic,1
SEC-2017-0049,CODE,합성-과제코드,mid,synthetic,1
PRJ-2018-0352,CODE,합성-과제코드,mid,synthetic,1
ROC-2019-0032,CODE,합성-과제코드,mid,synthetic,1
DP-2022-0407,CODE,합성-과제코드,mid,synthetic,1
MIL-2010-0046,CODE,합성-과제코드,mid,synthetic,1
SYS-2020-0508,CODE,합성-과제코드,mid,synthetic,1
ROC-2005-0491,CODE,합성-과제코드,mid,synthetic,1
MIL-2026-0292,CODE,합성-과제코드,mid,synthetic,1
SEC-2022-0345,CODE,합성-과제코드,mid,synthetic,1
SEC-2009-0016,CODE,합성-과제코드,mid,synthetic,1
SYS-2005-0212,CODE,합성-과제코드,mid,synthetic,1
SEC-2007-0257,CODE,합성-과제코드,mid,synthetic,1
DP-2013-0473,CODE,합성-과제코드,mid,synthetic,1
ROC-2017-0025,CODE,합성-과제코드,mid,synthetic,1
ROC-2008-0094,CODE,합성-과제코드,mid,synthetic,1
DP-2018-0526,CODE,합성-과제코드,mid,synthetic,1
ROC-2016-0422,CODE,합성-과제코드,mid,synthetic,1
TECH-2010-0149,CODE,합성-과제코드,mid,synthetic,1
PRJ-2018-0403,CODE,합성-과제코드,mid,synthetic,1
SEC-2007-0032,CODE,합성-과제코드,mid,synthetic,1
SEC-2006-0253,CODE,합성-과제코드,mid,synthetic,1
ROC-2013-0109,CODE,합성-과제코드,mid,synthetic,1
PRJ-2024-0246,CODE,합성-과제코드,mid,synthetic,1
DP-2014-0120,CODE,합성-과제코드,mid,synthetic,1
SEC-2017-0267,CODE,합성-과제코드,mid,synthetic,1
MIL-2008-0034,CODE,합성-과제코드,mid,synthetic,1
TECH-2021-0475,CODE,합성-과제코드,mid,synthetic,1
SYS-2018-0208,CODE,합성-과제코드,mid,synthetic,1
MIL-2013-0521,CODE,합성-과제코드,mid,synthetic,1
EXP-2012-0057,CODE,합성-과제코드,mid,synthetic,1
PRJ-2018-0506,CODE,합성-과제코드,mid,synthetic,1
ROC-2010-0093,CODE,합성-과제코드,mid,synthetic,1
MIL-2023-0377,CODE,합성-과제코드,mid,synthetic,1
TECH-2013-0560,CODE,합성-과제코드,mid,synthetic,1
EXP-2015-0297,CODE,합성-과제코드,mid,synthetic,1
SYS-2015-0551,CODE,합성-과제코드,mid,synthetic,1
SEC-2021-0218,CODE,합성-과제코드,mid,synthetic,1
PRJ-2024-0445,CODE,합성-과제코드,mid,synthetic,1
ROC-2025-0371,CODE,합성-과제코드,mid,synthetic,1
EXP-2019-0327,CODE,합성-과제코드,mid,synthetic,1
DP-2022-0495,CODE,합성-과제코드,mid,synthetic,1
DP-2005-0005,CODE,합성-과제코드,mid,synthetic,1
SEC-2017-0382,CODE,합성-과제코드,mid,synthetic,1
TECH-2020-0428,CODE,합성-과제코드,mid,synthetic,1
SYS-2015-0493,CODE,합성-과제코드,mid,synthetic,1
ROC-2025-0390,CODE,합성-과제코드,mid,synthetic,1
PRJ-2013-0049,CODE,합성-과제코드,mid,synthetic,1
PRJ-2018-0252,CODE,합성-과제코드,mid,synthetic,1
DP-2023-0482,CODE,합성-과제코드,mid,synthetic,1
DP-2022-0179,CODE,합성-과제코드,mid,synthetic,1
SYS-2008-0481,CODE,합성-과제코드,mid,synthetic,1
SYS-2016-0079,CODE,합성-과제코드,mid,synthetic,1
TECH-2008-0547,CODE,합성-과제코드,mid,synthetic,1
EXP-2019-0253,CODE,합성-과제코드,mid,synthetic,1
SEC-2024-0024,CODE,합성-과제코드,mid,synthetic,1
PRJ-2026-0375,CODE,합성-과제코드,mid,synthetic,1
PRJ-2019-0012,CODE,합성-과제코드,mid,synthetic,1
TECH-2012-0438,CODE,합성-과제코드,mid,synthetic,1
ROC-2011-0361,CODE,합성-과제코드,mid,synthetic,1
SEC-2011-0561,CODE,합성-과제코드,mid,synthetic,1
ROC-2013-0490,CODE,합성-과제코드,mid,synthetic,1
TECH-2006-0260,CODE,합성-과제코드,mid,synthetic,1
SYS-2016-0396,CODE,합성-과제코드,mid,synthetic,1
SEC-2010-0013,CODE,합성-과제코드,mid,synthetic,1
TECH-2026-0032,CODE,합성-과제코드,mid,synthetic,1
PRJ-2014-0227,CODE,합성-과제코드,mid,synthetic,1
SYS-2017-0471,CODE,합성-과제코드,mid,synthetic,1
EXP-2026-0216,CODE,합성-과제코드,mid,synthetic,1
TECH-2005-0464,CODE,합성-과제코드,mid,synthetic,1
EXP-2025-0135,CODE,합성-과제코드,mid,synthetic,1
PRJ-2008-0247,CODE,합성-과제코드,mid,synthetic,1
EXP-2013-0573,CODE,합성-과제코드,mid,synthetic,1
ROC-2013-0308,CODE,합성-과제코드,mid,synthetic,1
TECH-2007-0162,CODE,합성-과제코드,mid,synthetic,1
EXP-2010-0535,CODE,합성-과제코드,mid,synthetic,1
MIL-2010-0272,CODE,합성-과제코드,mid,synthetic,1
SYS-2006-0273,CODE,합성-과제코드,mid,synthetic,1
비밀 레이더 제어기 설계도면,TECH_DOC,합성-체계부품문서,high,synthetic,1
MIL-2022-0155,CODE,합성-과제코드,mid,synthetic,1
DP-2024-0042,CODE,합성-과제코드,mid,synthetic,1
SEC-2022-0452,CODE,합성-과제코드,mid,synthetic,1
PRJ-2022-0421,CODE,합성-과제코드,mid,synthetic,1
PRJ-2015-0115,CODE,합성-과제코드,mid,synthetic,1
TECH-2017-0525,CODE,합성-과제코드,mid,synthetic,1
ROC-2009-0235,CODE,합성-과제코드,mid,synthetic,1
SEC-2013-0003,CODE,합성-과제코드,mid,synthetic,1
TECH-2014-0099,CODE,합성-과제코드,mid,synthetic,1
유도무기 탐색기 설계도면,TECH_DOC,합성-체계부품문서,high,synthetic,1
TECH-2011-0593,CODE,합성-과제코드,mid,synthetic,1
MIL-2025-0565,CODE,합성-과제코드,mid,synthetic,1
SYS-2011-0510,CODE,합성-과제코드,mid,synthetic,1
SEC-2005-0441,CODE,합성-과제코드,mid,synthetic,1
MIL-2015-0559,CODE,합성-과제코드,mid,synthetic,1
TECH-2005-0186,CODE,합성-과제코드,mid,synthetic,1
SEC-2019-0097,CODE,합성-과제코드,mid,synthetic,1
ROC-2005-0292,CODE,합성-과제코드,mid,synthetic,1
TECH-2023-0453,CODE,합성-과제코드,mid,synthetic,1
SEC-2016-0126,CODE,합성-과제코드,mid,synthetic,1
SEC-2025-0027,CODE,합성-과제코드,mid,synthetic,1
EXP-2012-0220,CODE,합성-과제코드,mid,synthetic,1
EXP-2026-0018,CODE,합성-과제코드,mid,synthetic,1
SYS-2007-0173,CODE,합성-과제코드,mid,synthetic,1
TECH-2025-0326,CODE,합성-과제코드,mid,synthetic,1
SEC-2009-0442,CODE,합성-과제코드,mid,synthetic,1
DP-2008-0063,CODE,합성-과제코드,mid,synthetic,1
SEC-2018-0554,CODE,합성-과제코드,mid,synthetic,1
SEC-2013-0490,CODE,합성-과제코드,mid,synthetic,1
MIL-2012-0469,CODE,합성-과제코드,mid,synthetic,1
ROC-2011-0002,CODE,합성-과제코드,mid,synthetic,1
MIL-2022-0084,CODE,합성-과제코드,mid,synthetic,1
PRJ-2007-0534,CODE,합성-과제코드,mid,synthetic,1
SYS-2026-0333,CODE,합성-과제코드,mid,synthetic,1
DP-2021-0257,CODE,합성-과제코드,mid,synthetic,1
DP-2025-0460,CODE,합성-과제코드,mid,synthetic,1
TECH-2008-0324,CODE,합성-과제코드,mid,synthetic,1
SEC-2007-0075,CODE,합성-과제코드,mid,synthetic,1
PRJ-2020-0552,CODE,합성-과제코드,mid,synthetic,1
EXP-2022-0486,CODE,합성-과제코드,mid,synthetic,1
PRJ-2024-0452,CODE,합성-과제코드,mid,synthetic,1
MIL-2018-0133,CODE,합성-과제코드,mid,synthetic,1
PRJ-2014-0555,CODE,합성-과제코드,mid,synthetic,1
SYS-2009-0253,CODE,합성-과제코드,mid,synthetic,1
ROC-2009-0230,CODE,합성-과제코드,mid,synthetic,1
ROC-2016-0420,CODE,합성-과제코드,mid,synthetic,1
SEC-2019-0135,CODE,합성-과제코드,mid,synthetic,1
DP-2006-0214,CODE,합성-과제코드,mid,synthetic,1
PRJ-2015-0260,CODE,합성-과제코드,mid,synthetic,1
ROC-2012-0120,CODE,합성-과제코드,mid,synthetic,1
MIL-2009-0119,CODE,합성-과제코드,mid,synthetic,1
TECH-2012-0467,CODE,합성-과제코드,mid,synthetic,1
PRJ-2023-0321,CODE,합성-과제코드,mid,synthetic,1
PRJ-2013-0136,CODE,합성-과제코드,mid,synthetic,1
ROC-2005-0182,CODE,합성-과제코드,mid,synthetic,1
SYS-2010-0246,CODE,합성-과제코드,mid,synthetic,1
ROC-2023-0290,CODE,합성-과제코드,mid,synthetic,1
SYS-2016-0075,CODE,합성-과제코드,mid,synthetic,1
DP-2018-0016,CODE,합성-과제코드,mid,synthetic,1
TECH-2005-0452,CODE,합성-과제코드,mid,synthetic,1
DP-2008-0366,CODE,합성-과제코드,mid,synthetic,1
TECH-2011-0213,CODE,합성-과제코드,mid,synthetic,1
EXP-2024-0468,CODE,합성-과제코드,mid,synthetic,1
MIL-2014-0175,CODE,합성-과제코드,mid,synthetic,1
SYS-2016-0271,CODE,합성-과제코드,mid,synthetic,1
SYS-2017-0429,CODE,합성-과제코드,mid,synthetic,1
PRJ-2012-0560,CODE,합성-과제코드,mid,synthetic,1
PRJ-2024-0190,CODE,합성-과제코드,mid,synthetic,1
TECH-2008-0318,CODE,합성-과제코드,mid,synthetic,1
SYS-2009-0160,CODE,합성-과제코드,mid,synthetic,1
EXP-2010-0177,CODE,합성-과제코드,mid,synthetic,1
MIL-2015-0403,CODE,합성-과제코드,mid,synthetic,1
비밀 전투기 탐색기 제조사양서,TECH_DOC,합성-체계부품문서,high,synthetic,1
DP-2007-0368,CODE,합성-과제코드,mid,synthetic,1
TECH-2022-0381,CODE,합성-과제코드,mid,synthetic,1
DP-2023-0195,CODE,합성-과제코드,mid,synthetic,1
MIL-2007-0290,CODE,합성-과제코드,mid,synthetic,1
PRJ-2019-0221,CODE,합성-과제코드,mid,synthetic,1
EXP-2015-0131,CODE,합성-과제코드,mid,synthetic,1
EXP-2016-0215,CODE,합성-과제코드,mid,synthetic,1
EXP-2008-0094,CODE,합성-과제코드,mid,synthetic,1
SEC-2012-0103,CODE,합성-과제코드,mid,synthetic,1
TECH-2014-0546,CODE,합성-과제코드,mid,synthetic,1
PRJ-2011-0157,CODE,합성-과제코드,mid,synthetic,1
TECH-2026-0191,CODE,합성-과제코드,mid,synthetic,1
MIL-2005-0029,CODE,합성-과제코드,mid,synthetic,1
ROC-2010-0180,CODE,합성-과제코드,mid,synthetic,1
EXP-2019-0261,CODE,합성-과제코드,mid,synthetic,1
DP-2016-0333,CODE,합성-과제코드,mid,synthetic,1
EXP-2010-0520,CODE,합성-과제코드,mid,synthetic,1
ROC-2010-0232,CODE,합성-과제코드,mid,synthetic,1
MIL-2015-0323,CODE,합성-과제코드,mid,synthetic,1
SYS-2009-0536,CODE,합성-과제코드,mid,synthetic,1
MIL-2006-0255,CODE,합성-과제코드,mid,synthetic,1
SEC-2025-0466,CODE,합성-과제코드,mid,synthetic,1
SEC-2008-0223,CODE,합성-과제코드,mid,synthetic,1
MIL-2013-0540,CODE,합성-과제코드,mid,synthetic,1
MIL-2009-0039,CODE,합성-과제코드,mid,synthetic,1
탄약 관성항법장치 제조사양서,TECH_DOC,합성-체계부품문서,high,synthetic,1
DP-2025-0369,CODE,합성-과제코드,mid,synthetic,1
TECH-2013-0158,CODE,합성-과제코드,mid,synthetic,1
SEC-2025-0083,CODE,합성-과제코드,mid,synthetic,1
TECH-2005-0148,CODE,합성-과제코드,mid,synthetic,1
MIL-2006-0417,CODE,합성-과제코드,mid,synthetic,1
ROC-2023-0314,CODE,합성-과제코드,mid,synthetic,1
PRJ-2023-0174,CODE,합성-과제코드,mid,synthetic,1
SEC-2026-0531,CODE,합성-과제코드,mid,synthetic,1
DP-2011-0191,CODE,합성-과제코드,mid,synthetic,1
EXP-2022-0059,CODE,합성-과제코드,mid,synthetic,1
SEC-2021-0109,CODE,합성-과제코드,mid,synthetic,1
EXP-2007-0459,CODE,합성-과제코드,mid,synthetic,1
TECH-2019-0254,CODE,합성-과제코드,mid,synthetic,1
추진체 열영상장비 구매규격서,TECH_DOC,합성-체계부품문서,high,synthetic,1
DP-2021-0079,CODE,합성-과제코드,mid,synthetic,1
ROC-2023-0294,CODE,합성-과제코드,mid,synthetic,1
EXP-2010-0516,CODE,합성-과제코드,mid,synthetic,1
MIL-2026-0154,CODE,합성-과제코드,mid,synthetic,1
TECH-2022-0121,CODE,합성-과제코드,mid,synthetic,1
MIL-2018-0546,CODE,합성-과제코드,mid,synthetic,1
SEC-2026-0474,CODE,합성-과제코드,mid,synthetic,1
EXP-2021-0564,CODE,합성-과제코드,mid,synthetic,1
DP-2016-0531,CODE,합성-과제코드,mid,synthetic,1
MIL-2013-0283,CODE,합성-과제코드,mid,synthetic,1
PRJ-2014-0558,CODE,합성-과제코드,mid,synthetic,1
EXP-2008-0595,CODE,합성-과제코드,mid,synthetic,1
PRJ-2026-0462,CODE,합성-과제코드,mid,synthetic,1
MIL-2012-0573,CODE,합성-과제코드,mid,synthetic,1
SEC-2008-0367,CODE,합성-과제코드,mid,synthetic,1
PRJ-2006-0089,CODE,합성-과제코드,mid,synthetic,1
ROC-2006-0220,CODE,합성-과제코드,mid,synthetic,1
ROC-2015-0027,CODE,합성-과제코드,mid,synthetic,1
PRJ-2024-0577,CODE,합성-과제코드,mid,synthetic,1
SYS-2023-0315,CODE,합성-과제코드,mid,synthetic,1
PRJ-2009-0320,CODE,합성-과제코드,mid,synthetic,1
비밀 전자전 냉각장치 개발계획서,TECH_DOC,합성-체계부품문서,high,synthetic,1
PRJ-2020-0223,CODE,합성-과제코드,mid,synthetic,1
PRJ-2007-0559,CODE,합성-과제코드,mid,synthetic,1
비밀 지휘통제 냉각장치 시험성적서,TECH_DOC,합성-체계부품문서,high,synthetic,1
DP-2017-0313,CODE,합성-과제코드,mid,synthetic,1
TECH-2017-0558,CODE,합성-과제코드,mid,synthetic,1
SEC-2025-0369,CODE,합성-과제코드,mid,synthetic,1
DP-2020-0504,CODE,합성-과제코드,mid,synthetic,1
ROC-2009-0290,CODE,합성-과제코드,mid,synthetic,1
SEC-2009-0287,CODE,합성-과제코드,mid,synthetic,1
MIL-2005-0595,CODE,합성-과제코드,mid,synthetic,1
EXP-2025-0232,CODE,합성-과제코드,mid,synthetic,1
SEC-2006-0308,CODE,합성-과제코드,mid,synthetic,1
TECH-2020-0569,CODE,합성-과제코드,mid,synthetic,1
EXP-2022-0030,CODE,합성-과제코드,mid,synthetic,1
DP-2019-0067,CODE,합성-과제코드,mid,synthetic,1
비밀 무인기 전원장치 성능분석자료,TECH_DOC,합성-체계부품문서,high,synthetic,1
PRJ-2009-0233,CODE,합성-과제코드,mid,synthetic,1
MIL-2020-0576,CODE,합성-과제코드,mid,synthetic,1
MIL-2025-0296,CODE,합성-과제코드,mid,synthetic,1
DP-2007-0116,CODE,합성-과제코드,mid,synthetic,1
ROC-2014-0569,CODE,합성-과제코드,mid,synthetic,1
SEC-2010-0469,CODE,합성-과제코드,mid,synthetic,1
SYS-2023-0443,CODE,합성-과제코드,mid,synthetic,1
MIL-2015-0046,CODE,합성-과제코드,mid,synthetic,1
ROC-2024-0545,CODE,합성-과제코드,mid,synthetic,1
SYS-2018-0251,CODE,합성-과제코드,mid,synthetic,1
SYS-2026-0419,CODE,합성-과제코드,mid,synthetic,1
비밀 추진체 시뮬레이터 개발계획서,TECH_DOC,합성-체계부품문서,high,synthetic,1
PRJ-2021-0089,CODE,합성-과제코드,mid,synthetic,1
MIL-2020-0541,CODE,합성-과제코드,mid,synthetic,1
EXP-2016-0045,CODE,합성-과제코드,mid,synthetic,1
TECH-2022-0040,CODE,합성-과제코드,mid,synthetic,1
DP-2005-0331,CODE,합성-과제코드,mid,synthetic,1
TECH-2017-0119,CODE,합성-과제코드,mid,synthetic,1
SEC-2006-0048,CODE,합성-과제코드,mid,synthetic,1
ROC-2022-0575,CODE,합성-과제코드,mid,synthetic,1
PRJ-2016-0156,CODE,합성-과제코드,mid,synthetic,1
MIL-2025-0424,CODE,합성-과제코드,mid,synthetic,1
SEC-2023-0458,CODE,합성-과제코드,mid,synthetic,1
MIL-2012-0486,CODE,합성-과제코드,mid,synthetic,1
SEC-2009-0250,CODE,합성-과제코드,mid,synthetic,1
TECH-2018-0567,CODE,합성-과제코드,mid,synthetic,1
SYS-2006-0556,CODE,합성-과제코드,mid,synthetic,1
EXP-2016-0013,CODE,합성-과제코드,mid,synthetic,1
PRJ-2022-0382,CODE,합성-과제코드,mid,synthetic,1
DP-2022-0274,CODE,합성-과제코드,mid,synthetic,1
EXP-2009-0296,CODE,합성-과제코드,mid,synthetic,1
SEC-2013-0428,CODE,합성-과제코드,mid,synthetic,1
TECH-2010-0408,CODE,합성-과제코드,mid,synthetic,1
PRJ-2011-0599,CODE,합성-과제코드,mid,synthetic,1
EXP-2011-0199,CODE,합성-과제코드,mid,synthetic,1
DP-2008-0421,CODE,합성-과제코드,mid,synthetic,1
PRJ-2026-0526,CODE,합성-과제코드,mid,synthetic,1
EXP-2009-0075,CODE,합성-과제코드,mid,synthetic,1
SEC-2019-0424,CODE,합성-과제코드,mid,synthetic,1
SEC-2007-0130,CODE,합성-과제코드,mid,synthetic,1
EXP-2021-0419,CODE,합성-과제코드,mid,synthetic,1
SYS-2013-0151,CODE,합성-과제코드,mid,synthetic,1
EXP-2015-0579,CODE,합성-과제코드,mid,synthetic,1
DP-2007-0183,CODE,합성-과제코드,mid,synthetic,1
PRJ-2024-0371,CODE,합성-과제코드,mid,synthetic,1
EXP-2014-0082,CODE,합성-과제코드,mid,synthetic,1
EXP-2005-0597,CODE,합성-과제코드,mid,synthetic,1
MIL-2015-0034,CODE,합성-과제코드,mid,synthetic,1
PRJ-2017-0050,CODE,합성-과제코드,mid,synthetic,1
PRJ-2017-0449,CODE,합성-과제코드,mid,synthetic,1
ROC-2005-0242,CODE,합성-과제코드,mid,synthetic,1
SEC-2026-0396,CODE,합성-과제코드,mid,synthetic,1
SYS-2020-0361,CODE,합성-과제코드,mid,synthetic,1
비밀 함정 냉각장치 정비교범,TECH_DOC,합성-체계부품문서,high,synthetic,1
DP-2013-0204,CODE,합성-과제코드,mid,synthetic,1
EXP-2008-0018,CODE,합성-과제코드,mid,synthetic,1
ROC-2009-0085,CODE,합성-과제코드,mid,synthetic,1
EXP-2026-0551,CODE,합성-과제코드,mid,synthetic,1
TECH-2019-0579,CODE,합성-과제코드,mid,synthetic,1
TECH-2016-0269,CODE,합성-과제코드,mid,synthetic,1
SEC-2025-0238,CODE,합성-과제코드,mid,synthetic,1
DP-2011-0104,CODE,합성-과제코드,mid,synthetic,1
MIL-2006-0200,CODE,합성-과제코드,mid,synthetic,1
SYS-2026-0568,CODE,합성-과제코드,mid,synthetic,1
ROC-2020-0376,CODE,합성-과제코드,mid,synthetic,1
ROC-2026-0400,CODE,합성-과제코드,mid,synthetic,1
SYS-2025-0168,CODE,합성-과제코드,mid,synthetic,1
SEC-2008-0579,CODE,합성-과제코드,mid,synthetic,1
SEC-2020-0294,CODE,합성-과제코드,mid,synthetic,1
PRJ-2015-0012,CODE,합성-과제코드,mid,synthetic,1
PRJ-2006-0180,CODE,합성-과제코드,mid,synthetic,1
SYS-2009-0255,CODE,합성-과제코드,mid,synthetic,1
ROC-2026-0288,CODE,합성-과제코드,mid,synthetic,1
SEC-2018-0319,CODE,합성-과제코드,mid,synthetic,1
PRJ-2025-0298,CODE,합성-과제코드,mid,synthetic,1
TECH-2007-0472,CODE,합성-과제코드,mid,synthetic,1
EXP-2016-0105,CODE,합성-과제코드,mid,synthetic,1
SEC-2015-0514,CODE,합성-과제코드,mid,synthetic,1
PRJ-2009-0220,CODE,합성-과제코드,mid,synthetic,1
ROC-2015-0221,CODE,합성-과제코드,mid,synthetic,1
SYS-2014-0432,CODE,합성-과제코드,mid,synthetic,1
PRJ-2024-0413,CODE,합성-과제코드,mid,synthetic,1
DP-2011-0589,CODE,합성-과제코드,mid,synthetic,1
헬기 냉각장치 구매규격서,TECH_DOC,합성-체계부품문서,high,synthetic,1
TECH-2010-0403,CODE,합성-과제코드,mid,synthetic,1
SEC-2016-0103,CODE,합성-과제코드,mid,synthetic,1
DP-2023-0051,CODE,합성-과제코드,mid,synthetic,1
EXP-2021-0469,CODE,합성-과제코드,mid,synthetic,1
MIL-2009-0319,CODE,합성-과제코드,mid,synthetic,1
SEC-2026-0542,CODE,합성-과제코드,mid,synthetic,1
PRJ-2015-0169,CODE,합성-과제코드,mid,synthetic,1
EXP-2020-0252,CODE,합성-과제코드,mid,synthetic,1
DP-2010-0034,CODE,합성-과제코드,mid,synthetic,1
EXP-2014-0066,CODE,합성-과제코드,mid,synthetic,1
TECH-2018-0290,CODE,합성-과제코드,mid,synthetic,1
SYS-2017-0497,CODE,합성-과제코드,mid,synthetic,1
SYS-2023-0597,CODE,합성-과제코드,mid,synthetic,1
SEC-2009-0119,CODE,합성-과제코드,mid,synthetic,1
ROC-2011-0076,CODE,합성-과제코드,mid,synthetic,1
EXP-2006-0064,CODE,합성-과제코드,mid,synthetic,1
MIL-2019-0389,CODE,합성-과제코드,mid,synthetic,1
DP-2023-0535,CODE,합성-과제코드,mid,synthetic,1
EXP-2023-0105,CODE,합성-과제코드,mid,synthetic,1
DP-2008-0310,CODE,합성-과제코드,mid,synthetic,1
DP-2014-0274,CODE,합성-과제코드,mid,synthetic,1
SEC-2024-0152,CODE,합성-과제코드,mid,synthetic,1
DP-2017-0564,CODE,합성-과제코드,mid,synthetic,1
SEC-2008-0129,CODE,합성-과제코드,mid,synthetic,1
ROC-2025-0037,CODE,합성-과제코드,mid,synthetic,1
SYS-2009-0233,CODE,합성-과제코드,mid,synthetic,1
SEC-2024-0060,CODE,합성-과제코드,mid,synthetic,1
SYS-2017-0502,CODE,합성-과제코드,mid,synthetic,1
SYS-2024-0297,CODE,합성-과제코드,mid,synthetic,1
MIL-2023-0413,CODE,합성-과제코드,mid,synthetic,1
MIL-2008-0311,CODE,합성-과제코드,mid,synthetic,1
EXP-2015-0291,CODE,합성-과제코드,mid,synthetic,1
SEC-2008-0213,CODE,합성-과제코드,mid,synthetic,1
ROC-2020-0002,CODE,합성-과제코드,mid,synthetic,1
DP-2010-0482,CODE,합성-과제코드,mid,synthetic,1
PRJ-2010-0108,CODE,합성-과제코드,mid,synthetic,1
PRJ-2020-0485,CODE,합성-과제코드,mid,synthetic,1
SYS-2014-0181,CODE,합성-과제코드,mid,synthetic,1
ROC-2018-0301,CODE,합성-과제코드,mid,synthetic,1
SEC-2026-0289,CODE,합성-과제코드,mid,synthetic,1
MIL-2015-0104,CODE,합성-과제코드,mid,synthetic,1
TECH-2020-0136,CODE,합성-과제코드,mid,synthetic,1
SYS-2006-0339,CODE,합성-과제코드,mid,synthetic,1
EXP-2014-0197,CODE,합성-과제코드,mid,synthetic,1
MIL-2005-0591,CODE,합성-과제코드,mid,synthetic,1
PRJ-2007-0098,CODE,합성-과제코드,mid,synthetic,1
PRJ-2011-0360,CODE,합성-과제코드,mid,synthetic,1
TECH-2025-0404,CODE,합성-과제코드,mid,synthetic,1
DP-2016-0205,CODE,합성-과제코드,mid,synthetic,1
SYS-2009-0219,CODE,합성-과제코드,mid,synthetic,1
SEC-2026-0292,CODE,합성-과제코드,mid,synthetic,1
PRJ-2019-0420,CODE,합성-과제코드,mid,synthetic,1
비밀 장갑 시험장비 정비교범,TECH_DOC,합성-체계부품문서,high,synthetic,1
SEC-2026-0418,CODE,합성-과제코드,mid,synthetic,1
MIL-2018-0564,CODE,합성-과제코드,mid,synthetic,1
SEC-2013-0577,CODE,합성-과제코드,mid,synthetic,1
유도무기 센서모듈 성능분석자료,TECH_DOC,합성-체계부품문서,high,synthetic,1
PRJ-2012-0110,CODE,합성-과제코드,mid,synthetic,1
MIL-2008-0189,CODE,합성-과제코드,mid,synthetic,1
EXP-2007-0129,CODE,합성-과제코드,mid,synthetic,1
EXP-2010-0174,CODE,합성-과제코드,mid,synthetic,1
ROC-2018-0046,CODE,합성-과제코드,mid,synthetic,1
SYS-2009-0028,CODE,합성-과제코드,mid,synthetic,1
TECH-2014-0351,CODE,합성-과제코드,mid,synthetic,1
EXP-2014-0333,CODE,합성-과제코드,mid,synthetic,1
ROC-2017-0493,CODE,합성-과제코드,mid,synthetic,1
DP-2007-0101,CODE,합성-과제코드,mid,synthetic,1
EXP-2025-0117,CODE,합성-과제코드,mid,synthetic,1
SYS-2020-0233,CODE,합성-과제코드,mid,synthetic,1
EXP-2012-0211,CODE,합성-과제코드,mid,synthetic,1
ROC-2023-0149,CODE,합성-과제코드,mid,synthetic,1
DP-2019-0304,CODE,합성-과제코드,mid,synthetic,1
TECH-2007-0108,CODE,합성-과제코드,mid,synthetic,1
ROC-2019-0358,CODE,합성-과제코드,mid,synthetic,1
MIL-2012-0138,CODE,합성-과제코드,mid,synthetic,1
SYS-2013-0400,CODE,합성-과제코드,mid,synthetic,1
SYS-2020-0077,CODE,합성-과제코드,mid,synthetic,1
SEC-2013-0008,CODE,합성-과제코드,mid,synthetic,1
EXP-2024-0253,CODE,합성-과제코드,mid,synthetic,1
SYS-2011-0320,CODE,합성-과제코드,mid,synthetic,1
PRJ-2012-0201,CODE,합성-과제코드,mid,synthetic,1
EXP-2019-0357,CODE,합성-과제코드,mid,synthetic,1
TECH-2020-0251,CODE,합성-과제코드,mid,synthetic,1
EXP-2016-0115,CODE,합성-과제코드,mid,synthetic,1
TECH-2024-0276,CODE,합성-과제코드,mid,synthetic,1
DP-2013-0131,CODE,합성-과제코드,mid,synthetic,1
SEC-2010-0534,CODE,합성-과제코드,mid,synthetic,1
PRJ-2016-0597,CODE,합성-과제코드,mid,synthetic,1
MIL-2025-0554,CODE,합성-과제코드,mid,synthetic,1
PRJ-2006-0537,CODE,합성-과제코드,mid,synthetic,1
SEC-2020-0068,CODE,합성-과제코드,mid,synthetic,1
DP-2010-0245,CODE,합성-과제코드,mid,synthetic,1
SEC-2012-0441,CODE,합성-과제코드,mid,synthetic,1
TECH-2023-0413,CODE,합성-과제코드,mid,synthetic,1
MIL-2006-0378,CODE,합성-과제코드,mid,synthetic,1
EXP-2022-0207,CODE,합성-과제코드,mid,synthetic,1
SYS-2023-0440,CODE,합성-과제코드,mid,synthetic,1
ROC-2015-0084,CODE,합성-과제코드,mid,synthetic,1
PRJ-2010-0018,CODE,합성-과제코드,mid,synthetic,1
ROC-2016-0468,CODE,합성-과제코드,mid,synthetic,1
비밀 유도무기 신호처리기 설계도면,TECH_DOC,합성-체계부품문서,high,synthetic,1
MIL-2020-0125,CODE,합성-과제코드,mid,synthetic,1
ROC-2014-0475,CODE,합성-과제코드,mid,synthetic,1
DP-2019-0467,CODE,합성-과제코드,mid,synthetic,1
DP-2014-0141,CODE,합성-과제코드,mid,synthetic,1
TECH-2006-0003,CODE,합성-과제코드,mid,synthetic,1
PRJ-2011-0077,CODE,합성-과제코드,mid,synthetic,1
ROC-2005-0053,CODE,합성-과제코드,mid,synthetic,1
TECH-2013-0179,CODE,합성-과제코드,mid,synthetic,1
EXP-2024-0056,CODE,합성-과제코드,mid,synthetic,1
ROC-2015-0549,CODE,합성-과제코드,mid,synthetic,1
SYS-2009-0402,CODE,합성-과제코드,mid,synthetic,1
EXP-2020-0421,CODE,합성-과제코드,mid,synthetic,1
대외비 방공체계 추진기관 설계도면,TECH_DOC,합성-체계부품문서,high,synthetic,1
SYS-2025-0538,CODE,합성-과제코드,mid,synthetic,1
EXP-2011-0246,CODE,합성-과제코드,mid,synthetic,1
TECH-2020-0487,CODE,합성-과제코드,mid,synthetic,1
DP-2026-0477,CODE,합성-과제코드,mid,synthetic,1
SYS-2008-0388,CODE,합성-과제코드,mid,synthetic,1
PRJ-2009-0054,CODE,합성-과제코드,mid,synthetic,1
TECH-2026-0118,CODE,합성-과제코드,mid,synthetic,1
MIL-2012-0598,CODE,합성-과제코드,mid,synthetic,1
TECH-2020-0191,CODE,합성-과제코드,mid,synthetic,1
DP-2010-0145,CODE,합성-과제코드,mid,synthetic,1
TECH-2021-0434,CODE,합성-과제코드,mid,synthetic,1
ROC-2011-0431,CODE,합성-과제코드,mid,synthetic,1
SEC-2021-0358,CODE,합성-과제코드,mid,synthetic,1
TECH-2011-0473,CODE,합성-과제코드,mid,synthetic,1
PRJ-2021-0177,CODE,합성-과제코드,mid,synthetic,1
SYS-2020-0152,CODE,합성-과제코드,mid,synthetic,1
DP-2013-0241,CODE,합성-과제코드,mid,synthetic,1
MIL-2014-0332,CODE,합성-과제코드,mid,synthetic,1
EXP-2005-0002,CODE,합성-과제코드,mid,synthetic,1
EXP-2012-0041,CODE,합성-과제코드,mid,synthetic,1
PRJ-2020-0147,CODE,합성-과제코드,mid,synthetic,1
EXP-2009-0371,CODE,합성-과제코드,mid,synthetic,1
ROC-2023-0167,CODE,합성-과제코드,mid,synthetic,1
ROC-2018-0208,CODE,합성-과제코드,mid,synthetic,1
EXP-2023-0004,CODE,합성-과제코드,mid,synthetic,1
MIL-2010-0049,CODE,합성-과제코드,mid,synthetic,1
PRJ-2013-0149,CODE,합성-과제코드,mid,synthetic,1
MIL-2010-0086,CODE,합성-과제코드,mid,synthetic,1
MIL-2023-0468,CODE,합성-과제코드,mid,synthetic,1
TECH-2012-0034,CODE,합성-과제코드,mid,synthetic,1
TECH-2015-0301,CODE,합성-과제코드,mid,synthetic,1
SEC-2023-0351,CODE,합성-과제코드,mid,synthetic,1
TECH-2021-0461,CODE,합성-과제코드,mid,synthetic,1
ROC-2015-0133,CODE,합성-과제코드,mid,synthetic,1
SYS-2010-0560,CODE,합성-과제코드,mid,synthetic,1
EXP-2016-0252,CODE,합성-과제코드,mid,synthetic,1
EXP-2008-0081,CODE,합성-과제코드,mid,synthetic,1
ROC-2019-0457,CODE,합성-과제코드,mid,synthetic,1
소나 구동장치 설계도면,TECH_DOC,합성-체계부품문서,high,synthetic,1
PRJ-2026-0058,CODE,합성-과제코드,mid,synthetic,1
TECH-2024-0507,CODE,합성-과제코드,mid,synthetic,1
SYS-2025-0124,CODE,합성-과제코드,mid,synthetic,1
SYS-2018-0019,CODE,합성-과제코드,mid,synthetic,1
PRJ-2016-0137,CODE,합성-과제코드,mid,synthetic,1
PRJ-2017-0496,CODE,합성-과제코드,mid,synthetic,1
비밀 함정 신호처리기 성능분석자료,TECH_DOC,합성-체계부품문서,high,synthetic,1
EXP-2008-0359,CODE,합성-과제코드,mid,synthetic,1
MIL-2006-0334,CODE,합성-과제코드,mid,synthetic,1
SEC-2008-0347,CODE,합성-과제코드,mid,synthetic,1
DP-2008-0515,CODE,합성-과제코드,mid,synthetic,1
EXP-2026-0578,CODE,합성-과제코드,mid,synthetic,1
SYS-2011-0294,CODE,합성-과제코드,mid,synthetic,1
SYS-2021-0036,CODE,합성-과제코드,mid,synthetic,1
ROC-2022-0384,CODE,합성-과제코드,mid,synthetic,1
TECH-2023-0132,CODE,합성-과제코드,mid,synthetic,1
ROC-2007-0435,CODE,합성-과제코드,mid,synthetic,1
MIL-2024-0456,CODE,합성-과제코드,mid,synthetic,1
MIL-2018-0121,CODE,합성-과제코드,mid,synthetic,1
DP-2006-0399,CODE,합성-과제코드,mid,synthetic,1
DP-2025-0526,CODE,합성-과제코드,mid,synthetic,1
DP-2024-0590,CODE,합성-과제코드,mid,synthetic,1
ROC-2006-0026,CODE,합성-과제코드,mid,synthetic,1
PRJ-2025-0288,CODE,합성-과제코드,mid,synthetic,1
EXP-2021-0054,CODE,합성-과제코드,mid,synthetic,1
SYS-2025-0488,CODE,합성-과제코드,mid,synthetic,1
DP-2006-0015,CODE,합성-과제코드,mid,synthetic,1
ROC-2023-0498,CODE,합성-과제코드,mid,synthetic,1
DP-2006-0268,CODE,합성-과제코드,mid,synthetic,1
DP-2026-0186,CODE,합성-과제코드,mid,synthetic,1
SYS-2016-0573,CODE,합성-과제코드,mid,synthetic,1
대외비 레이더 시험장비 공정도,TECH_DOC,합성-체계부품문서,high,synthetic,1
ROC-2021-0207,CODE,합성-과제코드,mid,synthetic,1
ROC-2022-0208,CODE,합성-과제코드,mid,synthetic,1
DP-2014-0443,CODE,합성-과제코드,mid,synthetic,1
PRJ-2007-0254,CODE,합성-과제코드,mid,synthetic,1
MIL-2013-0439,CODE,합성-과제코드,mid,synthetic,1
EXP-2015-0567,CODE,합성-과제코드,mid,synthetic,1
TECH-2022-0394,CODE,합성-과제코드,mid,synthetic,1
DP-2017-0308,CODE,합성-과제코드,mid,synthetic,1
SEC-2023-0443,CODE,합성-과제코드,mid,synthetic,1
ROC-2026-0387,CODE,합성-과제코드,mid,synthetic,1
TECH-2013-0029,CODE,합성-과제코드,mid,synthetic,1
TECH-2026-0058,CODE,합성-과제코드,mid,synthetic,1
DP-2024-0367,CODE,합성-과제코드,mid,synthetic,1
TECH-2026-0054,CODE,합성-과제코드,mid,synthetic,1
DP-2005-0252,CODE,합성-과제코드,mid,synthetic,1
SYS-2024-0445,CODE,합성-과제코드,mid,synthetic,1
DP-2010-0502,CODE,합성-과제코드,mid,synthetic,1
DP-2018-0570,CODE,합성-과제코드,mid,synthetic,1
PRJ-2013-0559,CODE,합성-과제코드,mid,synthetic,1
ROC-2007-0594,CODE,합성-과제코드,mid,synthetic,1
MIL-2013-0168,CODE,합성-과제코드,mid,synthetic,1
ROC-2007-0252,CODE,합성-과제코드,mid,synthetic,1
EXP-2011-0045,CODE,합성-과제코드,mid,synthetic,1
PRJ-2015-0008,CODE,합성-과제코드,mid,synthetic,1
SEC-2023-0235,CODE,합성-과제코드,mid,synthetic,1
SYS-2026-0534,CODE,합성-과제코드,mid,synthetic,1
TECH-2023-0175,CODE,합성-과제코드,mid,synthetic,1
TECH-2017-0145,CODE,합성-과제코드,mid,synthetic,1
ROC-2017-0284,CODE,합성-과제코드,mid,synthetic,1
MIL-2013-0578,CODE,합성-과제코드,mid,synthetic,1
DP-2011-0214,CODE,합성-과제코드,mid,synthetic,1
PRJ-2015-0066,CODE,합성-과제코드,mid,synthetic,1
SYS-2024-0134,CODE,합성-과제코드,mid,synthetic,1
TECH-2015-0503,CODE,합성-과제코드,mid,synthetic,1
EXP-2014-0452,CODE,합성-과제코드,mid,synthetic,1
SEC-2009-0008,CODE,합성-과제코드,mid,synthetic,1
DP-2011-0270,CODE,합성-과제코드,mid,synthetic,1
SEC-2021-0063,CODE,합성-과제코드,mid,synthetic,1
SEC-2023-0472,CODE,합성-과제코드,mid,synthetic,1
TECH-2007-0142,CODE,합성-과제코드,mid,synthetic,1
SEC-2011-0059,CODE,합성-과제코드,mid,synthetic,1
ROC-2016-0453,CODE,합성-과제코드,mid,synthetic,1
EXP-2022-0134,CODE,합성-과제코드,mid,synthetic,1
SYS-2009-0591,CODE,합성-과제코드,mid,synthetic,1
SEC-2018-0423,CODE,합성-과제코드,mid,synthetic,1
MIL-2019-0043,CODE,합성-과제코드,mid,synthetic,1
SYS-2009-0122,CODE,합성-과제코드,mid,synthetic,1
EXP-2026-0231,CODE,합성-과제코드,mid,synthetic,1
PRJ-2008-0092,CODE,합성-과제코드,mid,synthetic,1
TECH-2007-0257,CODE,합성-과제코드,mid,synthetic,1
MIL-2014-0243,CODE,합성-과제코드,mid,synthetic,1
EXP-2006-0362,CODE,합성-과제코드,mid,synthetic,1
DP-2009-0139,CODE,합성-과제코드,mid,synthetic,1
SEC-2017-0090,CODE,합성-과제코드,mid,synthetic,1
DP-2008-0052,CODE,합성-과제코드,mid,synthetic,1
PRJ-2007-0242,CODE,합성-과제코드,mid,synthetic,1
SEC-2020-0258,CODE,합성-과제코드,mid,synthetic,1
비밀 함정 암호모듈 구매규격서,TECH_DOC,합성-체계부품문서,high,synthetic,1
MIL-2019-0510,CODE,합성-과제코드,mid,synthetic,1
PRJ-2007-0276,CODE,합성-과제코드,mid,synthetic,1
PRJ-2007-0241,CODE,합성-과제코드,mid,synthetic,1
SEC-2009-0392,CODE,합성-과제코드,mid,synthetic,1
MIL-2017-0013,CODE,합성-과제코드,mid,synthetic,1
TECH-2015-0583,CODE,합성-과제코드,mid,synthetic,1
TECH-2025-0250,CODE,합성-과제코드,mid,synthetic,1
EXP-2013-0356,CODE,합성-과제코드,mid,synthetic,1
SEC-2005-0355,CODE,합성-과제코드,mid,synthetic,1
DP-2019-0182,CODE,합성-과제코드,mid,synthetic,1
SEC-2006-0250,CODE,합성-과제코드,mid,synthetic,1
TECH-2020-0030,CODE,합성-과제코드,mid,synthetic,1
TECH-2023-0060,CODE,합성-과제코드,mid,synthetic,1
TECH-2020-0156,CODE,합성-과제코드,mid,synthetic,1
EXP-2019-0500,CODE,합성-과제코드,mid,synthetic,1
EXP-2016-0246,CODE,합성-과제코드,mid,synthetic,1
TECH-2021-0286,CODE,합성-과제코드,mid,synthetic,1
SEC-2010-0102,CODE,합성-과제코드,mid,synthetic,1
TECH-2013-0585,CODE,합성-과제코드,mid,synthetic,1
PRJ-2022-0482,CODE,합성-과제코드,mid,synthetic,1
SEC-2025-0075,CODE,합성-과제코드,mid,synthetic,1
EXP-2010-0344,CODE,합성-과제코드,mid,synthetic,1
TECH-2013-0120,CODE,합성-과제코드,mid,synthetic,1
SYS-2018-0515,CODE,합성-과제코드,mid,synthetic,1
DP-2024-0581,CODE,합성-과제코드,mid,synthetic,1
PRJ-2006-0092,CODE,합성-과제코드,mid,synthetic,1
MIL-2009-0031,CODE,합성-과제코드,mid,synthetic,1
EXP-2010-0016,CODE,합성-과제코드,mid,synthetic,1
SYS-2026-0468,CODE,합성-과제코드,mid,synthetic,1
SYS-2008-0320,CODE,합성-과제코드,mid,synthetic,1
SYS-2020-0246,CODE,합성-과제코드,mid,synthetic,1
DP-2026-0282,CODE,합성-과제코드,mid,synthetic,1
TECH-2005-0246,CODE,합성-과제코드,mid,synthetic,1
MIL-2014-0147,CODE,합성-과제코드,mid,synthetic,1
MIL-2011-0215,CODE,합성-과제코드,mid,synthetic,1
MIL-2019-0108,CODE,합성-과제코드,mid,synthetic,1
EXP-2023-0005,CODE,합성-과제코드,mid,synthetic,1
TECH-2014-0132,CODE,합성-과제코드,mid,synthetic,1
SEC-2012-0242,CODE,합성-과제코드,mid,synthetic,1
DP-2023-0325,CODE,합성-과제코드,mid,synthetic,1
ROC-2015-0521,CODE,합성-과제코드,mid,synthetic,1
DP-2018-0023,CODE,합성-과제코드,mid,synthetic,1
EXP-2026-0516,CODE,합성-과제코드,mid,synthetic,1
SEC-2012-0064,CODE,합성-과제코드,mid,synthetic,1
SYS-2010-0513,CODE,합성-과제코드,mid,synthetic,1
DP-2024-0294,CODE,합성-과제코드,mid,synthetic,1
ROC-2016-0299,CODE,합성-과제코드,mid,synthetic,1
MIL-2021-0577,CODE,합성-과제코드,mid,synthetic,1
ROC-2024-0305,CODE,합성-과제코드,mid,synthetic,1
SYS-2008-0488,CODE,합성-과제코드,mid,synthetic,1
SYS-2015-0506,CODE,합성-과제코드,mid,synthetic,1
SYS-2018-0084,CODE,합성-과제코드,mid,synthetic,1
MIL-2020-0480,CODE,합성-과제코드,mid,synthetic,1
MIL-2012-0162,CODE,합성-과제코드,mid,synthetic,1
EXP-2025-0377,CODE,합성-과제코드,mid,synthetic,1
DP-2026-0473,CODE,합성-과제코드,mid,synthetic,1
DP-2011-0042,CODE,합성-과제코드,mid,synthetic,1
PRJ-2017-0167,CODE,합성-과제코드,mid,synthetic,1
TECH-2014-0517,CODE,합성-과제코드,mid,synthetic,1
DP-2013-0454,CODE,합성-과제코드,mid,synthetic,1
SYS-2011-0199,CODE,합성-과제코드,mid,synthetic,1
ROC-2010-0497,CODE,합성-과제코드,mid,synthetic,1
PRJ-2012-0300,CODE,합성-과제코드,mid,synthetic,1
SYS-2024-0148,CODE,합성-과제코드,mid,synthetic,1
SEC-2018-0236,CODE,합성-과제코드,mid,synthetic,1
DP-2010-0298,CODE,합성-과제코드,mid,synthetic,1
EXP-2018-0101,CODE,합성-과제코드,mid,synthetic,1
SYS-2009-0115,CODE,합성-과제코드,mid,synthetic,1
MIL-2013-0484,CODE,합성-과제코드,mid,synthetic,1
SYS-2024-0086,CODE,합성-과제코드,mid,synthetic,1
EXP-2011-0562,CODE,합성-과제코드,mid,synthetic,1
TECH-2024-0471,CODE,합성-과제코드,mid,synthetic,1
PRJ-2024-0260,CODE,합성-과제코드,mid,synthetic,1
SYS-2011-0369,CODE,합성-과제코드,mid,synthetic,1
SEC-2019-0350,CODE,합성-과제코드,mid,synthetic,1
DP-2006-0454,CODE,합성-과제코드,mid,synthetic,1
SYS-2008-0142,CODE,합성-과제코드,mid,synthetic,1
SYS-2007-0354,CODE,합성-과제코드,mid,synthetic,1
PRJ-2010-0048,CODE,합성-과제코드,mid,synthetic,1
PRJ-2006-0105,CODE,합성-과제코드,mid,synthetic,1
TECH-2022-0419,CODE,합성-과제코드,mid,synthetic,1
DP-2024-0284,CODE,합성-과제코드,mid,synthetic,1
ROC-2025-0057,CODE,합성-과제코드,mid,synthetic,1
SYS-2010-0258,CODE,합성-과제코드,mid,synthetic,1
SYS-2012-0501,CODE,합성-과제코드,mid,synthetic,1
EXP-2012-0535,CODE,합성-과제코드,mid,synthetic,1
PRJ-2008-0481,CODE,합성-과제코드,mid,synthetic,1
SEC-2014-0325,CODE,합성-과제코드,mid,synthetic,1
TECH-2005-0466,CODE,합성-과제코드,mid,synthetic,1
ROC-2005-0351,CODE,합성-과제코드,mid,synthetic,1
EXP-2009-0317,CODE,합성-과제코드,mid,synthetic,1
DP-2012-0595,CODE,합성-과제코드,mid,synthetic,1
SYS-2025-0138,CODE,합성-과제코드,mid,synthetic,1
SYS-2012-0222,CODE,합성-과제코드,mid,synthetic,1
MIL-2024-0399,CODE,합성-과제코드,mid,synthetic,1
EXP-2026-0225,CODE,합성-과제코드,mid,synthetic,1
PRJ-2021-0138,CODE,합성-과제코드,mid,synthetic,1
MIL-2020-0191,CODE,합성-과제코드,mid,synthetic,1
SYS-2026-0442,CODE,합성-과제코드,mid,synthetic,1
DP-2016-0447,CODE,합성-과제코드,mid,synthetic,1
DP-2014-0054,CODE,합성-과제코드,mid,synthetic,1
ROC-2022-0219,CODE,합성-과제코드,mid,synthetic,1
EXP-2010-0347,CODE,합성-과제코드,mid,synthetic,1
DP-2019-0578,CODE,합성-과제코드,mid,synthetic,1
EXP-2017-0360,CODE,합성-과제코드,mid,synthetic,1
TECH-2007-0537,CODE,합성-과제코드,mid,synthetic,1
SYS-2014-0195,CODE,합성-과제코드,mid,synthetic,1
MIL-2025-0302,CODE,합성-과제코드,mid,synthetic,1
MIL-2018-0169,CODE,합성-과제코드,mid,synthetic,1
SYS-2020-0459,CODE,합성-과제코드,mid,synthetic,1
SYS-2009-0500,CODE,합성-과제코드,mid,synthetic,1
DP-2005-0142,CODE,합성-과제코드,mid,synthetic,1
EXP-2024-0371,CODE,합성-과제코드,mid,synthetic,1
TECH-2009-0366,CODE,합성-과제코드,mid,synthetic,1
SYS-2022-0260,CODE,합성-과제코드,mid,synthetic,1
EXP-2022-0550,CODE,합성-과제코드,mid,synthetic,1
MIL-2023-0232,CODE,합성-과제코드,mid,synthetic,1
SEC-2017-0572,CODE,합성-과제코드,mid,synthetic,1
SEC-2024-0384,CODE,합성-과제코드,mid,synthetic,1
SYS-2010-0427,CODE,합성-과제코드,mid,synthetic,1
MIL-2011-0388,CODE,합성-과제코드,mid,synthetic,1
TECH-2013-0214,CODE,합성-과제코드,mid,synthetic,1
TECH-2024-0413,CODE,합성-과제코드,mid,synthetic,1
DP-2009-0467,CODE,합성-과제코드,mid,synthetic,1
SEC-2007-0554,CODE,합성-과제코드,mid,synthetic,1
TECH-2017-0560,CODE,합성-과제코드,mid,synthetic,1
DP-2005-0548,CODE,합성-과제코드,mid,synthetic,1
EXP-2007-0389,CODE,합성-과제코드,mid,synthetic,1
EXP-2023-0596,CODE,합성-과제코드,mid,synthetic,1
ROC-2014-0580,CODE,합성-과제코드,mid,synthetic,1
ROC-2012-0211,CODE,합성-과제코드,mid,synthetic,1
MIL-2023-0573,CODE,합성-과제코드,mid,synthetic,1
ROC-2021-0549,CODE,합성-과제코드,mid,synthetic,1
PRJ-2010-0411,CODE,합성-과제코드,mid,synthetic,1
ROC-2025-0145,CODE,합성-과제코드,mid,synthetic,1
TECH-2015-0028,CODE,합성-과제코드,mid,synthetic,1
PRJ-2009-0265,CODE,합성-과제코드,mid,synthetic,1
DP-2015-0330,CODE,합성-과제코드,mid,synthetic,1
SYS-2006-0562,CODE,합성-과제코드,mid,synthetic,1
SEC-2016-0266,CODE,합성-과제코드,mid,synthetic,1
대외비 장갑 전원장치 제조사양서,TECH_DOC,합성-체계부품문서,high,synthetic,1
PRJ-2025-0479,CODE,합성-과제코드,mid,synthetic,1
DP-2021-0233,CODE,합성-과제코드,mid,synthetic,1
EXP-2025-0342,CODE,합성-과제코드,mid,synthetic,1
SYS-2012-0087,CODE,합성-과제코드,mid,synthetic,1
TECH-2018-0345,CODE,합성-과제코드,mid,synthetic,1
SYS-2006-0550,CODE,합성-과제코드,mid,synthetic,1
ROC-2026-0314,CODE,합성-과제코드,mid,synthetic,1
ROC-2023-0022,CODE,합성-과제코드,mid,synthetic,1
SEC-2024-0241,CODE,합성-과제코드,mid,synthetic,1
SYS-2011-0054,CODE,합성-과제코드,mid,synthetic,1
MIL-2014-0072,CODE,합성-과제코드,mid,synthetic,1
EXP-2023-0486,CODE,합성-과제코드,mid,synthetic,1
DP-2005-0494,CODE,합성-과제코드,mid,synthetic,1
ROC-2022-0263,CODE,합성-과제코드,mid,synthetic,1
DP-2006-0589,CODE,합성-과제코드,mid,synthetic,1
MIL-2012-0456,CODE,합성-과제코드,mid,synthetic,1
TECH-2006-0582,CODE,합성-과제코드,mid,synthetic,1
SEC-2025-0208,CODE,합성-과제코드,mid,synthetic,1
DP-2013-0573,CODE,합성-과제코드,mid,synthetic,1
PRJ-2023-0143,CODE,합성-과제코드,mid,synthetic,1
ROC-2005-0355,CODE,합성-과제코드,mid,synthetic,1
SYS-2009-0078,CODE,합성-과제코드,mid,synthetic,1
DP-2021-0110,CODE,합성-과제코드,mid,synthetic,1
PRJ-2025-0167,CODE,합성-과제코드,mid,synthetic,1
PRJ-2023-0270,CODE,합성-과제코드,mid,synthetic,1
ROC-2021-0171,CODE,합성-과제코드,mid,synthetic,1
DP-2014-0014,CODE,합성-과제코드,mid,synthetic,1
MIL-2017-0589,CODE,합성-과제코드,mid,synthetic,1
SYS-2008-0438,CODE,합성-과제코드,mid,synthetic,1
EXP-2025-0579,CODE,합성-과제코드,mid,synthetic,1
SEC-2026-0342,CODE,합성-과제코드,mid,synthetic,1
EXP-2013-0487,CODE,합성-과제코드,mid,synthetic,1
SYS-2007-0491,CODE,합성-과제코드,mid,synthetic,1
PRJ-2025-0171,CODE,합성-과제코드,mid,synthetic,1
PRJ-2017-0550,CODE,합성-과제코드,mid,synthetic,1
EXP-2005-0205,CODE,합성-과제코드,mid,synthetic,1
SEC-2024-0394,CODE,합성-과제코드,mid,synthetic,1
DP-2023-0115,CODE,합성-과제코드,mid,synthetic,1
EXP-2007-0133,CODE,합성-과제코드,mid,synthetic,1
TECH-2019-0588,CODE,합성-과제코드,mid,synthetic,1
MIL-2016-0286,CODE,합성-과제코드,mid,synthetic,1
DP-2008-0078,CODE,합성-과제코드,mid,synthetic,1
SEC-2018-0551,CODE,합성-과제코드,mid,synthetic,1
ROC-2020-0286,CODE,합성-과제코드,mid,synthetic,1
ROC-2018-0136,CODE,합성-과제코드,mid,synthetic,1
비밀 소나 센서모듈 소스코드,TECH_DOC,합성-체계부품문서,high,synthetic,1
PRJ-2026-0479,CODE,합성-과제코드,mid,synthetic,1
DP-2014-0476,CODE,합성-과제코드,mid,synthetic,1
ROC-2024-0417,CODE,합성-과제코드,mid,synthetic,1
DP-2025-0416,CODE,합성-과제코드,mid,synthetic,1
EXP-2007-0443,CODE,합성-과제코드,mid,synthetic,1
TECH-2013-0506,CODE,합성-과제코드,mid,synthetic,1
SEC-2021-0344,CODE,합성-과제코드,mid,synthetic,1
SYS-2012-0292,CODE,합성-과제코드,mid,synthetic,1
PRJ-2010-0473,CODE,합성-과제코드,mid,synthetic,1
SEC-2016-0427,CODE,합성-과제코드,mid,synthetic,1
TECH-2005-0113,CODE,합성-과제코드,mid,synthetic,1
MIL-2014-0055,CODE,합성-과제코드,mid,synthetic,1
SEC-2009-0386,CODE,합성-과제코드,mid,synthetic,1
PRJ-2017-0244,CODE,합성-과제코드,mid,synthetic,1
TECH-2008-0481,CODE,합성-과제코드,mid,synthetic,1
ROC-2021-0544,CODE,합성-과제코드,mid,synthetic,1
MIL-2026-0449,CODE,합성-과제코드,mid,synthetic,1
DP-2021-0068,CODE,합성-과제코드,mid,synthetic,1
PRJ-2015-0392,CODE,합성-과제코드,mid,synthetic,1
MIL-2025-0188,CODE,합성-과제코드,mid,synthetic,1
PRJ-2022-0335,CODE,합성-과제코드,mid,synthetic,1
DP-2018-0228,CODE,합성-과제코드,mid,synthetic,1
TECH-2014-0035,CODE,합성-과제코드,mid,synthetic,1
ROC-2010-0500,CODE,합성-과제코드,mid,synthetic,1
ROC-2012-0271,CODE,합성-과제코드,mid,synthetic,1
SYS-2008-0253,CODE,합성-과제코드,mid,synthetic,1
MIL-2009-0513,CODE,합성-과제코드,mid,synthetic,1
SYS-2013-0381,CODE,합성-과제코드,mid,synthetic,1
SYS-2016-0272,CODE,합성-과제코드,mid,synthetic,1
PRJ-2007-0486,CODE,합성-과제코드,mid,synthetic,1
EXP-2006-0184,CODE,합성-과제코드,mid,synthetic,1
잠수함 센서모듈 소스코드,TECH_DOC,합성-체계부품문서,high,synthetic,1
TECH-2010-0341,CODE,합성-과제코드,mid,synthetic,1
SYS-2018-0037,CODE,합성-과제코드,mid,synthetic,1
MIL-2020-0231,CODE,합성-과제코드,mid,synthetic,1
EXP-2007-0071,CODE,합성-과제코드,mid,synthetic,1
MIL-2022-0205,CODE,합성-과제코드,mid,synthetic,1
ROC-2005-0178,CODE,합성-과제코드,mid,synthetic,1
DP-2015-0081,CODE,합성-과제코드,mid,synthetic,1
ROC-2013-0247,CODE,합성-과제코드,mid,synthetic,1
MIL-2023-0087,CODE,합성-과제코드,mid,synthetic,1
ROC-2017-0114,CODE,합성-과제코드,mid,synthetic,1
SEC-2013-0329,CODE,합성-과제코드,mid,synthetic,1
ROC-2009-0204,CODE,합성-과제코드,mid,synthetic,1
EXP-2011-0176,CODE,합성-과제코드,mid,synthetic,1
SYS-2026-0560,CODE,합성-과제코드,mid,synthetic,1
PRJ-2009-0573,CODE,합성-과제코드,mid,synthetic,1
DP-2022-0287,CODE,합성-과제코드,mid,synthetic,1
MIL-2006-0558,CODE,합성-과제코드,mid,synthetic,1
SYS-2017-0222,CODE,합성-과제코드,mid,synthetic,1
PRJ-2023-0285,CODE,합성-과제코드,mid,synthetic,1
SEC-2013-0127,CODE,합성-과제코드,mid,synthetic,1
DP-2020-0478,CODE,합성-과제코드,mid,synthetic,1
PRJ-2006-0352,CODE,합성-과제코드,mid,synthetic,1
SEC-2026-0533,CODE,합성-과제코드,mid,synthetic,1
EXP-2020-0280,CODE,합성-과제코드,mid,synthetic,1
MIL-2024-0599,CODE,합성-과제코드,mid,synthetic,1
SEC-2021-0263,CODE,합성-과제코드,mid,synthetic,1
MIL-2023-0338,CODE,합성-과제코드,mid,synthetic,1
SYS-2015-0269,CODE,합성-과제코드,mid,synthetic,1
탄약 펌웨어 정비교범,TECH_DOC,합성-체계부품문서,high,synthetic,1
DP-2020-0570,CODE,합성-과제코드,mid,synthetic,1
DP-2019-0220,CODE,합성-과제코드,mid,synthetic,1
SEC-2019-0379,CODE,합성-과제코드,mid,synthetic,1
PRJ-2010-0327,CODE,합성-과제코드,mid,synthetic,1
EXP-2023-0500,CODE,합성-과제코드,mid,synthetic,1
EXP-2013-0236,CODE,합성-과제코드,mid,synthetic,1
PRJ-2020-0486,CODE,합성-과제코드,mid,synthetic,1
SYS-2026-0118,CODE,합성-과제코드,mid,synthetic,1
TECH-2009-0243,CODE,합성-과제코드,mid,synthetic,1
TECH-2016-0499,CODE,합성-과제코드,mid,synthetic,1
SEC-2008-0574,CODE,합성-과제코드,mid,synthetic,1
ROC-2013-0042,CODE,합성-과제코드,mid,synthetic,1
EXP-2026-0349,CODE,합성-과제코드,mid,synthetic,1
DP-2019-0112,CODE,합성-과제코드,mid,synthetic,1
DP-2012-0452,CODE,합성-과제코드,mid,synthetic,1
SYS-2026-0194,CODE,합성-과제코드,mid,synthetic,1
ROC-2024-0598,CODE,합성-과제코드,mid,synthetic,1
EXP-2014-0192,CODE,합성-과제코드,mid,synthetic,1
ROC-2009-0284,CODE,합성-과제코드,mid,synthetic,1
SYS-2025-0380,CODE,합성-과제코드,mid,synthetic,1
SYS-2011-0548,CODE,합성-과제코드,mid,synthetic,1
PRJ-2010-0027,CODE,합성-과제코드,mid,synthetic,1
TECH-2012-0137,CODE,합성-과제코드,mid,synthetic,1
DP-2025-0170,CODE,합성-과제코드,mid,synthetic,1
SYS-2008-0576,CODE,합성-과제코드,mid,synthetic,1
MIL-2020-0080,CODE,합성-과제코드,mid,synthetic,1
SEC-2023-0426,CODE,합성-과제코드,mid,synthetic,1
TECH-2026-0253,CODE,합성-과제코드,mid,synthetic,1
TECH-2010-0118,CODE,합성-과제코드,mid,synthetic,1
PRJ-2023-0183,CODE,합성-과제코드,mid,synthetic,1
TECH-2017-0268,CODE,합성-과제코드,mid,synthetic,1
EXP-2020-0094,CODE,합성-과제코드,mid,synthetic,1
SYS-2019-0437,CODE,합성-과제코드,mid,synthetic,1
PRJ-2023-0495,CODE,합성-과제코드,mid,synthetic,1
ROC-2007-0598,CODE,합성-과제코드,mid,synthetic,1
TECH-2017-0275,CODE,합성-과제코드,mid,synthetic,1
SYS-2007-0558,CODE,합성-과제코드,mid,synthetic,1
SYS-2025-0378,CODE,합성-과제코드,mid,synthetic,1
PRJ-2018-0532,CODE,합성-과제코드,mid,synthetic,1
ROC-2013-0547,CODE,합성-과제코드,mid,synthetic,1
PRJ-2006-0370,CODE,합성-과제코드,mid,synthetic,1
MIL-2020-0342,CODE,합성-과제코드,mid,synthetic,1
SYS-2008-0255,CODE,합성-과제코드,mid,synthetic,1
MIL-2008-0309,CODE,합성-과제코드,mid,synthetic,1
PRJ-2019-0456,CODE,합성-과제코드,mid,synthetic,1
EXP-2009-0460,CODE,합성-과제코드,mid,synthetic,1
SYS-2008-0321,CODE,합성-과제코드,mid,synthetic,1
TECH-2015-0371,CODE,합성-과제코드,mid,synthetic,1
ROC-2014-0071,CODE,합성-과제코드,mid,synthetic,1
SYS-2025-0102,CODE,합성-과제코드,mid,synthetic,1
PRJ-2013-0270,CODE,합성-과제코드,mid,synthetic,1
MIL-2024-0222,CODE,합성-과제코드,mid,synthetic,1
EXP-2018-0435,CODE,합성-과제코드,mid,synthetic,1
MIL-2007-0564,CODE,합성-과제코드,mid,synthetic,1
TECH-2014-0527,CODE,합성-과제코드,mid,synthetic,1
EXP-2008-0598,CODE,합성-과제코드,mid,synthetic,1
PRJ-2022-0425,CODE,합성-과제코드,mid,synthetic,1
EXP-2014-0118,CODE,합성-과제코드,mid,synthetic,1
TECH-2013-0309,CODE,합성-과제코드,mid,synthetic,1
DP-2014-0418,CODE,합성-과제코드,mid,synthetic,1
MIL-2021-0072,CODE,합성-과제코드,mid,synthetic,1
SEC-2018-0166,CODE,합성-과제코드,mid,synthetic,1
DP-2015-0293,CODE,합성-과제코드,mid,synthetic,1
PRJ-2014-0351,CODE,합성-과제코드,mid,synthetic,1
EXP-2009-0396,CODE,합성-과제코드,mid,synthetic,1
PRJ-2008-0559,CODE,합성-과제코드,mid,synthetic,1
MIL-2006-0032,CODE,합성-과제코드,mid,synthetic,1
SYS-2020-0119,CODE,합성-과제코드,mid,synthetic,1
SYS-2025-0495,CODE,합성-과제코드,mid,synthetic,1
PRJ-2009-0237,CODE,합성-과제코드,mid,synthetic,1
PRJ-2011-0508,CODE,합성-과제코드,mid,synthetic,1
ROC-2025-0238,CODE,합성-과제코드,mid,synthetic,1
SEC-2019-0309,CODE,합성-과제코드,mid,synthetic,1
DP-2021-0204,CODE,합성-과제코드,mid,synthetic,1
PRJ-2009-0387,CODE,합성-과제코드,mid,synthetic,1
MIL-2020-0094,CODE,합성-과제코드,mid,synthetic,1
SYS-2007-0106,CODE,합성-과제코드,mid,synthetic,1
ROC-2006-0324,CODE,합성-과제코드,mid,synthetic,1
EXP-2014-0036,CODE,합성-과제코드,mid,synthetic,1
SEC-2009-0402,CODE,합성-과제코드,mid,synthetic,1
SYS-2024-0460,CODE,합성-과제코드,mid,synthetic,1
ROC-2018-0528,CODE,합성-과제코드,mid,synthetic,1
SYS-2007-0525,CODE,합성-과제코드,mid,synthetic,1
MIL-2007-0140,CODE,합성-과제코드,mid,synthetic,1
SYS-2010-0015,CODE,합성-과제코드,mid,synthetic,1
EXP-2014-0026,CODE,합성-과제코드,mid,synthetic,1
PRJ-2013-0483,CODE,합성-과제코드,mid,synthetic,1
ROC-2023-0501,CODE,합성-과제코드,mid,synthetic,1
EXP-2017-0181,CODE,합성-과제코드,mid,synthetic,1
SYS-2018-0116,CODE,합성-과제코드,mid,synthetic,1
DP-2023-0005,CODE,합성-과제코드,mid,synthetic,1
SEC-2024-0567,CODE,합성-과제코드,mid,synthetic,1
EXP-2022-0373,CODE,합성-과제코드,mid,synthetic,1
SYS-2009-0267,CODE,합성-과제코드,mid,synthetic,1
SYS-2006-0354,CODE,합성-과제코드,mid,synthetic,1
PRJ-2022-0453,CODE,합성-과제코드,mid,synthetic,1
ROC-2006-0025,CODE,합성-과제코드,mid,synthetic,1
자주포 관성항법장치 정비교범,TECH_DOC,합성-체계부품문서,high,synthetic,1
SEC-2021-0334,CODE,합성-과제코드,mid,synthetic,1
SYS-2011-0521,CODE,합성-과제코드,mid,synthetic,1
EXP-2011-0088,CODE,합성-과제코드,mid,synthetic,1
SEC-2016-0082,CODE,합성-과제코드,mid,synthetic,1
SYS-2014-0275,CODE,합성-과제코드,mid,synthetic,1
DP-2005-0339,CODE,합성-과제코드,mid,synthetic,1
SYS-2014-0361,CODE,합성-과제코드,mid,synthetic,1
SYS-2018-0494,CODE,합성-과제코드,mid,synthetic,1
EXP-2013-0253,CODE,합성-과제코드,mid,synthetic,1
SEC-2005-0325,CODE,합성-과제코드,mid,synthetic,1
MIL-2009-0260,CODE,합성-과제코드,mid,synthetic,1
SEC-2008-0543,CODE,합성-과제코드,mid,synthetic,1
EXP-2021-0259,CODE,합성-과제코드,mid,synthetic,1
SYS-2012-0177,CODE,합성-과제코드,mid,synthetic,1
MIL-2007-0467,CODE,합성-과제코드,mid,synthetic,1
SYS-2005-0275,CODE,합성-과제코드,mid,synthetic,1
TECH-2014-0260,CODE,합성-과제코드,mid,synthetic,1
SEC-2016-0364,CODE,합성-과제코드,mid,synthetic,1
DP-2014-0586,CODE,합성-과제코드,mid,synthetic,1
TECH-2026-0075,CODE,합성-과제코드,mid,synthetic,1
PRJ-2010-0574,CODE,합성-과제코드,mid,synthetic,1
SYS-2021-0395,CODE,합성-과제코드,mid,synthetic,1
ROC-2025-0580,CODE,합성-과제코드,mid,synthetic,1
ROC-2023-0477,CODE,합성-과제코드,mid,synthetic,1
DP-2005-0495,CODE,합성-과제코드,mid,synthetic,1
MIL-2013-0091,CODE,합성-과제코드,mid,synthetic,1
ROC-2021-0153,CODE,합성-과제코드,mid,synthetic,1
MIL-2014-0077,CODE,합성-과제코드,mid,synthetic,1
DP-2022-0095,CODE,합성-과제코드,mid,synthetic,1
비밀 소나 구동장치 형상관리문서,TECH_DOC,합성-체계부품문서,high,synthetic,1
ROC-2022-0286,CODE,합성-과제코드,mid,synthetic,1
ROC-2026-0107,CODE,합성-과제코드,mid,synthetic,1
SEC-2017-0061,CODE,합성-과제코드,mid,synthetic,1
MIL-2026-0348,CODE,합성-과제코드,mid,synthetic,1
MIL-2012-0416,CODE,합성-과제코드,mid,synthetic,1
EXP-2025-0292,CODE,합성-과제코드,mid,synthetic,1
TECH-2005-0171,CODE,합성-과제코드,mid,synthetic,1
EXP-2005-0319,CODE,합성-과제코드,mid,synthetic,1
TECH-2022-0046,CODE,합성-과제코드,mid,synthetic,1
EXP-2026-0210,CODE,합성-과제코드,mid,synthetic,1
DP-2021-0047,CODE,합성-과제코드,mid,synthetic,1
SYS-2020-0266,CODE,합성-과제코드,mid,synthetic,1
ROC-2020-0042,CODE,합성-과제코드,mid,synthetic,1
SEC-2026-0482,CODE,합성-과제코드,mid,synthetic,1
SEC-2010-0185,CODE,합성-과제코드,mid,synthetic,1
EXP-2006-0010,CODE,합성-과제코드,mid,synthetic,1
EXP-2010-0184,CODE,합성-과제코드,mid,synthetic,1
ROC-2010-0485,CODE,합성-과제코드,mid,synthetic,1
MIL-2009-0111,CODE,합성-과제코드,mid,synthetic,1
PRJ-2014-0376,CODE,합성-과제코드,mid,synthetic,1
ROC-2021-0423,CODE,합성-과제코드,mid,synthetic,1
SYS-2012-0316,CODE,합성-과제코드,mid,synthetic,1
MIL-2021-0005,CODE,합성-과제코드,mid,synthetic,1
MIL-2013-0281,CODE,합성-과제코드,mid,synthetic,1
EXP-2025-0414,CODE,합성-과제코드,mid,synthetic,1
ROC-2012-0535,CODE,합성-과제코드,mid,synthetic,1
SYS-2026-0186,CODE,합성-과제코드,mid,synthetic,1
EXP-2009-0014,CODE,합성-과제코드,mid,synthetic,1
PRJ-2015-0384,CODE,합성-과제코드,mid,synthetic,1
SEC-2006-0059,CODE,합성-과제코드,mid,synthetic,1
EXP-2017-0167,CODE,합성-과제코드,mid,synthetic,1
TECH-2018-0241,CODE,합성-과제코드,mid,synthetic,1
ROC-2013-0206,CODE,합성-과제코드,mid,synthetic,1
SEC-2021-0518,CODE,합성-과제코드,mid,synthetic,1
ROC-2009-0376,CODE,합성-과제코드,mid,synthetic,1
DP-2008-0312,CODE,합성-과제코드,mid,synthetic,1
SEC-2014-0258,CODE,합성-과제코드,mid,synthetic,1
ROC-2012-0284,CODE,합성-과제코드,mid,synthetic,1
MIL-2018-0283,CODE,합성-과제코드,mid,synthetic,1
SYS-2012-0525,CODE,합성-과제코드,mid,synthetic,1
MIL-2016-0026,CODE,합성-과제코드,mid,synthetic,1
PRJ-2026-0426,CODE,합성-과제코드,mid,synthetic,1
SEC-2018-0339,CODE,합성-과제코드,mid,synthetic,1
PRJ-2009-0314,CODE,합성-과제코드,mid,synthetic,1
SYS-2012-0541,CODE,합성-과제코드,mid,synthetic,1
EXP-2012-0204,CODE,합성-과제코드,mid,synthetic,1
SYS-2005-0591,CODE,합성-과제코드,mid,synthetic,1
SYS-2014-0193,CODE,합성-과제코드,mid,synthetic,1
ROC-2008-0510,CODE,합성-과제코드,mid,synthetic,1
DP-2019-0420,CODE,합성-과제코드,mid,synthetic,1
ROC-2013-0009,CODE,합성-과제코드,mid,synthetic,1
MIL-2011-0236,CODE,합성-과제코드,mid,synthetic,1
EXP-2012-0282,CODE,합성-과제코드,mid,synthetic,1
DP-2022-0331,CODE,합성-과제코드,mid,synthetic,1
TECH-2012-0521,CODE,합성-과제코드,mid,synthetic,1
EXP-2015-0562,CODE,합성-과제코드,mid,synthetic,1
DP-2013-0119,CODE,합성-과제코드,mid,synthetic,1
ROC-2005-0019,CODE,합성-과제코드,mid,synthetic,1
SYS-2013-0349,CODE,합성-과제코드,mid,synthetic,1
MIL-2009-0140,CODE,합성-과제코드,mid,synthetic,1
SYS-2012-0463,CODE,합성-과제코드,mid,synthetic,1
SYS-2025-0323,CODE,합성-과제코드,mid,synthetic,1
DP-2015-0068,CODE,합성-과제코드,mid,synthetic,1
DP-2024-0177,CODE,합성-과제코드,mid,synthetic,1
SYS-2006-0457,CODE,합성-과제코드,mid,synthetic,1
PRJ-2021-0383,CODE,합성-과제코드,mid,synthetic,1
PRJ-2011-0418,CODE,합성-과제코드,mid,synthetic,1
TECH-2026-0266,CODE,합성-과제코드,mid,synthetic,1
TECH-2011-0080,CODE,합성-과제코드,mid,synthetic,1
비밀 무인기 탐색기 제조사양서,TECH_DOC,합성-체계부품문서,high,synthetic,1
MIL-2019-0575,CODE,합성-과제코드,mid,synthetic,1
ROC-2011-0102,CODE,합성-과제코드,mid,synthetic,1
ROC-2019-0269,CODE,합성-과제코드,mid,synthetic,1
TECH-2013-0039,CODE,합성-과제코드,mid,synthetic,1
PRJ-2009-0557,CODE,합성-과제코드,mid,synthetic,1
ROC-2012-0581,CODE,합성-과제코드,mid,synthetic,1
SEC-2009-0440,CODE,합성-과제코드,mid,synthetic,1
MIL-2011-0465,CODE,합성-과제코드,mid,synthetic,1
TECH-2024-0572,CODE,합성-과제코드,mid,synthetic,1
PRJ-2023-0420,CODE,합성-과제코드,mid,synthetic,1
SYS-2010-0120,CODE,합성-과제코드,mid,synthetic,1
EXP-2026-0357,CODE,합성-과제코드,mid,synthetic,1
EXP-2012-0090,CODE,합성-과제코드,mid,synthetic,1
EXP-2022-0402,CODE,합성-과제코드,mid,synthetic,1
SEC-2024-0532,CODE,합성-과제코드,mid,synthetic,1
SEC-2011-0043,CODE,합성-과제코드,mid,synthetic,1
SYS-2017-0351,CODE,합성-과제코드,mid,synthetic,1
EXP-2007-0187,CODE,합성-과제코드,mid,synthetic,1
ROC-2015-0349,CODE,합성-과제코드,mid,synthetic,1
DP-2024-0414,CODE,합성-과제코드,mid,synthetic,1
MIL-2007-0492,CODE,합성-과제코드,mid,synthetic,1
ROC-2025-0262,CODE,합성-과제코드,mid,synthetic,1
MIL-2017-0577,CODE,합성-과제코드,mid,synthetic,1
DP-2025-0108,CODE,합성-과제코드,mid,synthetic,1
TECH-2014-0414,CODE,합성-과제코드,mid,synthetic,1
SEC-2021-0440,CODE,합성-과제코드,mid,synthetic,1
SYS-2016-0015,CODE,합성-과제코드,mid,synthetic,1
DP-2017-0534,CODE,합성-과제코드,mid,synthetic,1
ROC-2016-0127,CODE,합성-과제코드,mid,synthetic,1
PRJ-2007-0514,CODE,합성-과제코드,mid,synthetic,1
SEC-2018-0121,CODE,합성-과제코드,mid,synthetic,1
SEC-2021-0583,CODE,합성-과제코드,mid,synthetic,1
SYS-2026-0078,CODE,합성-과제코드,mid,synthetic,1
SYS-2025-0577,CODE,합성-과제코드,mid,synthetic,1
MIL-2013-0554,CODE,합성-과제코드,mid,synthetic,1
ROC-2009-0133,CODE,합성-과제코드,mid,synthetic,1
EXP-2007-0587,CODE,합성-과제코드,mid,synthetic,1
MIL-2012-0106,CODE,합성-과제코드,mid,synthetic,1
DP-2021-0315,CODE,합성-과제코드,mid,synthetic,1
TECH-2016-0013,CODE,합성-과제코드,mid,synthetic,1
MIL-2021-0139,CODE,합성-과제코드,mid,synthetic,1
ROC-2018-0327,CODE,합성-과제코드,mid,synthetic,1
EXP-2024-0136,CODE,합성-과제코드,mid,synthetic,1
SEC-2006-0508,CODE,합성-과제코드,mid,synthetic,1
SYS-2010-0417,CODE,합성-과제코드,mid,synthetic,1
PRJ-2025-0219,CODE,합성-과제코드,mid,synthetic,1
SYS-2018-0256,CODE,합성-과제코드,mid,synthetic,1
DP-2011-0395,CODE,합성-과제코드,mid,synthetic,1
TECH-2016-0223,CODE,합성-과제코드,mid,synthetic,1
SEC-2011-0467,CODE,합성-과제코드,mid,synthetic,1
SEC-2014-0566,CODE,합성-과제코드,mid,synthetic,1
SEC-2021-0135,CODE,합성-과제코드,mid,synthetic,1
SEC-2022-0280,CODE,합성-과제코드,mid,synthetic,1
PRJ-2010-0504,CODE,합성-과제코드,mid,synthetic,1
SYS-2017-0593,CODE,합성-과제코드,mid,synthetic,1
TECH-2024-0206,CODE,합성-과제코드,mid,synthetic,1
ROC-2012-0322,CODE,합성-과제코드,mid,synthetic,1
PRJ-2025-0329,CODE,합성-과제코드,mid,synthetic,1
EXP-2022-0392,CODE,합성-과제코드,mid,synthetic,1
PRJ-2011-0441,CODE,합성-과제코드,mid,synthetic,1
DP-2011-0190,CODE,합성-과제코드,mid,synthetic,1
SYS-2014-0519,CODE,합성-과제코드,mid,synthetic,1
MIL-2015-0435,CODE,합성-과제코드,mid,synthetic,1
ROC-2014-0344,CODE,합성-과제코드,mid,synthetic,1
SYS-2025-0070,CODE,합성-과제코드,mid,synthetic,1
SYS-2013-0074,CODE,합성-과제코드,mid,synthetic,1
PRJ-2018-0123,CODE,합성-과제코드,mid,synthetic,1
SYS-2012-0284,CODE,합성-과제코드,mid,synthetic,1
SYS-2026-0035,CODE,합성-과제코드,mid,synthetic,1
SYS-2008-0362,CODE,합성-과제코드,mid,synthetic,1
SEC-2007-0546,CODE,합성-과제코드,mid,synthetic,1
DP-2016-0082,CODE,합성-과제코드,mid,synthetic,1
EXP-2009-0360,CODE,합성-과제코드,mid,synthetic,1
SYS-2014-0032,CODE,합성-과제코드,mid,synthetic,1
MIL-2006-0280,CODE,합성-과제코드,mid,synthetic,1
SYS-2017-0258,CODE,합성-과제코드,mid,synthetic,1
TECH-2018-0597,CODE,합성-과제코드,mid,synthetic,1
DP-2012-0131,CODE,합성-과제코드,mid,synthetic,1
PRJ-2014-0360,CODE,합성-과제코드,mid,synthetic,1
SEC-2015-0311,CODE,합성-과제코드,mid,synthetic,1
ROC-2017-0124,CODE,합성-과제코드,mid,synthetic,1
EXP-2012-0365,CODE,합성-과제코드,mid,synthetic,1
DP-2022-0469,CODE,합성-과제코드,mid,synthetic,1
SEC-2023-0367,CODE,합성-과제코드,mid,synthetic,1
MIL-2024-0288,CODE,합성-과제코드,mid,synthetic,1
PRJ-2023-0476,CODE,합성-과제코드,mid,synthetic,1
DP-2026-0367,CODE,합성-과제코드,mid,synthetic,1
EXP-2011-0272,CODE,합성-과제코드,mid,synthetic,1
TECH-2018-0495,CODE,합성-과제코드,mid,synthetic,1
EXP-2022-0026,CODE,합성-과제코드,mid,synthetic,1
PRJ-2023-0158,CODE,합성-과제코드,mid,synthetic,1
레이더 센서모듈 설계도면,TECH_DOC,합성-체계부품문서,high,synthetic,1
EXP-2021-0579,CODE,합성-과제코드,mid,synthetic,1
SEC-2017-0203,CODE,합성-과제코드,mid,synthetic,1
TECH-2006-0391,CODE,합성-과제코드,mid,synthetic,1
SEC-2025-0242,CODE,합성-과제코드,mid,synthetic,1
SEC-2006-0543,CODE,합성-과제코드,mid,synthetic,1
SYS-2017-0264,CODE,합성-과제코드,mid,synthetic,1
DP-2007-0326,CODE,합성-과제코드,mid,synthetic,1
SYS-2026-0285,CODE,합성-과제코드,mid,synthetic,1
PRJ-2005-0187,CODE,합성-과제코드,mid,synthetic,1
DP-2015-0272,CODE,합성-과제코드,mid,synthetic,1
PRJ-2020-0059,CODE,합성-과제코드,mid,synthetic,1
DP-2008-0088,CODE,합성-과제코드,mid,synthetic,1
DP-2011-0225,CODE,합성-과제코드,mid,synthetic,1
TECH-2006-0099,CODE,합성-과제코드,mid,synthetic,1
TECH-2024-0173,CODE,합성-과제코드,mid,synthetic,1
MIL-2022-0118,CODE,합성-과제코드,mid,synthetic,1
EXP-2018-0334,CODE,합성-과제코드,mid,synthetic,1
DP-2021-0370,CODE,합성-과제코드,mid,synthetic,1
ROC-2013-0032,CODE,합성-과제코드,mid,synthetic,1
MIL-2010-0103,CODE,합성-과제코드,mid,synthetic,1
SYS-2016-0558,CODE,합성-과제코드,mid,synthetic,1
SYS-2010-0158,CODE,합성-과제코드,mid,synthetic,1
ROC-2023-0442,CODE,합성-과제코드,mid,synthetic,1
MIL-2016-0588,CODE,합성-과제코드,mid,synthetic,1
SEC-2022-0017,CODE,합성-과제코드,mid,synthetic,1
MIL-2016-0469,CODE,합성-과제코드,mid,synthetic,1
ROC-2012-0098,CODE,합성-과제코드,mid,synthetic,1
MIL-2005-0521,CODE,합성-과제코드,mid,synthetic,1
DP-2019-0485,CODE,합성-과제코드,mid,synthetic,1
PRJ-2010-0398,CODE,합성-과제코드,mid,synthetic,1
SYS-2017-0458,CODE,합성-과제코드,mid,synthetic,1
EXP-2025-0584,CODE,합성-과제코드,mid,synthetic,1
DP-2009-0526,CODE,합성-과제코드,mid,synthetic,1
MIL-2017-0505,CODE,합성-과제코드,mid,synthetic,1
PRJ-2012-0218,CODE,합성-과제코드,mid,synthetic,1
SYS-2019-0506,CODE,합성-과제코드,mid,synthetic,1
잠수함 냉각장치 시험성적서,TECH_DOC,합성-체계부품문서,high,synthetic,1
SEC-2008-0047,CODE,합성-과제코드,mid,synthetic,1
SEC-2019-0055,CODE,합성-과제코드,mid,synthetic,1
MIL-2005-0487,CODE,합성-과제코드,mid,synthetic,1
ROC-2006-0478,CODE,합성-과제코드,mid,synthetic,1
방공체계 시험장비 성능분석자료,TECH_DOC,합성-체계부품문서,high,synthetic,1
SEC-2025-0477,CODE,합성-과제코드,mid,synthetic,1
PRJ-2024-0415,CODE,합성-과제코드,mid,synthetic,1
TECH-2006-0040,CODE,합성-과제코드,mid,synthetic,1
DP-2019-0561,CODE,합성-과제코드,mid,synthetic,1
ROC-2013-0510,CODE,합성-과제코드,mid,synthetic,1
DP-2020-0048,CODE,합성-과제코드,mid,synthetic,1
ROC-2013-0303,CODE,합성-과제코드,mid,synthetic,1
PRJ-2023-0025,CODE,합성-과제코드,mid,synthetic,1
SEC-2005-0409,CODE,합성-과제코드,mid,synthetic,1
DP-2006-0480,CODE,합성-과제코드,mid,synthetic,1
MIL-2016-0494,CODE,합성-과제코드,mid,synthetic,1
SEC-2010-0590,CODE,합성-과제코드,mid,synthetic,1
SEC-2013-0417,CODE,합성-과제코드,mid,synthetic,1
DP-2017-0189,CODE,합성-과제코드,mid,synthetic,1
MIL-2016-0433,CODE,합성-과제코드,mid,synthetic,1
PRJ-2026-0291,CODE,합성-과제코드,mid,synthetic,1
PRJ-2019-0092,CODE,합성-과제코드,mid,synthetic,1
SEC-2010-0317,CODE,합성-과제코드,mid,synthetic,1
TECH-2012-0235,CODE,합성-과제코드,mid,synthetic,1
SYS-2020-0485,CODE,합성-과제코드,mid,synthetic,1
SYS-2021-0134,CODE,합성-과제코드,mid,synthetic,1
SEC-2026-0195,CODE,합성-과제코드,mid,synthetic,1
TECH-2020-0071,CODE,합성-과제코드,mid,synthetic,1
TECH-2008-0341,CODE,합성-과제코드,mid,synthetic,1
EXP-2021-0321,CODE,합성-과제코드,mid,synthetic,1
MIL-2007-0138,CODE,합성-과제코드,mid,synthetic,1
EXP-2008-0484,CODE,합성-과제코드,mid,synthetic,1
TECH-2021-0531,CODE,합성-과제코드,mid,synthetic,1
DP-2007-0023,CODE,합성-과제코드,mid,synthetic,1
EXP-2009-0174,CODE,합성-과제코드,mid,synthetic,1
SYS-2019-0512,CODE,합성-과제코드,mid,synthetic,1
PRJ-2013-0439,CODE,합성-과제코드,mid,synthetic,1
PRJ-2013-0449,CODE,합성-과제코드,mid,synthetic,1
비밀 전술통신 전원장치 설계도면,TECH_DOC,합성-체계부품문서,high,synthetic,1
DP-2022-0300,CODE,합성-과제코드,mid,synthetic,1
PRJ-2008-0079,CODE,합성-과제코드,mid,synthetic,1
PRJ-2006-0498,CODE,합성-과제코드,mid,synthetic,1
MIL-2014-0542,CODE,합성-과제코드,mid,synthetic,1
TECH-2016-0040,CODE,합성-과제코드,mid,synthetic,1
SEC-2013-0288,CODE,합성-과제코드,mid,synthetic,1
MIL-2015-0301,CODE,합성-과제코드,mid,synthetic,1
SEC-2015-0445,CODE,합성-과제코드,mid,synthetic,1
SYS-2020-0357,CODE,합성-과제코드,mid,synthetic,1
SYS-2025-0218,CODE,합성-과제코드,mid,synthetic,1
ROC-2014-0415,CODE,합성-과제코드,mid,synthetic,1
SEC-2011-0444,CODE,합성-과제코드,mid,synthetic,1
EXP-2012-0154,CODE,합성-과제코드,mid,synthetic,1
ROC-2020-0563,CODE,합성-과제코드,mid,synthetic,1
ROC-2014-0498,CODE,합성-과제코드,mid,synthetic,1
EXP-2015-0476,CODE,합성-과제코드,mid,synthetic,1
SYS-2008-0106,CODE,합성-과제코드,mid,synthetic,1
EXP-2024-0292,CODE,합성-과제코드,mid,synthetic,1
EXP-2025-0116,CODE,합성-과제코드,mid,synthetic,1
PRJ-2020-0081,CODE,합성-과제코드,mid,synthetic,1
SEC-2021-0179,CODE,합성-과제코드,mid,synthetic,1
MIL-2022-0384,CODE,합성-과제코드,mid,synthetic,1
EXP-2019-0174,CODE,합성-과제코드,mid,synthetic,1
SYS-2010-0264,CODE,합성-과제코드,mid,synthetic,1
ROC-2025-0429,CODE,합성-과제코드,mid,synthetic,1
SEC-2023-0118,CODE,합성-과제코드,mid,synthetic,1
EXP-2006-0017,CODE,합성-과제코드,mid,synthetic,1
EXP-2012-0401,CODE,합성-과제코드,mid,synthetic,1
DP-2008-0096,CODE,합성-과제코드,mid,synthetic,1
PRJ-2016-0496,CODE,합성-과제코드,mid,synthetic,1
SEC-2011-0351,CODE,합성-과제코드,mid,synthetic,1
TECH-2022-0026,CODE,합성-과제코드,mid,synthetic,1
MIL-2018-0178,CODE,합성-과제코드,mid,synthetic,1
EXP-2008-0331,CODE,합성-과제코드,mid,synthetic,1
SEC-2006-0346,CODE,합성-과제코드,mid,synthetic,1
PRJ-2007-0406,CODE,합성-과제코드,mid,synthetic,1
EXP-2019-0219,CODE,합성-과제코드,mid,synthetic,1
SYS-2009-0353,CODE,합성-과제코드,mid,synthetic,1
SYS-2018-0377,CODE,합성-과제코드,mid,synthetic,1
ROC-2018-0433,CODE,합성-과제코드,mid,synthetic,1
EXP-2016-0256,CODE,합성-과제코드,mid,synthetic,1
DP-2006-0309,CODE,합성-과제코드,mid,synthetic,1
MIL-2026-0024,CODE,합성-과제코드,mid,synthetic,1
MIL-2022-0481,CODE,합성-과제코드,mid,synthetic,1
함정 안테나 시험성적서,TECH_DOC,합성-체계부품문서,high,synthetic,1
SYS-2018-0426,CODE,합성-과제코드,mid,synthetic,1
TECH-2026-0562,CODE,합성-과제코드,mid,synthetic,1
ROC-2006-0225,CODE,합성-과제코드,mid,synthetic,1
SEC-2005-0274,CODE,합성-과제코드,mid,synthetic,1
EXP-2013-0447,CODE,합성-과제코드,mid,synthetic,1
PRJ-2017-0480,CODE,합성-과제코드,mid,synthetic,1
대외비 소나 안테나 공정도,TECH_DOC,합성-체계부품문서,high,synthetic,1
ROC-2009-0554,CODE,합성-과제코드,mid,synthetic,1
MIL-2006-0491,CODE,합성-과제코드,mid,synthetic,1
TECH-2022-0270,CODE,합성-과제코드,mid,synthetic,1
TECH-2011-0064,CODE,합성-과제코드,mid,synthetic,1
EXP-2006-0466,CODE,합성-과제코드,mid,synthetic,1
SEC-2008-0002,CODE,합성-과제코드,mid,synthetic,1
PRJ-2017-0393,CODE,합성-과제코드,mid,synthetic,1
EXP-2010-0278,CODE,합성-과제코드,mid,synthetic,1
DP-2014-0597,CODE,합성-과제코드,mid,synthetic,1
SYS-2010-0423,CODE,합성-과제코드,mid,synthetic,1
SEC-2020-0451,CODE,합성-과제코드,mid,synthetic,1
SEC-2021-0486,CODE,합성-과제코드,mid,synthetic,1
TECH-2016-0521,CODE,합성-과제코드,mid,synthetic,1
EXP-2007-0085,CODE,합성-과제코드,mid,synthetic,1
SYS-2023-0543,CODE,합성-과제코드,mid,synthetic,1
EXP-2023-0173,CODE,합성-과제코드,mid,synthetic,1
비밀 유도무기 관성항법장치 소스코드,TECH_DOC,합성-체계부품문서,high,synthetic,1
EXP-2006-0173,CODE,합성-과제코드,mid,synthetic,1
SYS-2026-0539,CODE,합성-과제코드,mid,synthetic,1
전투기 관성항법장치 구매규격서,TECH_DOC,합성-체계부품문서,high,synthetic,1
ROC-2014-0408,CODE,합성-과제코드,mid,synthetic,1
DP-2016-0492,CODE,합성-과제코드,mid,synthetic,1
SYS-2018-0346,CODE,합성-과제코드,mid,synthetic,1
SYS-2018-0011,CODE,합성-과제코드,mid,synthetic,1
PRJ-2007-0292,CODE,합성-과제코드,mid,synthetic,1
PRJ-2017-0195,CODE,합성-과제코드,mid,synthetic,1
MIL-2021-0527,CODE,합성-과제코드,mid,synthetic,1
PRJ-2015-0108,CODE,합성-과제코드,mid,synthetic,1
MIL-2012-0270,CODE,합성-과제코드,mid,synthetic,1
ROC-2021-0367,CODE,합성-과제코드,mid,synthetic,1
ROC-2016-0128,CODE,합성-과제코드,mid,synthetic,1
MIL-2006-0485,CODE,합성-과제코드,mid,synthetic,1
SYS-2007-0380,CODE,합성-과제코드,mid,synthetic,1
DP-2025-0153,CODE,합성-과제코드,mid,synthetic,1
TECH-2012-0089,CODE,합성-과제코드,mid,synthetic,1
DP-2013-0462,CODE,합성-과제코드,mid,synthetic,1
TECH-2018-0088,CODE,합성-과제코드,mid,synthetic,1
SYS-2015-0426,CODE,합성-과제코드,mid,synthetic,1
EXP-2023-0348,CODE,합성-과제코드,mid,synthetic,1
SEC-2023-0572,CODE,합성-과제코드,mid,synthetic,1
탄약 펌웨어 설계도면,TECH_DOC,합성-체계부품문서,high,synthetic,1
TECH-2015-0276,CODE,합성-과제코드,mid,synthetic,1
MIL-2026-0540,CODE,합성-과제코드,mid,synthetic,1
SYS-2017-0595,CODE,합성-과제코드,mid,synthetic,1
SYS-2022-0198,CODE,합성-과제코드,mid,synthetic,1
비밀 전차 관성항법장치 공정도,TECH_DOC,합성-체계부품문서,high,synthetic,1
EXP-2010-0119,CODE,합성-과제코드,mid,synthetic,1
DP-2015-0492,CODE,합성-과제코드,mid,synthetic,1
EXP-2005-0293,CODE,합성-과제코드,mid,synthetic,1
SEC-2016-0175,CODE,합성-과제코드,mid,synthetic,1
비밀 소나 센서모듈 제조사양서,TECH_DOC,합성-체계부품문서,high,synthetic,1
MIL-2010-0500,CODE,합성-과제코드,mid,synthetic,1
MIL-2021-0088,CODE,합성-과제코드,mid,synthetic,1
EXP-2019-0200,CODE,합성-과제코드,mid,synthetic,1
위성 통신모듈 개발계획서,TECH_DOC,합성-체계부품문서,high,synthetic,1
EXP-2014-0003,CODE,합성-과제코드,mid,synthetic,1
DP-2005-0210,CODE,합성-과제코드,mid,synthetic,1
SYS-2019-0530,CODE,합성-과제코드,mid,synthetic,1
PRJ-2014-0467,CODE,합성-과제코드,mid,synthetic,1
DP-2009-0170,CODE,합성-과제코드,mid,synthetic,1
ROC-2026-0063,CODE,합성-과제코드,mid,synthetic,1
SEC-2015-0277,CODE,합성-과제코드,mid,synthetic,1
DP-2007-0390,CODE,합성-과제코드,mid,synthetic,1
DP-2010-0055,CODE,합성-과제코드,mid,synthetic,1
DP-2020-0496,CODE,합성-과제코드,mid,synthetic,1
ROC-2010-0178,CODE,합성-과제코드,mid,synthetic,1
MIL-2021-0581,CODE,합성-과제코드,mid,synthetic,1
MIL-2020-0514,CODE,합성-과제코드,mid,synthetic,1
DP-2010-0494,CODE,합성-과제코드,mid,synthetic,1
PRJ-2018-0168,CODE,합성-과제코드,mid,synthetic,1
SYS-2007-0318,CODE,합성-과제코드,mid,synthetic,1
SYS-2022-0339,CODE,합성-과제코드,mid,synthetic,1
SYS-2019-0190,CODE,합성-과제코드,mid,synthetic,1
PRJ-2025-0261,CODE,합성-과제코드,mid,synthetic,1
SYS-2009-0041,CODE,합성-과제코드,mid,synthetic,1
TECH-2008-0252,CODE,합성-과제코드,mid,synthetic,1
MIL-2011-0160,CODE,합성-과제코드,mid,synthetic,1
SYS-2015-0002,CODE,합성-과제코드,mid,synthetic,1
SYS-2012-0154,CODE,합성-과제코드,mid,synthetic,1
TECH-2019-0199,CODE,합성-과제코드,mid,synthetic,1
추진체 펌웨어 구매규격서,TECH_DOC,합성-체계부품문서,high,synthetic,1
SEC-2013-0480,CODE,합성-과제코드,mid,synthetic,1
EXP-2015-0288,CODE,합성-과제코드,mid,synthetic,1
TECH-2022-0497,CODE,합성-과제코드,mid,synthetic,1
EXP-2018-0509,CODE,합성-과제코드,mid,synthetic,1
ROC-2010-0388,CODE,합성-과제코드,mid,synthetic,1
ROC-2010-0290,CODE,합성-과제코드,mid,synthetic,1
EXP-2021-0090,CODE,합성-과제코드,mid,synthetic,1
MIL-2009-0175,CODE,합성-과제코드,mid,synthetic,1
대외비 추진체 안테나 제조사양서,TECH_DOC,합성-체계부품문서,high,synthetic,1
ROC-2018-0067,CODE,합성-과제코드,mid,synthetic,1
EXP-2015-0381,CODE,합성-과제코드,mid,synthetic,1
PRJ-2020-0024,CODE,합성-과제코드,mid,synthetic,1
MIL-2023-0253,CODE,합성-과제코드,mid,synthetic,1
DP-2019-0539,CODE,합성-과제코드,mid,synthetic,1
DP-2006-0540,CODE,합성-과제코드,mid,synthetic,1
DP-2025-0457,CODE,합성-과제코드,mid,synthetic,1
DP-2022-0157,CODE,합성-과제코드,mid,synthetic,1
EXP-2006-0247,CODE,합성-과제코드,mid,synthetic,1
ROC-2013-0556,CODE,합성-과제코드,mid,synthetic,1
ROC-2008-0432,CODE,합성-과제코드,mid,synthetic,1
MIL-2010-0050,CODE,합성-과제코드,mid,synthetic,1
DP-2010-0306,CODE,합성-과제코드,mid,synthetic,1
DP-2023-0362,CODE,합성-과제코드,mid,synthetic,1
TECH-2012-0365,CODE,합성-과제코드,mid,synthetic,1
SEC-2008-0095,CODE,합성-과제코드,mid,synthetic,1
TECH-2025-0447,CODE,합성-과제코드,mid,synthetic,1
TECH-2011-0272,CODE,합성-과제코드,mid,synthetic,1
DP-2005-0034,CODE,합성-과제코드,mid,synthetic,1
EXP-2021-0599,CODE,합성-과제코드,mid,synthetic,1
DP-2013-0038,CODE,합성-과제코드,mid,synthetic,1
MIL-2025-0107,CODE,합성-과제코드,mid,synthetic,1
SYS-2009-0322,CODE,합성-과제코드,mid,synthetic,1
PRJ-2015-0374,CODE,합성-과제코드,mid,synthetic,1
지휘통제 암호모듈 공정도,TECH_DOC,합성-체계부품문서,high,synthetic,1
ROC-2006-0108,CODE,합성-과제코드,mid,synthetic,1
DP-2015-0430,CODE,합성-과제코드,mid,synthetic,1
ROC-2024-0030,CODE,합성-과제코드,mid,synthetic,1
DP-2018-0254,CODE,합성-과제코드,mid,synthetic,1
ROC-2014-0228,CODE,합성-과제코드,mid,synthetic,1
SYS-2005-0545,CODE,합성-과제코드,mid,synthetic,1
MIL-2013-0015,CODE,합성-과제코드,mid,synthetic,1
PRJ-2006-0563,CODE,합성-과제코드,mid,synthetic,1
DP-2017-0156,CODE,합성-과제코드,mid,synthetic,1
TECH-2018-0266,CODE,합성-과제코드,mid,synthetic,1
PRJ-2008-0231,CODE,합성-과제코드,mid,synthetic,1
DP-2025-0293,CODE,합성-과제코드,mid,synthetic,1
SYS-2006-0508,CODE,합성-과제코드,mid,synthetic,1
PRJ-2008-0010,CODE,합성-과제코드,mid,synthetic,1
SEC-2013-0275,CODE,합성-과제코드,mid,synthetic,1
TECH-2018-0007,CODE,합성-과제코드,mid,synthetic,1
ROC-2005-0168,CODE,합성-과제코드,mid,synthetic,1
MIL-2012-0509,CODE,합성-과제코드,mid,synthetic,1
MIL-2020-0455,CODE,합성-과제코드,mid,synthetic,1
MIL-2020-0295,CODE,합성-과제코드,mid,synthetic,1
SEC-2010-0496,CODE,합성-과제코드,mid,synthetic,1
PRJ-2026-0027,CODE,합성-과제코드,mid,synthetic,1
SEC-2026-0325,CODE,합성-과제코드,mid,synthetic,1
MIL-2022-0038,CODE,합성-과제코드,mid,synthetic,1
EXP-2023-0530,CODE,합성-과제코드,mid,synthetic,1
ROC-2026-0118,CODE,합성-과제코드,mid,synthetic,1
SEC-2022-0360,CODE,합성-과제코드,mid,synthetic,1
SYS-2026-0347,CODE,합성-과제코드,mid,synthetic,1
ROC-2014-0270,CODE,합성-과제코드,mid,synthetic,1
PRJ-2026-0088,CODE,합성-과제코드,mid,synthetic,1
ROC-2019-0031,CODE,합성-과제코드,mid,synthetic,1
EXP-2007-0027,CODE,합성-과제코드,mid,synthetic,1
MIL-2005-0383,CODE,합성-과제코드,mid,synthetic,1
SEC-2026-0307,CODE,합성-과제코드,mid,synthetic,1
SEC-2006-0124,CODE,합성-과제코드,mid,synthetic,1
PRJ-2014-0013,CODE,합성-과제코드,mid,synthetic,1
PRJ-2006-0396,CODE,합성-과제코드,mid,synthetic,1
TECH-2021-0231,CODE,합성-과제코드,mid,synthetic,1
MIL-2026-0243,CODE,합성-과제코드,mid,synthetic,1
SEC-2007-0442,CODE,합성-과제코드,mid,synthetic,1
DP-2016-0051,CODE,합성-과제코드,mid,synthetic,1
SYS-2014-0563,CODE,합성-과제코드,mid,synthetic,1
DP-2022-0164,CODE,합성-과제코드,mid,synthetic,1
ROC-2025-0063,CODE,합성-과제코드,mid,synthetic,1
MIL-2026-0236,CODE,합성-과제코드,mid,synthetic,1
방공체계 시뮬레이터 설계도면,TECH_DOC,합성-체계부품문서,high,synthetic,1
TECH-2011-0509,CODE,합성-과제코드,mid,synthetic,1
DP-2008-0276,CODE,합성-과제코드,mid,synthetic,1
EXP-2009-0013,CODE,합성-과제코드,mid,synthetic,1
TECH-2011-0433,CODE,합성-과제코드,mid,synthetic,1
지휘통제 센서모듈 개발계획서,TECH_DOC,합성-체계부품문서,high,synthetic,1
TECH-2021-0509,CODE,합성-과제코드,mid,synthetic,1
ROC-2009-0222,CODE,합성-과제코드,mid,synthetic,1
TECH-2010-0192,CODE,합성-과제코드,mid,synthetic,1
SEC-2014-0383,CODE,합성-과제코드,mid,synthetic,1
PRJ-2018-0135,CODE,합성-과제코드,mid,synthetic,1
TECH-2018-0312,CODE,합성-과제코드,mid,synthetic,1
대외비 전차 시뮬레이터 구매규격서,TECH_DOC,합성-체계부품문서,high,synthetic,1
SYS-2010-0301,CODE,합성-과제코드,mid,synthetic,1
MIL-2017-0180,CODE,합성-과제코드,mid,synthetic,1
ROC-2013-0517,CODE,합성-과제코드,mid,synthetic,1
ROC-2026-0594,CODE,합성-과제코드,mid,synthetic,1
TECH-2012-0184,CODE,합성-과제코드,mid,synthetic,1
TECH-2014-0380,CODE,합성-과제코드,mid,synthetic,1
PRJ-2005-0257,CODE,합성-과제코드,mid,synthetic,1
PRJ-2022-0438,CODE,합성-과제코드,mid,synthetic,1
EXP-2006-0441,CODE,합성-과제코드,mid,synthetic,1
TECH-2023-0548,CODE,합성-과제코드,mid,synthetic,1
EXP-2015-0526,CODE,합성-과제코드,mid,synthetic,1
TECH-2021-0502,CODE,합성-과제코드,mid,synthetic,1
TECH-2020-0511,CODE,합성-과제코드,mid,synthetic,1
TECH-2016-0421,CODE,합성-과제코드,mid,synthetic,1
TECH-2015-0546,CODE,합성-과제코드,mid,synthetic,1
대외비 소나 관성항법장치 설계도면,TECH_DOC,합성-체계부품문서,high,synthetic,1
SEC-2010-0322,CODE,합성-과제코드,mid,synthetic,1
MIL-2015-0119,CODE,합성-과제코드,mid,synthetic,1
ROC-2007-0137,CODE,합성-과제코드,mid,synthetic,1
ROC-2009-0196,CODE,합성-과제코드,mid,synthetic,1
MIL-2010-0002,CODE,합성-과제코드,mid,synthetic,1
TECH-2009-0076,CODE,합성-과제코드,mid,synthetic,1
SYS-2009-0341,CODE,합성-과제코드,mid,synthetic,1
TECH-2025-0527,CODE,합성-과제코드,mid,synthetic,1
TECH-2011-0178,CODE,합성-과제코드,mid,synthetic,1
비밀 위성 신호처리기 시험성적서,TECH_DOC,합성-체계부품문서,high,synthetic,1
SEC-2005-0282,CODE,합성-과제코드,mid,synthetic,1
PRJ-2019-0157,CODE,합성-과제코드,mid,synthetic,1
TECH-2022-0104,CODE,합성-과제코드,mid,synthetic,1
MIL-2010-0395,CODE,합성-과제코드,mid,synthetic,1
PRJ-2025-0204,CODE,합성-과제코드,mid,synthetic,1
PRJ-2025-0333,CODE,합성-과제코드,mid,synthetic,1
TECH-2019-0210,CODE,합성-과제코드,mid,synthetic,1
SYS-2018-0500,CODE,합성-과제코드,mid,synthetic,1
ROC-2017-0384,CODE,합성-과제코드,mid,synthetic,1
MIL-2015-0038,CODE,합성-과제코드,mid,synthetic,1
TECH-2011-0400,CODE,합성-과제코드,mid,synthetic,1
SEC-2011-0439,CODE,합성-과제코드,mid,synthetic,1
SYS-2006-0140,CODE,합성-과제코드,mid,synthetic,1
TECH-2007-0304,CODE,합성-과제코드,mid,synthetic,1
PRJ-2026-0105,CODE,합성-과제코드,mid,synthetic,1
EXP-2024-0302,CODE,합성-과제코드,mid,synthetic,1
비밀 위성 탐색기 설계도면,TECH_DOC,합성-체계부품문서,high,synthetic,1
SYS-2026-0228,CODE,합성-과제코드,mid,synthetic,1
TECH-2005-0410,CODE,합성-과제코드,mid,synthetic,1
SYS-2016-0061,CODE,합성-과제코드,mid,synthetic,1
TECH-2007-0203,CODE,합성-과제코드,mid,synthetic,1
ROC-2015-0206,CODE,합성-과제코드,mid,synthetic,1
TECH-2019-0532,CODE,합성-과제코드,mid,synthetic,1
ROC-2005-0457,CODE,합성-과제코드,mid,synthetic,1
PRJ-2016-0268,CODE,합성-과제코드,mid,synthetic,1
PRJ-2011-0433,CODE,합성-과제코드,mid,synthetic,1
MIL-2023-0084,CODE,합성-과제코드,mid,synthetic,1
PRJ-2013-0043,CODE,합성-과제코드,mid,synthetic,1
EXP-2018-0293,CODE,합성-과제코드,mid,synthetic,1
TECH-2005-0348,CODE,합성-과제코드,mid,synthetic,1
MIL-2009-0471,CODE,합성-과제코드,mid,synthetic,1
EXP-2018-0330,CODE,합성-과제코드,mid,synthetic,1
TECH-2018-0474,CODE,합성-과제코드,mid,synthetic,1
ROC-2021-0093,CODE,합성-과제코드,mid,synthetic,1
DP-2025-0598,CODE,합성-과제코드,mid,synthetic,1
PRJ-2009-0052,CODE,합성-과제코드,mid,synthetic,1
SYS-2007-0224,CODE,합성-과제코드,mid,synthetic,1
TECH-2020-0480,CODE,합성-과제코드,mid,synthetic,1
EXP-2019-0018,CODE,합성-과제코드,mid,synthetic,1
SYS-2018-0187,CODE,합성-과제코드,mid,synthetic,1
SYS-2016-0452,CODE,합성-과제코드,mid,synthetic,1
TECH-2006-0372,CODE,합성-과제코드,mid,synthetic,1
MIL-2018-0013,CODE,합성-과제코드,mid,synthetic,1
PRJ-2009-0402,CODE,합성-과제코드,mid,synthetic,1
ROC-2024-0480,CODE,합성-과제코드,mid,synthetic,1
PRJ-2016-0415,CODE,합성-과제코드,mid,synthetic,1
SEC-2006-0483,CODE,합성-과제코드,mid,synthetic,1
MIL-2019-0398,CODE,합성-과제코드,mid,synthetic,1
SEC-2005-0068,CODE,합성-과제코드,mid,synthetic,1
SEC-2016-0294,CODE,합성-과제코드,mid,synthetic,1
PRJ-2013-0127,CODE,합성-과제코드,mid,synthetic,1
PRJ-2007-0215,CODE,합성-과제코드,mid,synthetic,1
SYS-2026-0511,CODE,합성-과제코드,mid,synthetic,1
PRJ-2007-0057,CODE,합성-과제코드,mid,synthetic,1
MIL-2022-0416,CODE,합성-과제코드,mid,synthetic,1
DP-2018-0368,CODE,합성-과제코드,mid,synthetic,1
SYS-2011-0533,CODE,합성-과제코드,mid,synthetic,1
ROC-2007-0475,CODE,합성-과제코드,mid,synthetic,1
TECH-2020-0597,CODE,합성-과제코드,mid,synthetic,1
ROC-2023-0587,CODE,합성-과제코드,mid,synthetic,1
EXP-2014-0459,CODE,합성-과제코드,mid,synthetic,1
TECH-2011-0466,CODE,합성-과제코드,mid,synthetic,1
SEC-2023-0265,CODE,합성-과제코드,mid,synthetic,1
PRJ-2005-0564,CODE,합성-과제코드,mid,synthetic,1
MIL-2026-0212,CODE,합성-과제코드,mid,synthetic,1
MIL-2019-0281,CODE,합성-과제코드,mid,synthetic,1
SYS-2013-0500,CODE,합성-과제코드,mid,synthetic,1
ROC-2021-0122,CODE,합성-과제코드,mid,synthetic,1
ROC-2022-0514,CODE,합성-과제코드,mid,synthetic,1
ROC-2009-0301,CODE,합성-과제코드,mid,synthetic,1
MIL-2018-0341,CODE,합성-과제코드,mid,synthetic,1
TECH-2021-0078,CODE,합성-과제코드,mid,synthetic,1
ROC-2020-0108,CODE,합성-과제코드,mid,synthetic,1
SEC-2020-0243,CODE,합성-과제코드,mid,synthetic,1
PRJ-2023-0590,CODE,합성-과제코드,mid,synthetic,1
ROC-2020-0490,CODE,합성-과제코드,mid,synthetic,1
SYS-2012-0174,CODE,합성-과제코드,mid,synthetic,1
PRJ-2005-0182,CODE,합성-과제코드,mid,synthetic,1
EXP-2025-0472,CODE,합성-과제코드,mid,synthetic,1
ROC-2019-0137,CODE,합성-과제코드,mid,synthetic,1
SYS-2015-0153,CODE,합성-과제코드,mid,synthetic,1
장갑 시뮬레이터 소스코드,TECH_DOC,합성-체계부품문서,high,synthetic,1
DP-2013-0366,CODE,합성-과제코드,mid,synthetic,1
ROC-2017-0037,CODE,합성-과제코드,mid,synthetic,1
MIL-2009-0423,CODE,합성-과제코드,mid,synthetic,1
EXP-2006-0308,CODE,합성-과제코드,mid,synthetic,1
SYS-2025-0061,CODE,합성-과제코드,mid,synthetic,1
PRJ-2008-0040,CODE,합성-과제코드,mid,synthetic,1
EXP-2007-0116,CODE,합성-과제코드,mid,synthetic,1
PRJ-2017-0268,CODE,합성-과제코드,mid,synthetic,1
SEC-2011-0264,CODE,합성-과제코드,mid,synthetic,1
SEC-2005-0259,CODE,합성-과제코드,mid,synthetic,1
PRJ-2018-0546,CODE,합성-과제코드,mid,synthetic,1
EXP-2014-0077,CODE,합성-과제코드,mid,synthetic,1
TECH-2016-0384,CODE,합성-과제코드,mid,synthetic,1
탄약 제어기 소스코드,TECH_DOC,합성-체계부품문서,high,synthetic,1
SYS-2008-0248,CODE,합성-과제코드,mid,synthetic,1
MIL-2026-0060,CODE,합성-과제코드,mid,synthetic,1
DP-2009-0498,CODE,합성-과제코드,mid,synthetic,1
DP-2007-0541,CODE,합성-과제코드,mid,synthetic,1
EXP-2022-0290,CODE,합성-과제코드,mid,synthetic,1
TECH-2009-0180,CODE,합성-과제코드,mid,synthetic,1
SYS-2014-0507,CODE,합성-과제코드,mid,synthetic,1
SEC-2012-0230,CODE,합성-과제코드,mid,synthetic,1
PRJ-2017-0478,CODE,합성-과제코드,mid,synthetic,1
DP-2011-0393,CODE,합성-과제코드,mid,synthetic,1
SEC-2018-0462,CODE,합성-과제코드,mid,synthetic,1
ROC-2020-0199,CODE,합성-과제코드,mid,synthetic,1
EXP-2023-0355,CODE,합성-과제코드,mid,synthetic,1
ROC-2025-0135,CODE,합성-과제코드,mid,synthetic,1
SYS-2019-0053,CODE,합성-과제코드,mid,synthetic,1
SYS-2018-0226,CODE,합성-과제코드,mid,synthetic,1
ROC-2008-0535,CODE,합성-과제코드,mid,synthetic,1
SEC-2025-0372,CODE,합성-과제코드,mid,synthetic,1
SEC-2014-0260,CODE,합성-과제코드,mid,synthetic,1
EXP-2020-0540,CODE,합성-과제코드,mid,synthetic,1
PRJ-2025-0543,CODE,합성-과제코드,mid,synthetic,1
DP-2018-0183,CODE,합성-과제코드,mid,synthetic,1
ROC-2023-0140,CODE,합성-과제코드,mid,synthetic,1
MIL-2006-0500,CODE,합성-과제코드,mid,synthetic,1
SEC-2022-0595,CODE,합성-과제코드,mid,synthetic,1
DP-2007-0259,CODE,합성-과제코드,mid,synthetic,1
DP-2014-0381,CODE,합성-과제코드,mid,synthetic,1
PRJ-2010-0424,CODE,합성-과제코드,mid,synthetic,1
SYS-2019-0334,CODE,합성-과제코드,mid,synthetic,1
ROC-2010-0466,CODE,합성-과제코드,mid,synthetic,1
PRJ-2012-0184,CODE,합성-과제코드,mid,synthetic,1
TECH-2022-0201,CODE,합성-과제코드,mid,synthetic,1
SEC-2020-0030,CODE,합성-과제코드,mid,synthetic,1
SYS-2007-0338,CODE,합성-과제코드,mid,synthetic,1
DP-2011-0353,CODE,합성-과제코드,mid,synthetic,1
EXP-2019-0257,CODE,합성-과제코드,mid,synthetic,1
ROC-2024-0141,CODE,합성-과제코드,mid,synthetic,1
SEC-2014-0427,CODE,합성-과제코드,mid,synthetic,1
MIL-2026-0454,CODE,합성-과제코드,mid,synthetic,1
DP-2014-0464,CODE,합성-과제코드,mid,synthetic,1
PRJ-2016-0335,CODE,합성-과제코드,mid,synthetic,1
DP-2018-0406,CODE,합성-과제코드,mid,synthetic,1
SYS-2007-0188,CODE,합성-과제코드,mid,synthetic,1
DP-2017-0479,CODE,합성-과제코드,mid,synthetic,1
PRJ-2025-0386,CODE,합성-과제코드,mid,synthetic,1
TECH-2020-0093,CODE,합성-과제코드,mid,synthetic,1
레이더 암호모듈 개발계획서,TECH_DOC,합성-체계부품문서,high,synthetic,1
TECH-2020-0312,CODE,합성-과제코드,mid,synthetic,1
SEC-2013-0157,CODE,합성-과제코드,mid,synthetic,1
SYS-2014-0447,CODE,합성-과제코드,mid,synthetic,1
PRJ-2024-0109,CODE,합성-과제코드,mid,synthetic,1
ROC-2026-0434,CODE,합성-과제코드,mid,synthetic,1
ROC-2014-0495,CODE,합성-과제코드,mid,synthetic,1
EXP-2015-0514,CODE,합성-과제코드,mid,synthetic,1
ROC-2008-0200,CODE,합성-과제코드,mid,synthetic,1
MIL-2025-0542,CODE,합성-과제코드,mid,synthetic,1
PRJ-2007-0344,CODE,합성-과제코드,mid,synthetic,1
DP-2018-0232,CODE,합성-과제코드,mid,synthetic,1
EXP-2006-0281,CODE,합성-과제코드,mid,synthetic,1
PRJ-2022-0164,CODE,합성-과제코드,mid,synthetic,1
SEC-2025-0560,CODE,합성-과제코드,mid,synthetic,1
SEC-2016-0107,CODE,합성-과제코드,mid,synthetic,1
EXP-2025-0277,CODE,합성-과제코드,mid,synthetic,1
ROC-2019-0195,CODE,합성-과제코드,mid,synthetic,1
EXP-2015-0112,CODE,합성-과제코드,mid,synthetic,1
TECH-2016-0572,CODE,합성-과제코드,mid,synthetic,1
EXP-2026-0577,CODE,합성-과제코드,mid,synthetic,1
EXP-2010-0399,CODE,합성-과제코드,mid,synthetic,1
EXP-2014-0025,CODE,합성-과제코드,mid,synthetic,1
EXP-2014-0207,CODE,합성-과제코드,mid,synthetic,1
DP-2018-0326,CODE,합성-과제코드,mid,synthetic,1
ROC-2009-0147,CODE,합성-과제코드,mid,synthetic,1
PRJ-2023-0434,CODE,합성-과제코드,mid,synthetic,1
ROC-2018-0249,CODE,합성-과제코드,mid,synthetic,1
MIL-2010-0430,CODE,합성-과제코드,mid,synthetic,1
PRJ-2020-0143,CODE,합성-과제코드,mid,synthetic,1
ROC-2007-0318,CODE,합성-과제코드,mid,synthetic,1
ROC-2006-0382,CODE,합성-과제코드,mid,synthetic,1
TECH-2021-0370,CODE,합성-과제코드,mid,synthetic,1
EXP-2006-0048,CODE,합성-과제코드,mid,synthetic,1
EXP-2025-0438,CODE,합성-과제코드,mid,synthetic,1
SEC-2012-0277,CODE,합성-과제코드,mid,synthetic,1
PRJ-2017-0078,CODE,합성-과제코드,mid,synthetic,1
DP-2018-0162,CODE,합성-과제코드,mid,synthetic,1
DP-2015-0006,CODE,합성-과제코드,mid,synthetic,1
DP-2011-0426,CODE,합성-과제코드,mid,synthetic,1
SYS-2006-0251,CODE,합성-과제코드,mid,synthetic,1
DP-2015-0164,CODE,합성-과제코드,mid,synthetic,1
TECH-2008-0096,CODE,합성-과제코드,mid,synthetic,1
TECH-2008-0276,CODE,합성-과제코드,mid,synthetic,1
TECH-2018-0249,CODE,합성-과제코드,mid,synthetic,1
MIL-2024-0091,CODE,합성-과제코드,mid,synthetic,1
EXP-2017-0367,CODE,합성-과제코드,mid,synthetic,1
ROC-2022-0567,CODE,합성-과제코드,mid,synthetic,1
SYS-2022-0080,CODE,합성-과제코드,mid,synthetic,1
SEC-2024-0187,CODE,합성-과제코드,mid,synthetic,1
EXP-2018-0222,CODE,합성-과제코드,mid,synthetic,1
DP-2008-0542,CODE,합성-과제코드,mid,synthetic,1
PRJ-2011-0511,CODE,합성-과제코드,mid,synthetic,1
SEC-2014-0548,CODE,합성-과제코드,mid,synthetic,1
TECH-2007-0509,CODE,합성-과제코드,mid,synthetic,1
ROC-2025-0159,CODE,합성-과제코드,mid,synthetic,1
PRJ-2010-0258,CODE,합성-과제코드,mid,synthetic,1
TECH-2016-0413,CODE,합성-과제코드,mid,synthetic,1
PRJ-2026-0496,CODE,합성-과제코드,mid,synthetic,1
PRJ-2024-0335,CODE,합성-과제코드,mid,synthetic,1
ROC-2014-0242,CODE,합성-과제코드,mid,synthetic,1
ROC-2024-0454,CODE,합성-과제코드,mid,synthetic,1
SEC-2018-0106,CODE,합성-과제코드,mid,synthetic,1
SEC-2007-0272,CODE,합성-과제코드,mid,synthetic,1
MIL-2010-0060,CODE,합성-과제코드,mid,synthetic,1
SYS-2005-0317,CODE,합성-과제코드,mid,synthetic,1
SEC-2011-0556,CODE,합성-과제코드,mid,synthetic,1
SEC-2023-0550,CODE,합성-과제코드,mid,synthetic,1
비밀 지휘통제 안테나 시험성적서,TECH_DOC,합성-체계부품문서,high,synthetic,1
비밀 자주포 관성항법장치 구매규격서,TECH_DOC,합성-체계부품문서,high,synthetic,1
SYS-2025-0313,CODE,합성-과제코드,mid,synthetic,1
SEC-2006-0460,CODE,합성-과제코드,mid,synthetic,1
TECH-2006-0294,CODE,합성-과제코드,mid,synthetic,1
MIL-2005-0309,CODE,합성-과제코드,mid,synthetic,1
DP-2018-0260,CODE,합성-과제코드,mid,synthetic,1
ROC-2019-0379,CODE,합성-과제코드,mid,synthetic,1
SYS-2006-0594,CODE,합성-과제코드,mid,synthetic,1
ROC-2011-0081,CODE,합성-과제코드,mid,synthetic,1
MIL-2014-0237,CODE,합성-과제코드,mid,synthetic,1
MIL-2015-0028,CODE,합성-과제코드,mid,synthetic,1
DP-2018-0324,CODE,합성-과제코드,mid,synthetic,1
SYS-2014-0330,CODE,합성-과제코드,mid,synthetic,1
PRJ-2009-0122,CODE,합성-과제코드,mid,synthetic,1
TECH-2021-0282,CODE,합성-과제코드,mid,synthetic,1
TECH-2018-0399,CODE,합성-과제코드,mid,synthetic,1
ROC-2024-0486,CODE,합성-과제코드,mid,synthetic,1
ROC-2009-0262,CODE,합성-과제코드,mid,synthetic,1
ROC-2009-0178,CODE,합성-과제코드,mid,synthetic,1
MIL-2019-0363,CODE,합성-과제코드,mid,synthetic,1
ROC-2019-0385,CODE,합성-과제코드,mid,synthetic,1
MIL-2010-0403,CODE,합성-과제코드,mid,synthetic,1
EXP-2023-0114,CODE,합성-과제코드,mid,synthetic,1
전자전 관성항법장치 정비교범,TECH_DOC,합성-체계부품문서,high,synthetic,1
PRJ-2009-0206,CODE,합성-과제코드,mid,synthetic,1
MIL-2012-0170,CODE,합성-과제코드,mid,synthetic,1
DP-2010-0054,CODE,합성-과제코드,mid,synthetic,1
ROC-2026-0099,CODE,합성-과제코드,mid,synthetic,1
MIL-2017-0593,CODE,합성-과제코드,mid,synthetic,1
SEC-2005-0502,CODE,합성-과제코드,mid,synthetic,1
SYS-2013-0003,CODE,합성-과제코드,mid,synthetic,1
EXP-2010-0147,CODE,합성-과제코드,mid,synthetic,1
SEC-2008-0568,CODE,합성-과제코드,mid,synthetic,1
SYS-2025-0046,CODE,합성-과제코드,mid,synthetic,1
SEC-2021-0320,CODE,합성-과제코드,mid,synthetic,1
MIL-2017-0062,CODE,합성-과제코드,mid,synthetic,1
SYS-2013-0279,CODE,합성-과제코드,mid,synthetic,1
PRJ-2006-0393,CODE,합성-과제코드,mid,synthetic,1
ROC-2014-0464,CODE,합성-과제코드,mid,synthetic,1
SYS-2019-0118,CODE,합성-과제코드,mid,synthetic,1
SYS-2011-0270,CODE,합성-과제코드,mid,synthetic,1
MIL-2013-0596,CODE,합성-과제코드,mid,synthetic,1
SEC-2024-0492,CODE,합성-과제코드,mid,synthetic,1
PRJ-2007-0025,CODE,합성-과제코드,mid,synthetic,1
TECH-2024-0065,CODE,합성-과제코드,mid,synthetic,1
ROC-2021-0315,CODE,합성-과제코드,mid,synthetic,1
SEC-2026-0119,CODE,합성-과제코드,mid,synthetic,1
MIL-2024-0089,CODE,합성-과제코드,mid,synthetic,1
EXP-2015-0574,CODE,합성-과제코드,mid,synthetic,1
PRJ-2021-0337,CODE,합성-과제코드,mid,synthetic,1
ROC-2020-0427,CODE,합성-과제코드,mid,synthetic,1
TECH-2026-0179,CODE,합성-과제코드,mid,synthetic,1
DP-2019-0311,CODE,합성-과제코드,mid,synthetic,1
TECH-2010-0459,CODE,합성-과제코드,mid,synthetic,1
PRJ-2008-0271,CODE,합성-과제코드,mid,synthetic,1
SEC-2019-0036,CODE,합성-과제코드,mid,synthetic,1
DP-2011-0556,CODE,합성-과제코드,mid,synthetic,1
PRJ-2018-0359,CODE,합성-과제코드,mid,synthetic,1
ROC-2017-0116,CODE,합성-과제코드,mid,synthetic,1
DP-2011-0565,CODE,합성-과제코드,mid,synthetic,1
ROC-2021-0231,CODE,합성-과제코드,mid,synthetic,1
ROC-2008-0305,CODE,합성-과제코드,mid,synthetic,1
ROC-2019-0599,CODE,합성-과제코드,mid,synthetic,1
ROC-2020-0547,CODE,합성-과제코드,mid,synthetic,1
TECH-2017-0236,CODE,합성-과제코드,mid,synthetic,1
DP-2011-0099,CODE,합성-과제코드,mid,synthetic,1
MIL-2024-0248,CODE,합성-과제코드,mid,synthetic,1
SEC-2010-0160,CODE,합성-과제코드,mid,synthetic,1
TECH-2010-0438,CODE,합성-과제코드,mid,synthetic,1
EXP-2015-0380,CODE,합성-과제코드,mid,synthetic,1
PRJ-2025-0238,CODE,합성-과제코드,mid,synthetic,1
ROC-2007-0258,CODE,합성-과제코드,mid,synthetic,1
TECH-2011-0170,CODE,합성-과제코드,mid,synthetic,1
EXP-2007-0563,CODE,합성-과제코드,mid,synthetic,1
PRJ-2016-0010,CODE,합성-과제코드,mid,synthetic,1
SYS-2015-0364,CODE,합성-과제코드,mid,synthetic,1
TECH-2012-0465,CODE,합성-과제코드,mid,synthetic,1
PRJ-2009-0197,CODE,합성-과제코드,mid,synthetic,1
SYS-2011-0482,CODE,합성-과제코드,mid,synthetic,1
DP-2022-0212,CODE,합성-과제코드,mid,synthetic,1
MIL-2025-0303,CODE,합성-과제코드,mid,synthetic,1
TECH-2020-0336,CODE,합성-과제코드,mid,synthetic,1
SYS-2008-0324,CODE,합성-과제코드,mid,synthetic,1
PRJ-2021-0296,CODE,합성-과제코드,mid,synthetic,1
EXP-2007-0351,CODE,합성-과제코드,mid,synthetic,1
ROC-2009-0587,CODE,합성-과제코드,mid,synthetic,1
TECH-2007-0034,CODE,합성-과제코드,mid,synthetic,1
EXP-2015-0502,CODE,합성-과제코드,mid,synthetic,1
PRJ-2017-0469,CODE,합성-과제코드,mid,synthetic,1
PRJ-2007-0052,CODE,합성-과제코드,mid,synthetic,1
SYS-2008-0174,CODE,합성-과제코드,mid,synthetic,1
MIL-2009-0381,CODE,합성-과제코드,mid,synthetic,1
MIL-2026-0395,CODE,합성-과제코드,mid,synthetic,1
SEC-2014-0558,CODE,합성-과제코드,mid,synthetic,1
DP-2023-0405,CODE,합성-과제코드,mid,synthetic,1
DP-2026-0420,CODE,합성-과제코드,mid,synthetic,1
ROC-2007-0201,CODE,합성-과제코드,mid,synthetic,1
TECH-2019-0283,CODE,합성-과제코드,mid,synthetic,1
TECH-2016-0107,CODE,합성-과제코드,mid,synthetic,1
SEC-2007-0064,CODE,합성-과제코드,mid,synthetic,1
TECH-2016-0357,CODE,합성-과제코드,mid,synthetic,1
MIL-2022-0596,CODE,합성-과제코드,mid,synthetic,1
PRJ-2020-0180,CODE,합성-과제코드,mid,synthetic,1
TECH-2008-0342,CODE,합성-과제코드,mid,synthetic,1
MIL-2019-0531,CODE,합성-과제코드,mid,synthetic,1
TECH-2016-0027,CODE,합성-과제코드,mid,synthetic,1
TECH-2009-0528,CODE,합성-과제코드,mid,synthetic,1
SEC-2009-0500,CODE,합성-과제코드,mid,synthetic,1
SEC-2022-0532,CODE,합성-과제코드,mid,synthetic,1
ROC-2014-0220,CODE,합성-과제코드,mid,synthetic,1
PRJ-2011-0336,CODE,합성-과제코드,mid,synthetic,1
TECH-2024-0238,CODE,합성-과제코드,mid,synthetic,1
EXP-2026-0529,CODE,합성-과제코드,mid,synthetic,1
EXP-2022-0377,CODE,합성-과제코드,mid,synthetic,1
TECH-2017-0596,CODE,합성-과제코드,mid,synthetic,1
MIL-2024-0326,CODE,합성-과제코드,mid,synthetic,1
TECH-2007-0346,CODE,합성-과제코드,mid,synthetic,1
SEC-2015-0430,CODE,합성-과제코드,mid,synthetic,1
SYS-2020-0460,CODE,합성-과제코드,mid,synthetic,1
위성 전원장치 공정도,TECH_DOC,합성-체계부품문서,high,synthetic,1
ROC-2022-0046,CODE,합성-과제코드,mid,synthetic,1
EXP-2008-0455,CODE,합성-과제코드,mid,synthetic,1
DP-2014-0228,CODE,합성-과제코드,mid,synthetic,1
MIL-2016-0590,CODE,합성-과제코드,mid,synthetic,1
EXP-2019-0295,CODE,합성-과제코드,mid,synthetic,1
MIL-2007-0503,CODE,합성-과제코드,mid,synthetic,1
PRJ-2010-0558,CODE,합성-과제코드,mid,synthetic,1
EXP-2013-0235,CODE,합성-과제코드,mid,synthetic,1
DP-2026-0385,CODE,합성-과제코드,mid,synthetic,1
MIL-2015-0463,CODE,합성-과제코드,mid,synthetic,1
TECH-2012-0570,CODE,합성-과제코드,mid,synthetic,1
DP-2008-0528,CODE,합성-과제코드,mid,synthetic,1
MIL-2022-0385,CODE,합성-과제코드,mid,synthetic,1
EXP-2005-0387,CODE,합성-과제코드,mid,synthetic,1
PRJ-2022-0325,CODE,합성-과제코드,mid,synthetic,1
MIL-2018-0316,CODE,합성-과제코드,mid,synthetic,1
MIL-2014-0320,CODE,합성-과제코드,mid,synthetic,1
PRJ-2024-0591,CODE,합성-과제코드,mid,synthetic,1
ROC-2022-0018,CODE,합성-과제코드,mid,synthetic,1
MIL-2019-0505,CODE,합성-과제코드,mid,synthetic,1
SEC-2006-0174,CODE,합성-과제코드,mid,synthetic,1
SYS-2020-0366,CODE,합성-과제코드,mid,synthetic,1
SYS-2022-0493,CODE,합성-과제코드,mid,synthetic,1
SEC-2006-0007,CODE,합성-과제코드,mid,synthetic,1
DP-2009-0306,CODE,합성-과제코드,mid,synthetic,1
MIL-2019-0356,CODE,합성-과제코드,mid,synthetic,1
EXP-2006-0512,CODE,합성-과제코드,mid,synthetic,1
대외비 항법 안테나 설계도면,TECH_DOC,합성-체계부품문서,high,synthetic,1
SEC-2018-0326,CODE,합성-과제코드,mid,synthetic,1
ROC-2018-0184,CODE,합성-과제코드,mid,synthetic,1
방공체계 통신모듈 제조사양서,TECH_DOC,합성-체계부품문서,high,synthetic,1
SEC-2019-0460,CODE,합성-과제코드,mid,synthetic,1
ROC-2011-0579,CODE,합성-과제코드,mid,synthetic,1
MIL-2016-0312,CODE,합성-과제코드,mid,synthetic,1
ROC-2005-0124,CODE,합성-과제코드,mid,synthetic,1
MIL-2012-0548,CODE,합성-과제코드,mid,synthetic,1
SYS-2021-0069,CODE,합성-과제코드,mid,synthetic,1
MIL-2018-0598,CODE,합성-과제코드,mid,synthetic,1
ROC-2020-0367,CODE,합성-과제코드,mid,synthetic,1
PRJ-2009-0563,CODE,합성-과제코드,mid,synthetic,1
EXP-2021-0455,CODE,합성-과제코드,mid,synthetic,1
MIL-2026-0352,CODE,합성-과제코드,mid,synthetic,1
PRJ-2006-0207,CODE,합성-과제코드,mid,synthetic,1
DP-2015-0283,CODE,합성-과제코드,mid,synthetic,1
ROC-2024-0599,CODE,합성-과제코드,mid,synthetic,1
DP-2021-0302,CODE,합성-과제코드,mid,synthetic,1
SEC-2021-0033,CODE,합성-과제코드,mid,synthetic,1
ROC-2013-0300,CODE,합성-과제코드,mid,synthetic,1
SEC-2015-0001,CODE,합성-과제코드,mid,synthetic,1
EXP-2008-0266,CODE,합성-과제코드,mid,synthetic,1
EXP-2008-0064,CODE,합성-과제코드,mid,synthetic,1
TECH-2017-0049,CODE,합성-과제코드,mid,synthetic,1
ROC-2021-0388,CODE,합성-과제코드,mid,synthetic,1
SEC-2022-0485,CODE,합성-과제코드,mid,synthetic,1
DP-2005-0527,CODE,합성-과제코드,mid,synthetic,1
EXP-2016-0272,CODE,합성-과제코드,mid,synthetic,1
대외비 전투기 암호모듈 정비교범,TECH_DOC,합성-체계부품문서,high,synthetic,1
SYS-2025-0224,CODE,합성-과제코드,mid,synthetic,1
ROC-2018-0066,CODE,합성-과제코드,mid,synthetic,1
SEC-2008-0446,CODE,합성-과제코드,mid,synthetic,1
EXP-2024-0135,CODE,합성-과제코드,mid,synthetic,1
TECH-2009-0463,CODE,합성-과제코드,mid,synthetic,1
MIL-2015-0597,CODE,합성-과제코드,mid,synthetic,1
DP-2022-0251,CODE,합성-과제코드,mid,synthetic,1
EXP-2008-0289,CODE,합성-과제코드,mid,synthetic,1
PRJ-2026-0507,CODE,합성-과제코드,mid,synthetic,1
SEC-2021-0428,CODE,합성-과제코드,mid,synthetic,1
SEC-2015-0488,CODE,합성-과제코드,mid,synthetic,1
PRJ-2009-0426,CODE,합성-과제코드,mid,synthetic,1
SYS-2014-0073,CODE,합성-과제코드,mid,synthetic,1
PRJ-2017-0190,CODE,합성-과제코드,mid,synthetic,1
DP-2013-0261,CODE,합성-과제코드,mid,synthetic,1
DP-2007-0241,CODE,합성-과제코드,mid,synthetic,1
ROC-2018-0506,CODE,합성-과제코드,mid,synthetic,1
ROC-2018-0296,CODE,합성-과제코드,mid,synthetic,1
TECH-2023-0183,CODE,합성-과제코드,mid,synthetic,1
SEC-2006-0445,CODE,합성-과제코드,mid,synthetic,1
DP-2018-0210,CODE,합성-과제코드,mid,synthetic,1
SYS-2024-0367,CODE,합성-과제코드,mid,synthetic,1
SYS-2014-0261,CODE,합성-과제코드,mid,synthetic,1
EXP-2013-0226,CODE,합성-과제코드,mid,synthetic,1
SEC-2023-0521,CODE,합성-과제코드,mid,synthetic,1
PRJ-2007-0051,CODE,합성-과제코드,mid,synthetic,1
SEC-2014-0538,CODE,합성-과제코드,mid,synthetic,1
MIL-2021-0484,CODE,합성-과제코드,mid,synthetic,1
PRJ-2013-0052,CODE,합성-과제코드,mid,synthetic,1
헬기 탐색기 시험성적서,TECH_DOC,합성-체계부품문서,high,synthetic,1
SYS-2014-0253,CODE,합성-과제코드,mid,synthetic,1
PRJ-2009-0144,CODE,합성-과제코드,mid,synthetic,1
MIL-2006-0245,CODE,합성-과제코드,mid,synthetic,1
DP-2011-0244,CODE,합성-과제코드,mid,synthetic,1
SEC-2015-0548,CODE,합성-과제코드,mid,synthetic,1
EXP-2013-0332,CODE,합성-과제코드,mid,synthetic,1
SEC-2009-0501,CODE,합성-과제코드,mid,synthetic,1
SEC-2006-0484,CODE,합성-과제코드,mid,synthetic,1
EXP-2009-0010,CODE,합성-과제코드,mid,synthetic,1
PRJ-2019-0518,CODE,합성-과제코드,mid,synthetic,1
SYS-2017-0142,CODE,합성-과제코드,mid,synthetic,1
EXP-2010-0122,CODE,합성-과제코드,mid,synthetic,1
EXP-2025-0453,CODE,합성-과제코드,mid,synthetic,1
PRJ-2017-0512,CODE,합성-과제코드,mid,synthetic,1
EXP-2005-0475,CODE,합성-과제코드,mid,synthetic,1
TECH-2009-0546,CODE,합성-과제코드,mid,synthetic,1
DP-2020-0160,CODE,합성-과제코드,mid,synthetic,1
TECH-2019-0462,CODE,합성-과제코드,mid,synthetic,1
SYS-2015-0432,CODE,합성-과제코드,mid,synthetic,1
EXP-2014-0259,CODE,합성-과제코드,mid,synthetic,1
PRJ-2007-0288,CODE,합성-과제코드,mid,synthetic,1
SEC-2013-0233,CODE,합성-과제코드,mid,synthetic,1
TECH-2017-0108,CODE,합성-과제코드,mid,synthetic,1
PRJ-2026-0284,CODE,합성-과제코드,mid,synthetic,1
ROC-2016-0395,CODE,합성-과제코드,mid,synthetic,1
PRJ-2018-0048,CODE,합성-과제코드,mid,synthetic,1
PRJ-2012-0195,CODE,합성-과제코드,mid,synthetic,1
TECH-2026-0350,CODE,합성-과제코드,mid,synthetic,1
DP-2008-0404,CODE,합성-과제코드,mid,synthetic,1
DP-2006-0485,CODE,합성-과제코드,mid,synthetic,1
SYS-2009-0006,CODE,합성-과제코드,mid,synthetic,1
SEC-2020-0456,CODE,합성-과제코드,mid,synthetic,1
ROC-2014-0209,CODE,합성-과제코드,mid,synthetic,1
SYS-2012-0011,CODE,합성-과제코드,mid,synthetic,1
TECH-2025-0386,CODE,합성-과제코드,mid,synthetic,1
SEC-2005-0390,CODE,합성-과제코드,mid,synthetic,1
ROC-2015-0255,CODE,합성-과제코드,mid,synthetic,1
EXP-2014-0365,CODE,합성-과제코드,mid,synthetic,1
PRJ-2016-0021,CODE,합성-과제코드,mid,synthetic,1
ROC-2022-0437,CODE,합성-과제코드,mid,synthetic,1
MIL-2006-0247,CODE,합성-과제코드,mid,synthetic,1
SYS-2013-0103,CODE,합성-과제코드,mid,synthetic,1
EXP-2024-0012,CODE,합성-과제코드,mid,synthetic,1
MIL-2022-0273,CODE,합성-과제코드,mid,synthetic,1
EXP-2010-0097,CODE,합성-과제코드,mid,synthetic,1
EXP-2023-0427,CODE,합성-과제코드,mid,synthetic,1
MIL-2010-0579,CODE,합성-과제코드,mid,synthetic,1
SYS-2022-0170,CODE,합성-과제코드,mid,synthetic,1
비밀 장갑 제어기 형상관리문서,TECH_DOC,합성-체계부품문서,high,synthetic,1
MIL-2019-0421,CODE,합성-과제코드,mid,synthetic,1
PRJ-2017-0366,CODE,합성-과제코드,mid,synthetic,1
MIL-2012-0217,CODE,합성-과제코드,mid,synthetic,1
SYS-2014-0525,CODE,합성-과제코드,mid,synthetic,1
MIL-2012-0515,CODE,합성-과제코드,mid,synthetic,1
ROC-2019-0232,CODE,합성-과제코드,mid,synthetic,1
SYS-2006-0191,CODE,합성-과제코드,mid,synthetic,1
DP-2010-0426,CODE,합성-과제코드,mid,synthetic,1
SYS-2006-0114,CODE,합성-과제코드,mid,synthetic,1
PRJ-2008-0458,CODE,합성-과제코드,mid,synthetic,1
PRJ-2025-0195,CODE,합성-과제코드,mid,synthetic,1
SEC-2021-0141,CODE,합성-과제코드,mid,synthetic,1
EXP-2022-0003,CODE,합성-과제코드,mid,synthetic,1
DP-2006-0198,CODE,합성-과제코드,mid,synthetic,1
EXP-2008-0033,CODE,합성-과제코드,mid,synthetic,1
PRJ-2018-0316,CODE,합성-과제코드,mid,synthetic,1
SEC-2019-0495,CODE,합성-과제코드,mid,synthetic,1
EXP-2012-0503,CODE,합성-과제코드,mid,synthetic,1
SYS-2013-0523,CODE,합성-과제코드,mid,synthetic,1
SYS-2023-0299,CODE,합성-과제코드,mid,synthetic,1
ROC-2018-0173,CODE,합성-과제코드,mid,synthetic,1
TECH-2019-0151,CODE,합성-과제코드,mid,synthetic,1
SYS-2026-0596,CODE,합성-과제코드,mid,synthetic,1
TECH-2017-0350,CODE,합성-과제코드,mid,synthetic,1
EXP-2010-0548,CODE,합성-과제코드,mid,synthetic,1
SYS-2014-0524,CODE,합성-과제코드,mid,synthetic,1
SEC-2016-0016,CODE,합성-과제코드,mid,synthetic,1
DP-2019-0564,CODE,합성-과제코드,mid,synthetic,1
TECH-2018-0342,CODE,합성-과제코드,mid,synthetic,1
SEC-2013-0377,CODE,합성-과제코드,mid,synthetic,1
SEC-2012-0233,CODE,합성-과제코드,mid,synthetic,1
MIL-2013-0218,CODE,합성-과제코드,mid,synthetic,1
SYS-2021-0452,CODE,합성-과제코드,mid,synthetic,1
ROC-2008-0373,CODE,합성-과제코드,mid,synthetic,1
PRJ-2008-0044,CODE,합성-과제코드,mid,synthetic,1
DP-2016-0113,CODE,합성-과제코드,mid,synthetic,1
PRJ-2020-0487,CODE,합성-과제코드,mid,synthetic,1
TECH-2019-0217,CODE,합성-과제코드,mid,synthetic,1
SYS-2007-0532,CODE,합성-과제코드,mid,synthetic,1
PRJ-2024-0120,CODE,합성-과제코드,mid,synthetic,1
SYS-2023-0143,CODE,합성-과제코드,mid,synthetic,1
PRJ-2017-0208,CODE,합성-과제코드,mid,synthetic,1
DP-2007-0156,CODE,합성-과제코드,mid,synthetic,1
SYS-2010-0362,CODE,합성-과제코드,mid,synthetic,1
ROC-2013-0123,CODE,합성-과제코드,mid,synthetic,1
DP-2020-0129,CODE,합성-과제코드,mid,synthetic,1
SYS-2024-0591,CODE,합성-과제코드,mid,synthetic,1
SYS-2026-0342,CODE,합성-과제코드,mid,synthetic,1
PRJ-2007-0059,CODE,합성-과제코드,mid,synthetic,1
PRJ-2017-0417,CODE,합성-과제코드,mid,synthetic,1
TECH-2021-0416,CODE,합성-과제코드,mid,synthetic,1
SYS-2010-0255,CODE,합성-과제코드,mid,synthetic,1
DP-2010-0046,CODE,합성-과제코드,mid,synthetic,1
EXP-2018-0099,CODE,합성-과제코드,mid,synthetic,1
EXP-2009-0502,CODE,합성-과제코드,mid,synthetic,1
DP-2012-0433,CODE,합성-과제코드,mid,synthetic,1
MIL-2007-0349,CODE,합성-과제코드,mid,synthetic,1
ROC-2021-0051,CODE,합성-과제코드,mid,synthetic,1
TECH-2005-0537,CODE,합성-과제코드,mid,synthetic,1
EXP-2015-0040,CODE,합성-과제코드,mid,synthetic,1
ROC-2016-0275,CODE,합성-과제코드,mid,synthetic,1
SYS-2016-0057,CODE,합성-과제코드,mid,synthetic,1
SYS-2023-0579,CODE,합성-과제코드,mid,synthetic,1
DP-2021-0128,CODE,합성-과제코드,mid,synthetic,1
EXP-2006-0084,CODE,합성-과제코드,mid,synthetic,1
SEC-2010-0452,CODE,합성-과제코드,mid,synthetic,1
SEC-2016-0477,CODE,합성-과제코드,mid,synthetic,1
SYS-2024-0153,CODE,합성-과제코드,mid,synthetic,1
ROC-2012-0191,CODE,합성-과제코드,mid,synthetic,1
SEC-2005-0288,CODE,합성-과제코드,mid,synthetic,1
EXP-2009-0355,CODE,합성-과제코드,mid,synthetic,1
TECH-2006-0174,CODE,합성-과제코드,mid,synthetic,1
TECH-2014-0158,CODE,합성-과제코드,mid,synthetic,1
ROC-2018-0355,CODE,합성-과제코드,mid,synthetic,1
PRJ-2026-0503,CODE,합성-과제코드,mid,synthetic,1
MIL-2022-0034,CODE,합성-과제코드,mid,synthetic,1
TECH-2016-0273,CODE,합성-과제코드,mid,synthetic,1
SYS-2021-0491,CODE,합성-과제코드,mid,synthetic,1
MIL-2016-0551,CODE,합성-과제코드,mid,synthetic,1
EXP-2022-0199,CODE,합성-과제코드,mid,synthetic,1
SYS-2013-0293,CODE,합성-과제코드,mid,synthetic,1
ROC-2015-0113,CODE,합성-과제코드,mid,synthetic,1
EXP-2023-0071,CODE,합성-과제코드,mid,synthetic,1
SYS-2007-0268,CODE,합성-과제코드,mid,synthetic,1
DP-2018-0234,CODE,합성-과제코드,mid,synthetic,1
MIL-2006-0153,CODE,합성-과제코드,mid,synthetic,1
MIL-2018-0557,CODE,합성-과제코드,mid,synthetic,1
DP-2024-0437,CODE,합성-과제코드,mid,synthetic,1
MIL-2008-0577,CODE,합성-과제코드,mid,synthetic,1
SEC-2006-0117,CODE,합성-과제코드,mid,synthetic,1
MIL-2023-0277,CODE,합성-과제코드,mid,synthetic,1
함정 관성항법장치 시험성적서,TECH_DOC,합성-체계부품문서,high,synthetic,1
SEC-2014-0403,CODE,합성-과제코드,mid,synthetic,1
SEC-2019-0075,CODE,합성-과제코드,mid,synthetic,1
EXP-2015-0571,CODE,합성-과제코드,mid,synthetic,1
EXP-2014-0244,CODE,합성-과제코드,mid,synthetic,1
ROC-2018-0353,CODE,합성-과제코드,mid,synthetic,1
대외비 소나 시뮬레이터 공정도,TECH_DOC,합성-체계부품문서,high,synthetic,1
DP-2021-0183,CODE,합성-과제코드,mid,synthetic,1
MIL-2017-0537,CODE,합성-과제코드,mid,synthetic,1
SYS-2011-0438,CODE,합성-과제코드,mid,synthetic,1
SYS-2009-0354,CODE,합성-과제코드,mid,synthetic,1
EXP-2026-0365,CODE,합성-과제코드,mid,synthetic,1
위성 안테나 소스코드,TECH_DOC,합성-체계부품문서,high,synthetic,1
MIL-2009-0367,CODE,합성-과제코드,mid,synthetic,1
TECH-2017-0376,CODE,합성-과제코드,mid,synthetic,1
EXP-2006-0443,CODE,합성-과제코드,mid,synthetic,1
DP-2006-0512,CODE,합성-과제코드,mid,synthetic,1
EXP-2018-0231,CODE,합성-과제코드,mid,synthetic,1
ROC-2022-0415,CODE,합성-과제코드,mid,synthetic,1
SEC-2020-0215,CODE,합성-과제코드,mid,synthetic,1
EXP-2022-0310,CODE,합성-과제코드,mid,synthetic,1
PRJ-2017-0304,CODE,합성-과제코드,mid,synthetic,1
TECH-2025-0242,CODE,합성-과제코드,mid,synthetic,1
ROC-2010-0245,CODE,합성-과제코드,mid,synthetic,1
ROC-2019-0519,CODE,합성-과제코드,mid,synthetic,1
SEC-2017-0508,CODE,합성-과제코드,mid,synthetic,1
ROC-2008-0270,CODE,합성-과제코드,mid,synthetic,1
DP-2011-0057,CODE,합성-과제코드,mid,synthetic,1
TECH-2015-0366,CODE,합성-과제코드,mid,synthetic,1
ROC-2013-0193,CODE,합성-과제코드,mid,synthetic,1
SEC-2014-0322,CODE,합성-과제코드,mid,synthetic,1
MIL-2020-0438,CODE,합성-과제코드,mid,synthetic,1
MIL-2010-0567,CODE,합성-과제코드,mid,synthetic,1
DP-2013-0592,CODE,합성-과제코드,mid,synthetic,1
SYS-2023-0558,CODE,합성-과제코드,mid,synthetic,1
SEC-2007-0447,CODE,합성-과제코드,mid,synthetic,1
SYS-2006-0513,CODE,합성-과제코드,mid,synthetic,1
TECH-2005-0520,CODE,합성-과제코드,mid,synthetic,1
MIL-2008-0413,CODE,합성-과제코드,mid,synthetic,1
MIL-2008-0191,CODE,합성-과제코드,mid,synthetic,1
ROC-2006-0327,CODE,합성-과제코드,mid,synthetic,1
대외비 함정 신호처리기 시험성적서,TECH_DOC,합성-체계부품문서,high,synthetic,1
전자전 열영상장비 개발계획서,TECH_DOC,합성-체계부품문서,high,synthetic,1
SEC-2014-0117,CODE,합성-과제코드,mid,synthetic,1
PRJ-2019-0555,CODE,합성-과제코드,mid,synthetic,1
TECH-2022-0333,CODE,합성-과제코드,mid,synthetic,1
SEC-2026-0114,CODE,합성-과제코드,mid,synthetic,1
TECH-2012-0036,CODE,합성-과제코드,mid,synthetic,1
TECH-2026-0509,CODE,합성-과제코드,mid,synthetic,1
TECH-2006-0346,CODE,합성-과제코드,mid,synthetic,1
MIL-2025-0127,CODE,합성-과제코드,mid,synthetic,1
SYS-2006-0499,CODE,합성-과제코드,mid,synthetic,1
SYS-2007-0505,CODE,합성-과제코드,mid,synthetic,1
ROC-2011-0381,CODE,합성-과제코드,mid,synthetic,1
DP-2014-0150,CODE,합성-과제코드,mid,synthetic,1
EXP-2010-0558,CODE,합성-과제코드,mid,synthetic,1
MIL-2021-0337,CODE,합성-과제코드,mid,synthetic,1
ROC-2013-0017,CODE,합성-과제코드,mid,synthetic,1
TECH-2012-0461,CODE,합성-과제코드,mid,synthetic,1
EXP-2015-0593,CODE,합성-과제코드,mid,synthetic,1
DP-2017-0050,CODE,합성-과제코드,mid,synthetic,1
SYS-2009-0068,CODE,합성-과제코드,mid,synthetic,1
ROC-2018-0270,CODE,합성-과제코드,mid,synthetic,1
DP-2020-0307,CODE,합성-과제코드,mid,synthetic,1
SEC-2017-0198,CODE,합성-과제코드,mid,synthetic,1
TECH-2015-0123,CODE,합성-과제코드,mid,synthetic,1
DP-2018-0432,CODE,합성-과제코드,mid,synthetic,1
PRJ-2017-0534,CODE,합성-과제코드,mid,synthetic,1
PRJ-2015-0086,CODE,합성-과제코드,mid,synthetic,1
SYS-2020-0148,CODE,합성-과제코드,mid,synthetic,1
SEC-2012-0356,CODE,합성-과제코드,mid,synthetic,1
EXP-2010-0261,CODE,합성-과제코드,mid,synthetic,1
TECH-2005-0321,CODE,합성-과제코드,mid,synthetic,1
PRJ-2010-0177,CODE,합성-과제코드,mid,synthetic,1
SEC-2007-0227,CODE,합성-과제코드,mid,synthetic,1
SYS-2016-0408,CODE,합성-과제코드,mid,synthetic,1
TECH-2021-0107,CODE,합성-과제코드,mid,synthetic,1
SYS-2023-0463,CODE,합성-과제코드,mid,synthetic,1
SEC-2015-0319,CODE,합성-과제코드,mid,synthetic,1
TECH-2019-0066,CODE,합성-과제코드,mid,synthetic,1
MIL-2013-0312,CODE,합성-과제코드,mid,synthetic,1
헬기 추진기관 형상관리문서,TECH_DOC,합성-체계부품문서,high,synthetic,1
DP-2015-0188,CODE,합성-과제코드,mid,synthetic,1
EXP-2006-0172,CODE,합성-과제코드,mid,synthetic,1
ROC-2014-0534,CODE,합성-과제코드,mid,synthetic,1
항법 구동장치 정비교범,TECH_DOC,합성-체계부품문서,high,synthetic,1
SYS-2018-0430,CODE,합성-과제코드,mid,synthetic,1
DP-2015-0420,CODE,합성-과제코드,mid,synthetic,1
SYS-2018-0567,CODE,합성-과제코드,mid,synthetic,1
비밀 헬기 안테나 시험성적서,TECH_DOC,합성-체계부품문서,high,synthetic,1
SYS-2022-0034,CODE,합성-과제코드,mid,synthetic,1
비밀 함정 시험장비 정비교범,TECH_DOC,합성-체계부품문서,high,synthetic,1
대외비 무인기 센서모듈 소스코드,TECH_DOC,합성-체계부품문서,high,synthetic,1
ROC-2024-0459,CODE,합성-과제코드,mid,synthetic,1
DP-2006-0374,CODE,합성-과제코드,mid,synthetic,1
DP-2024-0135,CODE,합성-과제코드,mid,synthetic,1
PRJ-2011-0577,CODE,합성-과제코드,mid,synthetic,1
SEC-2022-0146,CODE,합성-과제코드,mid,synthetic,1
EXP-2015-0034,CODE,합성-과제코드,mid,synthetic,1
SYS-2005-0350,CODE,합성-과제코드,mid,synthetic,1
DP-2022-0161,CODE,합성-과제코드,mid,synthetic,1
SYS-2008-0194,CODE,합성-과제코드,mid,synthetic,1
TECH-2025-0494,CODE,합성-과제코드,mid,synthetic,1
ROC-2006-0180,CODE,합성-과제코드,mid,synthetic,1
SYS-2007-0379,CODE,합성-과제코드,mid,synthetic,1
DP-2011-0377,CODE,합성-과제코드,mid,synthetic,1
PRJ-2016-0361,CODE,합성-과제코드,mid,synthetic,1
DP-2026-0306,CODE,합성-과제코드,mid,synthetic,1
EXP-2023-0270,CODE,합성-과제코드,mid,synthetic,1
TECH-2008-0291,CODE,합성-과제코드,mid,synthetic,1
SYS-2023-0168,CODE,합성-과제코드,mid,synthetic,1
SEC-2023-0107,CODE,합성-과제코드,mid,synthetic,1
MIL-2021-0342,CODE,합성-과제코드,mid,synthetic,1
ROC-2024-0557,CODE,합성-과제코드,mid,synthetic,1
PRJ-2020-0039,CODE,합성-과제코드,mid,synthetic,1
ROC-2019-0009,CODE,합성-과제코드,mid,synthetic,1
SEC-2010-0318,CODE,합성-과제코드,mid,synthetic,1
EXP-2020-0147,CODE,합성-과제코드,mid,synthetic,1
MIL-2024-0282,CODE,합성-과제코드,mid,synthetic,1
SYS-2010-0572,CODE,합성-과제코드,mid,synthetic,1
DP-2015-0019,CODE,합성-과제코드,mid,synthetic,1
PRJ-2007-0248,CODE,합성-과제코드,mid,synthetic,1
SEC-2015-0417,CODE,합성-과제코드,mid,synthetic,1
TECH-2019-0186,CODE,합성-과제코드,mid,synthetic,1
SYS-2012-0308,CODE,합성-과제코드,mid,synthetic,1
DP-2015-0247,CODE,합성-과제코드,mid,synthetic,1
ROC-2010-0449,CODE,합성-과제코드,mid,synthetic,1
전차 열영상장비 형상관리문서,TECH_DOC,합성-체계부품문서,high,synthetic,1
DP-2026-0164,CODE,합성-과제코드,mid,synthetic,1
TECH-2026-0487,CODE,합성-과제코드,mid,synthetic,1
TECH-2026-0486,CODE,합성-과제코드,mid,synthetic,1
PRJ-2011-0245,CODE,합성-과제코드,mid,synthetic,1
DP-2013-0168,CODE,합성-과제코드,mid,synthetic,1
ROC-2016-0306,CODE,합성-과제코드,mid,synthetic,1
SYS-2015-0298,CODE,합성-과제코드,mid,synthetic,1
EXP-2019-0222,CODE,합성-과제코드,mid,synthetic,1
DP-2023-0481,CODE,합성-과제코드,mid,synthetic,1
ROC-2007-0450,CODE,합성-과제코드,mid,synthetic,1
DP-2016-0357,CODE,합성-과제코드,mid,synthetic,1
SYS-2007-0123,CODE,합성-과제코드,mid,synthetic,1
EXP-2019-0033,CODE,합성-과제코드,mid,synthetic,1
SEC-2021-0120,CODE,합성-과제코드,mid,synthetic,1
ROC-2021-0286,CODE,합성-과제코드,mid,synthetic,1
ROC-2024-0350,CODE,합성-과제코드,mid,synthetic,1
EXP-2026-0567,CODE,합성-과제코드,mid,synthetic,1
SYS-2013-0145,CODE,합성-과제코드,mid,synthetic,1
PRJ-2025-0133,CODE,합성-과제코드,mid,synthetic,1
TECH-2012-0266,CODE,합성-과제코드,mid,synthetic,1
TECH-2022-0043,CODE,합성-과제코드,mid,synthetic,1
EXP-2020-0512,CODE,합성-과제코드,mid,synthetic,1
SEC-2005-0227,CODE,합성-과제코드,mid,synthetic,1
DP-2019-0452,CODE,합성-과제코드,mid,synthetic,1
SYS-2011-0328,CODE,합성-과제코드,mid,synthetic,1
DP-2010-0307,CODE,합성-과제코드,mid,synthetic,1
잠수함 시험장비 구매규격서,TECH_DOC,합성-체계부품문서,high,synthetic,1
MIL-2026-0246,CODE,합성-과제코드,mid,synthetic,1
DP-2022-0199,CODE,합성-과제코드,mid,synthetic,1
PRJ-2022-0506,CODE,합성-과제코드,mid,synthetic,1
TECH-2007-0465,CODE,합성-과제코드,mid,synthetic,1
SYS-2013-0100,CODE,합성-과제코드,mid,synthetic,1
SEC-2005-0028,CODE,합성-과제코드,mid,synthetic,1
SEC-2007-0588,CODE,합성-과제코드,mid,synthetic,1
ROC-2012-0226,CODE,합성-과제코드,mid,synthetic,1
EXP-2025-0001,CODE,합성-과제코드,mid,synthetic,1
MIL-2013-0038,CODE,합성-과제코드,mid,synthetic,1
SEC-2006-0390,CODE,합성-과제코드,mid,synthetic,1
SYS-2022-0522,CODE,합성-과제코드,mid,synthetic,1
PRJ-2007-0049,CODE,합성-과제코드,mid,synthetic,1
SYS-2018-0351,CODE,합성-과제코드,mid,synthetic,1
MIL-2012-0016,CODE,합성-과제코드,mid,synthetic,1
MIL-2005-0064,CODE,합성-과제코드,mid,synthetic,1
SYS-2018-0259,CODE,합성-과제코드,mid,synthetic,1
ROC-2014-0175,CODE,합성-과제코드,mid,synthetic,1
PRJ-2019-0085,CODE,합성-과제코드,mid,synthetic,1
DP-2025-0143,CODE,합성-과제코드,mid,synthetic,1
SYS-2023-0044,CODE,합성-과제코드,mid,synthetic,1
대외비 소나 관성항법장치 개발계획서,TECH_DOC,합성-체계부품문서,high,synthetic,1
TECH-2014-0594,CODE,합성-과제코드,mid,synthetic,1
MIL-2006-0180,CODE,합성-과제코드,mid,synthetic,1
TECH-2022-0206,CODE,합성-과제코드,mid,synthetic,1
EXP-2010-0356,CODE,합성-과제코드,mid,synthetic,1
DP-2012-0159,CODE,합성-과제코드,mid,synthetic,1
SEC-2021-0079,CODE,합성-과제코드,mid,synthetic,1
SEC-2009-0585,CODE,합성-과제코드,mid,synthetic,1
ROC-2018-0027,CODE,합성-과제코드,mid,synthetic,1
SYS-2013-0095,CODE,합성-과제코드,mid,synthetic,1
SEC-2017-0080,CODE,합성-과제코드,mid,synthetic,1
SYS-2026-0077,CODE,합성-과제코드,mid,synthetic,1
지휘통제 열영상장비 개발계획서,TECH_DOC,합성-체계부품문서,high,synthetic,1
SYS-2023-0556,CODE,합성-과제코드,mid,synthetic,1
SYS-2020-0422,CODE,합성-과제코드,mid,synthetic,1
DP-2021-0469,CODE,합성-과제코드,mid,synthetic,1
DP-2012-0323,CODE,합성-과제코드,mid,synthetic,1
SEC-2008-0282,CODE,합성-과제코드,mid,synthetic,1
DP-2005-0284,CODE,합성-과제코드,mid,synthetic,1
MIL-2013-0465,CODE,합성-과제코드,mid,synthetic,1
EXP-2017-0185,CODE,합성-과제코드,mid,synthetic,1
TECH-2019-0008,CODE,합성-과제코드,mid,synthetic,1
SEC-2011-0589,CODE,합성-과제코드,mid,synthetic,1
PRJ-2011-0052,CODE,합성-과제코드,mid,synthetic,1
EXP-2009-0501,CODE,합성-과제코드,mid,synthetic,1
SEC-2009-0090,CODE,합성-과제코드,mid,synthetic,1
SEC-2024-0593,CODE,합성-과제코드,mid,synthetic,1
EXP-2023-0255,CODE,합성-과제코드,mid,synthetic,1
대외비 미사일 펌웨어 공정도,TECH_DOC,합성-체계부품문서,high,synthetic,1
PRJ-2021-0427,CODE,합성-과제코드,mid,synthetic,1
DP-2015-0279,CODE,합성-과제코드,mid,synthetic,1
TECH-2017-0226,CODE,합성-과제코드,mid,synthetic,1
MIL-2018-0079,CODE,합성-과제코드,mid,synthetic,1
TECH-2026-0267,CODE,합성-과제코드,mid,synthetic,1
PRJ-2017-0060,CODE,합성-과제코드,mid,synthetic,1
ROC-2005-0204,CODE,합성-과제코드,mid,synthetic,1
ROC-2010-0445,CODE,합성-과제코드,mid,synthetic,1
ROC-2010-0508,CODE,합성-과제코드,mid,synthetic,1
PRJ-2021-0260,CODE,합성-과제코드,mid,synthetic,1
PRJ-2012-0518,CODE,합성-과제코드,mid,synthetic,1
TECH-2023-0445,CODE,합성-과제코드,mid,synthetic,1
SEC-2013-0038,CODE,합성-과제코드,mid,synthetic,1
SYS-2010-0371,CODE,합성-과제코드,mid,synthetic,1
PRJ-2007-0056,CODE,합성-과제코드,mid,synthetic,1
PRJ-2018-0346,CODE,합성-과제코드,mid,synthetic,1
SYS-2006-0118,CODE,합성-과제코드,mid,synthetic,1
PRJ-2020-0002,CODE,합성-과제코드,mid,synthetic,1
SYS-2020-0559,CODE,합성-과제코드,mid,synthetic,1
PRJ-2023-0409,CODE,합성-과제코드,mid,synthetic,1
EXP-2008-0160,CODE,합성-과제코드,mid,synthetic,1
ROC-2026-0299,CODE,합성-과제코드,mid,synthetic,1
TECH-2013-0128,CODE,합성-과제코드,mid,synthetic,1
ROC-2011-0482,CODE,합성-과제코드,mid,synthetic,1
TECH-2009-0466,CODE,합성-과제코드,mid,synthetic,1
ROC-2017-0097,CODE,합성-과제코드,mid,synthetic,1
TECH-2009-0524,CODE,합성-과제코드,mid,synthetic,1
DP-2024-0415,CODE,합성-과제코드,mid,synthetic,1
SEC-2022-0551,CODE,합성-과제코드,mid,synthetic,1
ROC-2010-0263,CODE,합성-과제코드,mid,synthetic,1
MIL-2008-0312,CODE,합성-과제코드,mid,synthetic,1
TECH-2025-0167,CODE,합성-과제코드,mid,synthetic,1
SEC-2010-0212,CODE,합성-과제코드,mid,synthetic,1
SYS-2010-0568,CODE,합성-과제코드,mid,synthetic,1
MIL-2008-0358,CODE,합성-과제코드,mid,synthetic,1
DP-2007-0305,CODE,합성-과제코드,mid,synthetic,1
SYS-2007-0567,CODE,합성-과제코드,mid,synthetic,1
TECH-2006-0503,CODE,합성-과제코드,mid,synthetic,1
DP-2011-0292,CODE,합성-과제코드,mid,synthetic,1
전투기 제어기 형상관리문서,TECH_DOC,합성-체계부품문서,high,synthetic,1
SEC-2022-0335,CODE,합성-과제코드,mid,synthetic,1
EXP-2021-0206,CODE,합성-과제코드,mid,synthetic,1
ROC-2005-0557,CODE,합성-과제코드,mid,synthetic,1
SYS-2010-0056,CODE,합성-과제코드,mid,synthetic,1
SEC-2025-0213,CODE,합성-과제코드,mid,synthetic,1
TECH-2014-0199,CODE,합성-과제코드,mid,synthetic,1
TECH-2015-0282,CODE,합성-과제코드,mid,synthetic,1
DP-2012-0244,CODE,합성-과제코드,mid,synthetic,1
ROC-2025-0414,CODE,합성-과제코드,mid,synthetic,1
SYS-2019-0206,CODE,합성-과제코드,mid,synthetic,1
PRJ-2008-0510,CODE,합성-과제코드,mid,synthetic,1
SYS-2024-0102,CODE,합성-과제코드,mid,synthetic,1
PRJ-2007-0432,CODE,합성-과제코드,mid,synthetic,1
SYS-2025-0245,CODE,합성-과제코드,mid,synthetic,1
TECH-2017-0574,CODE,합성-과제코드,mid,synthetic,1
SEC-2024-0418,CODE,합성-과제코드,mid,synthetic,1
TECH-2023-0018,CODE,합성-과제코드,mid,synthetic,1
PRJ-2026-0159,CODE,합성-과제코드,mid,synthetic,1
SEC-2011-0447,CODE,합성-과제코드,mid,synthetic,1
EXP-2008-0050,CODE,합성-과제코드,mid,synthetic,1
MIL-2025-0468,CODE,합성-과제코드,mid,synthetic,1
ROC-2025-0431,CODE,합성-과제코드,mid,synthetic,1
ROC-2019-0043,CODE,합성-과제코드,mid,synthetic,1
SYS-2006-0108,CODE,합성-과제코드,mid,synthetic,1
DP-2014-0039,CODE,합성-과제코드,mid,synthetic,1
SEC-2018-0028,CODE,합성-과제코드,mid,synthetic,1
DP-2025-0388,CODE,합성-과제코드,mid,synthetic,1
MIL-2006-0352,CODE,합성-과제코드,mid,synthetic,1
DP-2014-0252,CODE,합성-과제코드,mid,synthetic,1
ROC-2013-0435,CODE,합성-과제코드,mid,synthetic,1
SYS-2022-0281,CODE,합성-과제코드,mid,synthetic,1
DP-2024-0211,CODE,합성-과제코드,mid,synthetic,1
EXP-2022-0362,CODE,합성-과제코드,mid,synthetic,1
ROC-2016-0156,CODE,합성-과제코드,mid,synthetic,1
TECH-2025-0102,CODE,합성-과제코드,mid,synthetic,1
TECH-2011-0547,CODE,합성-과제코드,mid,synthetic,1
DP-2010-0474,CODE,합성-과제코드,mid,synthetic,1
MIL-2012-0255,CODE,합성-과제코드,mid,synthetic,1
SYS-2017-0336,CODE,합성-과제코드,mid,synthetic,1
ROC-2005-0215,CODE,합성-과제코드,mid,synthetic,1
TECH-2016-0125,CODE,합성-과제코드,mid,synthetic,1
ROC-2025-0044,CODE,합성-과제코드,mid,synthetic,1
SYS-2021-0087,CODE,합성-과제코드,mid,synthetic,1
TECH-2007-0423,CODE,합성-과제코드,mid,synthetic,1
SEC-2013-0050,CODE,합성-과제코드,mid,synthetic,1
DP-2012-0262,CODE,합성-과제코드,mid,synthetic,1
SYS-2019-0481,CODE,합성-과제코드,mid,synthetic,1
MIL-2011-0067,CODE,합성-과제코드,mid,synthetic,1
EXP-2018-0283,CODE,합성-과제코드,mid,synthetic,1
SYS-2011-0222,CODE,합성-과제코드,mid,synthetic,1
SYS-2018-0131,CODE,합성-과제코드,mid,synthetic,1
DP-2025-0057,CODE,합성-과제코드,mid,synthetic,1
TECH-2008-0229,CODE,합성-과제코드,mid,synthetic,1
SYS-2012-0173,CODE,합성-과제코드,mid,synthetic,1
PRJ-2017-0029,CODE,합성-과제코드,mid,synthetic,1
DP-2023-0304,CODE,합성-과제코드,mid,synthetic,1
EXP-2005-0117,CODE,합성-과제코드,mid,synthetic,1
TECH-2013-0394,CODE,합성-과제코드,mid,synthetic,1
SEC-2019-0184,CODE,합성-과제코드,mid,synthetic,1
TECH-2014-0597,CODE,합성-과제코드,mid,synthetic,1
TECH-2015-0106,CODE,합성-과제코드,mid,synthetic,1
DP-2020-0497,CODE,합성-과제코드,mid,synthetic,1
ROC-2006-0067,CODE,합성-과제코드,mid,synthetic,1
MIL-2017-0112,CODE,합성-과제코드,mid,synthetic,1
DP-2023-0224,CODE,합성-과제코드,mid,synthetic,1
ROC-2022-0100,CODE,합성-과제코드,mid,synthetic,1
DP-2013-0201,CODE,합성-과제코드,mid,synthetic,1
MIL-2009-0317,CODE,합성-과제코드,mid,synthetic,1
EXP-2026-0499,CODE,합성-과제코드,mid,synthetic,1
PRJ-2019-0154,CODE,합성-과제코드,mid,synthetic,1
SYS-2008-0567,CODE,합성-과제코드,mid,synthetic,1
SYS-2017-0428,CODE,합성-과제코드,mid,synthetic,1
DP-2014-0008,CODE,합성-과제코드,mid,synthetic,1
EXP-2010-0196,CODE,합성-과제코드,mid,synthetic,1
PRJ-2024-0482,CODE,합성-과제코드,mid,synthetic,1
EXP-2013-0027,CODE,합성-과제코드,mid,synthetic,1
SYS-2006-0433,CODE,합성-과제코드,mid,synthetic,1
SEC-2014-0379,CODE,합성-과제코드,mid,synthetic,1
EXP-2005-0496,CODE,합성-과제코드,mid,synthetic,1
SEC-2013-0281,CODE,합성-과제코드,mid,synthetic,1
TECH-2025-0300,CODE,합성-과제코드,mid,synthetic,1
ROC-2005-0446,CODE,합성-과제코드,mid,synthetic,1
EXP-2009-0282,CODE,합성-과제코드,mid,synthetic,1
SEC-2012-0573,CODE,합성-과제코드,mid,synthetic,1
MIL-2020-0086,CODE,합성-과제코드,mid,synthetic,1
SEC-2022-0491,CODE,합성-과제코드,mid,synthetic,1
TECH-2009-0205,CODE,합성-과제코드,mid,synthetic,1
PRJ-2006-0526,CODE,합성-과제코드,mid,synthetic,1
MIL-2016-0263,CODE,합성-과제코드,mid,synthetic,1
DP-2019-0203,CODE,합성-과제코드,mid,synthetic,1
MIL-2019-0382,CODE,합성-과제코드,mid,synthetic,1
MIL-2009-0300,CODE,합성-과제코드,mid,synthetic,1
SYS-2016-0432,CODE,합성-과제코드,mid,synthetic,1
PRJ-2025-0368,CODE,합성-과제코드,mid,synthetic,1
MIL-2005-0286,CODE,합성-과제코드,mid,synthetic,1
SYS-2019-0064,CODE,합성-과제코드,mid,synthetic,1
MIL-2006-0437,CODE,합성-과제코드,mid,synthetic,1
DP-2008-0235,CODE,합성-과제코드,mid,synthetic,1
TECH-2005-0248,CODE,합성-과제코드,mid,synthetic,1
PRJ-2011-0070,CODE,합성-과제코드,mid,synthetic,1
DP-2022-0475,CODE,합성-과제코드,mid,synthetic,1
SYS-2020-0104,CODE,합성-과제코드,mid,synthetic,1
SYS-2025-0361,CODE,합성-과제코드,mid,synthetic,1
TECH-2017-0100,CODE,합성-과제코드,mid,synthetic,1
ROC-2006-0034,CODE,합성-과제코드,mid,synthetic,1
ROC-2009-0137,CODE,합성-과제코드,mid,synthetic,1
EXP-2013-0300,CODE,합성-과제코드,mid,synthetic,1
DP-2024-0497,CODE,합성-과제코드,mid,synthetic,1
ROC-2022-0128,CODE,합성-과제코드,mid,synthetic,1
DP-2015-0397,CODE,합성-과제코드,mid,synthetic,1
DP-2019-0243,CODE,합성-과제코드,mid,synthetic,1
SYS-2012-0435,CODE,합성-과제코드,mid,synthetic,1
MIL-2008-0441,CODE,합성-과제코드,mid,synthetic,1
DP-2013-0122,CODE,합성-과제코드,mid,synthetic,1
PRJ-2025-0482,CODE,합성-과제코드,mid,synthetic,1
EXP-2016-0210,CODE,합성-과제코드,mid,synthetic,1
소나 열영상장비 성능분석자료,TECH_DOC,합성-체계부품문서,high,synthetic,1
PRJ-2018-0478,CODE,합성-과제코드,mid,synthetic,1
SYS-2023-0540,CODE,합성-과제코드,mid,synthetic,1
ROC-2011-0020,CODE,합성-과제코드,mid,synthetic,1
PRJ-2022-0166,CODE,합성-과제코드,mid,synthetic,1
추진체 통신모듈 형상관리문서,TECH_DOC,합성-체계부품문서,high,synthetic,1
DP-2013-0461,CODE,합성-과제코드,mid,synthetic,1
ROC-2005-0321,CODE,합성-과제코드,mid,synthetic,1
비밀 무인기 구동장치 소스코드,TECH_DOC,합성-체계부품문서,high,synthetic,1
SEC-2013-0492,CODE,합성-과제코드,mid,synthetic,1
DP-2025-0544,CODE,합성-과제코드,mid,synthetic,1
DP-2006-0102,CODE,합성-과제코드,mid,synthetic,1
SEC-2017-0246,CODE,합성-과제코드,mid,synthetic,1
TECH-2007-0572,CODE,합성-과제코드,mid,synthetic,1
EXP-2023-0078,CODE,합성-과제코드,mid,synthetic,1
EXP-2021-0569,CODE,합성-과제코드,mid,synthetic,1
TECH-2015-0324,CODE,합성-과제코드,mid,synthetic,1
SEC-2011-0567,CODE,합성-과제코드,mid,synthetic,1
DP-2024-0033,CODE,합성-과제코드,mid,synthetic,1
EXP-2014-0211,CODE,합성-과제코드,mid,synthetic,1
TECH-2018-0015,CODE,합성-과제코드,mid,synthetic,1
MIL-2012-0117,CODE,합성-과제코드,mid,synthetic,1
SEC-2013-0514,CODE,합성-과제코드,mid,synthetic,1
ROC-2025-0190,CODE,합성-과제코드,mid,synthetic,1
SYS-2005-0346,CODE,합성-과제코드,mid,synthetic,1
DP-2026-0344,CODE,합성-과제코드,mid,synthetic,1
PRJ-2018-0432,CODE,합성-과제코드,mid,synthetic,1
TECH-2021-0497,CODE,합성-과제코드,mid,synthetic,1
PRJ-2008-0490,CODE,합성-과제코드,mid,synthetic,1
SYS-2024-0220,CODE,합성-과제코드,mid,synthetic,1
ROC-2023-0566,CODE,합성-과제코드,mid,synthetic,1
ROC-2012-0440,CODE,합성-과제코드,mid,synthetic,1
SEC-2017-0002,CODE,합성-과제코드,mid,synthetic,1
PRJ-2025-0198,CODE,합성-과제코드,mid,synthetic,1
SEC-2026-0099,CODE,합성-과제코드,mid,synthetic,1
MIL-2012-0098,CODE,합성-과제코드,mid,synthetic,1
EXP-2019-0459,CODE,합성-과제코드,mid,synthetic,1
SEC-2017-0594,CODE,합성-과제코드,mid,synthetic,1
PRJ-2017-0169,CODE,합성-과제코드,mid,synthetic,1
EXP-2017-0479,CODE,합성-과제코드,mid,synthetic,1
PRJ-2007-0227,CODE,합성-과제코드,mid,synthetic,1
TECH-2015-0091,CODE,합성-과제코드,mid,synthetic,1
EXP-2012-0347,CODE,합성-과제코드,mid,synthetic,1
ROC-2018-0519,CODE,합성-과제코드,mid,synthetic,1
EXP-2013-0199,CODE,합성-과제코드,mid,synthetic,1
EXP-2012-0263,CODE,합성-과제코드,mid,synthetic,1
DP-2012-0141,CODE,합성-과제코드,mid,synthetic,1
TECH-2023-0448,CODE,합성-과제코드,mid,synthetic,1
MIL-2017-0528,CODE,합성-과제코드,mid,synthetic,1
EXP-2018-0139,CODE,합성-과제코드,mid,synthetic,1
SYS-2019-0160,CODE,합성-과제코드,mid,synthetic,1
DP-2025-0288,CODE,합성-과제코드,mid,synthetic,1
SYS-2011-0223,CODE,합성-과제코드,mid,synthetic,1
SYS-2013-0437,CODE,합성-과제코드,mid,synthetic,1
PRJ-2009-0351,CODE,합성-과제코드,mid,synthetic,1
DP-2009-0561,CODE,합성-과제코드,mid,synthetic,1
ROC-2026-0497,CODE,합성-과제코드,mid,synthetic,1
DP-2010-0153,CODE,합성-과제코드,mid,synthetic,1
대외비 전투기 암호모듈 소스코드,TECH_DOC,합성-체계부품문서,high,synthetic,1
EXP-2014-0485,CODE,합성-과제코드,mid,synthetic,1
SYS-2010-0432,CODE,합성-과제코드,mid,synthetic,1
DP-2009-0453,CODE,합성-과제코드,mid,synthetic,1
DP-2016-0417,CODE,합성-과제코드,mid,synthetic,1
PRJ-2010-0017,CODE,합성-과제코드,mid,synthetic,1
SYS-2022-0131,CODE,합성-과제코드,mid,synthetic,1
DP-2025-0020,CODE,합성-과제코드,mid,synthetic,1
PRJ-2005-0042,CODE,합성-과제코드,mid,synthetic,1
SEC-2007-0246,CODE,합성-과제코드,mid,synthetic,1
MIL-2007-0387,CODE,합성-과제코드,mid,synthetic,1
SYS-2011-0210,CODE,합성-과제코드,mid,synthetic,1
전술통신 제어기 설계도면,TECH_DOC,합성-체계부품문서,high,synthetic,1
TECH-2016-0047,CODE,합성-과제코드,mid,synthetic,1
SYS-2024-0075,CODE,합성-과제코드,mid,synthetic,1
SYS-2008-0335,CODE,합성-과제코드,mid,synthetic,1
PRJ-2020-0318,CODE,합성-과제코드,mid,synthetic,1
DP-2016-0169,CODE,합성-과제코드,mid,synthetic,1
ROC-2025-0399,CODE,합성-과제코드,mid,synthetic,1
TECH-2017-0465,CODE,합성-과제코드,mid,synthetic,1
MIL-2015-0573,CODE,합성-과제코드,mid,synthetic,1
PRJ-2015-0227,CODE,합성-과제코드,mid,synthetic,1
EXP-2023-0403,CODE,합성-과제코드,mid,synthetic,1
MIL-2011-0011,CODE,합성-과제코드,mid,synthetic,1
SYS-2013-0246,CODE,합성-과제코드,mid,synthetic,1
PRJ-2022-0310,CODE,합성-과제코드,mid,synthetic,1
SEC-2020-0206,CODE,합성-과제코드,mid,synthetic,1
TECH-2026-0447,CODE,합성-과제코드,mid,synthetic,1
ROC-2016-0404,CODE,합성-과제코드,mid,synthetic,1
DP-2011-0334,CODE,합성-과제코드,mid,synthetic,1
ROC-2006-0504,CODE,합성-과제코드,mid,synthetic,1
EXP-2023-0568,CODE,합성-과제코드,mid,synthetic,1
DP-2025-0117,CODE,합성-과제코드,mid,synthetic,1
SYS-2023-0084,CODE,합성-과제코드,mid,synthetic,1
MIL-2008-0043,CODE,합성-과제코드,mid,synthetic,1
DP-2013-0400,CODE,합성-과제코드,mid,synthetic,1
SYS-2010-0124,CODE,합성-과제코드,mid,synthetic,1
ROC-2007-0197,CODE,합성-과제코드,mid,synthetic,1
SYS-2021-0303,CODE,합성-과제코드,mid,synthetic,1
MIL-2023-0033,CODE,합성-과제코드,mid,synthetic,1
DP-2014-0508,CODE,합성-과제코드,mid,synthetic,1
MIL-2012-0438,CODE,합성-과제코드,mid,synthetic,1
EXP-2024-0326,CODE,합성-과제코드,mid,synthetic,1
ROC-2015-0559,CODE,합성-과제코드,mid,synthetic,1
EXP-2006-0403,CODE,합성-과제코드,mid,synthetic,1
SYS-2018-0448,CODE,합성-과제코드,mid,synthetic,1
TECH-2008-0469,CODE,합성-과제코드,mid,synthetic,1
DP-2008-0282,CODE,합성-과제코드,mid,synthetic,1
DP-2010-0476,CODE,합성-과제코드,mid,synthetic,1
EXP-2008-0525,CODE,합성-과제코드,mid,synthetic,1
MIL-2022-0131,CODE,합성-과제코드,mid,synthetic,1
EXP-2026-0336,CODE,합성-과제코드,mid,synthetic,1
PRJ-2015-0466,CODE,합성-과제코드,mid,synthetic,1
SEC-2014-0286,CODE,합성-과제코드,mid,synthetic,1
DP-2022-0129,CODE,합성-과제코드,mid,synthetic,1
TECH-2006-0542,CODE,합성-과제코드,mid,synthetic,1
ROC-2015-0583,CODE,합성-과제코드,mid,synthetic,1
PRJ-2023-0163,CODE,합성-과제코드,mid,synthetic,1
ROC-2017-0131,CODE,합성-과제코드,mid,synthetic,1
EXP-2015-0344,CODE,합성-과제코드,mid,synthetic,1
SYS-2018-0367,CODE,합성-과제코드,mid,synthetic,1
SYS-2012-0563,CODE,합성-과제코드,mid,synthetic,1
DP-2016-0029,CODE,합성-과제코드,mid,synthetic,1
EXP-2017-0438,CODE,합성-과제코드,mid,synthetic,1
MIL-2024-0435,CODE,합성-과제코드,mid,synthetic,1
MIL-2015-0545,CODE,합성-과제코드,mid,synthetic,1
SEC-2013-0176,CODE,합성-과제코드,mid,synthetic,1
EXP-2016-0584,CODE,합성-과제코드,mid,synthetic,1
DP-2015-0269,CODE,합성-과제코드,mid,synthetic,1
PRJ-2023-0372,CODE,합성-과제코드,mid,synthetic,1
EXP-2006-0586,CODE,합성-과제코드,mid,synthetic,1
PRJ-2005-0167,CODE,합성-과제코드,mid,synthetic,1
SYS-2011-0137,CODE,합성-과제코드,mid,synthetic,1
SEC-2017-0234,CODE,합성-과제코드,mid,synthetic,1
MIL-2017-0476,CODE,합성-과제코드,mid,synthetic,1
MIL-2023-0534,CODE,합성-과제코드,mid,synthetic,1
SYS-2012-0481,CODE,합성-과제코드,mid,synthetic,1
DP-2008-0270,CODE,합성-과제코드,mid,synthetic,1
TECH-2007-0089,CODE,합성-과제코드,mid,synthetic,1
MIL-2015-0593,CODE,합성-과제코드,mid,synthetic,1
SYS-2014-0582,CODE,합성-과제코드,mid,synthetic,1
TECH-2009-0329,CODE,합성-과제코드,mid,synthetic,1
PRJ-2012-0593,CODE,합성-과제코드,mid,synthetic,1
SYS-2010-0169,CODE,합성-과제코드,mid,synthetic,1
DP-2018-0479,CODE,합성-과제코드,mid,synthetic,1
TECH-2009-0477,CODE,합성-과제코드,mid,synthetic,1
PRJ-2005-0064,CODE,합성-과제코드,mid,synthetic,1
SYS-2005-0309,CODE,합성-과제코드,mid,synthetic,1
SYS-2008-0594,CODE,합성-과제코드,mid,synthetic,1
DP-2016-0085,CODE,합성-과제코드,mid,synthetic,1
SEC-2023-0449,CODE,합성-과제코드,mid,synthetic,1
DP-2018-0245,CODE,합성-과제코드,mid,synthetic,1
ROC-2019-0015,CODE,합성-과제코드,mid,synthetic,1
TECH-2013-0306,CODE,합성-과제코드,mid,synthetic,1
ROC-2020-0280,CODE,합성-과제코드,mid,synthetic,1
DP-2014-0332,CODE,합성-과제코드,mid,synthetic,1
ROC-2010-0066,CODE,합성-과제코드,mid,synthetic,1
SEC-2011-0472,CODE,합성-과제코드,mid,synthetic,1
TECH-2011-0158,CODE,합성-과제코드,mid,synthetic,1
MIL-2021-0515,CODE,합성-과제코드,mid,synthetic,1
MIL-2005-0515,CODE,합성-과제코드,mid,synthetic,1
PRJ-2015-0145,CODE,합성-과제코드,mid,synthetic,1
EXP-2010-0033,CODE,합성-과제코드,mid,synthetic,1
PRJ-2013-0152,CODE,합성-과제코드,mid,synthetic,1
EXP-2006-0137,CODE,합성-과제코드,mid,synthetic,1
DP-2007-0262,CODE,합성-과제코드,mid,synthetic,1
EXP-2010-0237,CODE,합성-과제코드,mid,synthetic,1
EXP-2019-0238,CODE,합성-과제코드,mid,synthetic,1
DP-2011-0297,CODE,합성-과제코드,mid,synthetic,1
DP-2025-0123,CODE,합성-과제코드,mid,synthetic,1
SEC-2005-0415,CODE,합성-과제코드,mid,synthetic,1
MIL-2019-0132,CODE,합성-과제코드,mid,synthetic,1
SYS-2023-0573,CODE,합성-과제코드,mid,synthetic,1
PRJ-2025-0210,CODE,합성-과제코드,mid,synthetic,1
SEC-2026-0514,CODE,합성-과제코드,mid,synthetic,1
DP-2011-0416,CODE,합성-과제코드,mid,synthetic,1
EXP-2022-0468,CODE,합성-과제코드,mid,synthetic,1
SEC-2019-0409,CODE,합성-과제코드,mid,synthetic,1
TECH-2018-0360,CODE,합성-과제코드,mid,synthetic,1
SYS-2013-0380,CODE,합성-과제코드,mid,synthetic,1
DP-2015-0450,CODE,합성-과제코드,mid,synthetic,1
MIL-2016-0172,CODE,합성-과제코드,mid,synthetic,1
ROC-2023-0215,CODE,합성-과제코드,mid,synthetic,1
EXP-2015-0455,CODE,합성-과제코드,mid,synthetic,1
SYS-2022-0419,CODE,합성-과제코드,mid,synthetic,1
SEC-2026-0040,CODE,합성-과제코드,mid,synthetic,1
ROC-2026-0112,CODE,합성-과제코드,mid,synthetic,1
DP-2022-0444,CODE,합성-과제코드,mid,synthetic,1
MIL-2022-0331,CODE,합성-과제코드,mid,synthetic,1
DP-2024-0009,CODE,합성-과제코드,mid,synthetic,1
TECH-2009-0074,CODE,합성-과제코드,mid,synthetic,1
MIL-2015-0157,CODE,합성-과제코드,mid,synthetic,1
SYS-2021-0399,CODE,합성-과제코드,mid,synthetic,1
SYS-2011-0254,CODE,합성-과제코드,mid,synthetic,1
ROC-2024-0414,CODE,합성-과제코드,mid,synthetic,1
TECH-2006-0375,CODE,합성-과제코드,mid,synthetic,1
MIL-2018-0150,CODE,합성-과제코드,mid,synthetic,1
SEC-2015-0331,CODE,합성-과제코드,mid,synthetic,1
SEC-2010-0310,CODE,합성-과제코드,mid,synthetic,1
SEC-2023-0173,CODE,합성-과제코드,mid,synthetic,1
EXP-2014-0075,CODE,합성-과제코드,mid,synthetic,1
MIL-2017-0306,CODE,합성-과제코드,mid,synthetic,1
ROC-2019-0487,CODE,합성-과제코드,mid,synthetic,1
MIL-2007-0430,CODE,합성-과제코드,mid,synthetic,1
EXP-2026-0090,CODE,합성-과제코드,mid,synthetic,1
SEC-2026-0553,CODE,합성-과제코드,mid,synthetic,1
MIL-2020-0355,CODE,합성-과제코드,mid,synthetic,1
ROC-2017-0265,CODE,합성-과제코드,mid,synthetic,1
MIL-2011-0042,CODE,합성-과제코드,mid,synthetic,1
SYS-2012-0465,CODE,합성-과제코드,mid,synthetic,1
SEC-2007-0328,CODE,합성-과제코드,mid,synthetic,1
MIL-2007-0143,CODE,합성-과제코드,mid,synthetic,1
MIL-2007-0222,CODE,합성-과제코드,mid,synthetic,1
ROC-2008-0027,CODE,합성-과제코드,mid,synthetic,1
SYS-2018-0252,CODE,합성-과제코드,mid,synthetic,1
ROC-2024-0007,CODE,합성-과제코드,mid,synthetic,1
MIL-2007-0491,CODE,합성-과제코드,mid,synthetic,1
TECH-2010-0261,CODE,합성-과제코드,mid,synthetic,1
DP-2006-0240,CODE,합성-과제코드,mid,synthetic,1
SEC-2024-0101,CODE,합성-과제코드,mid,synthetic,1
PRJ-2016-0462,CODE,합성-과제코드,mid,synthetic,1
SEC-2014-0492,CODE,합성-과제코드,mid,synthetic,1
PRJ-2015-0009,CODE,합성-과제코드,mid,synthetic,1
PRJ-2018-0428,CODE,합성-과제코드,mid,synthetic,1
SYS-2018-0376,CODE,합성-과제코드,mid,synthetic,1
DP-2015-0083,CODE,합성-과제코드,mid,synthetic,1
MIL-2024-0492,CODE,합성-과제코드,mid,synthetic,1
MIL-2014-0315,CODE,합성-과제코드,mid,synthetic,1
DP-2010-0422,CODE,합성-과제코드,mid,synthetic,1
EXP-2006-0346,CODE,합성-과제코드,mid,synthetic,1
SEC-2008-0487,CODE,합성-과제코드,mid,synthetic,1
TECH-2019-0583,CODE,합성-과제코드,mid,synthetic,1
SYS-2025-0183,CODE,합성-과제코드,mid,synthetic,1
비밀 자주포 추진기관 성능분석자료,TECH_DOC,합성-체계부품문서,high,synthetic,1
SEC-2011-0239,CODE,합성-과제코드,mid,synthetic,1
SYS-2023-0050,CODE,합성-과제코드,mid,synthetic,1
PRJ-2026-0353,CODE,합성-과제코드,mid,synthetic,1
SEC-2005-0493,CODE,합성-과제코드,mid,synthetic,1
PRJ-2006-0074,CODE,합성-과제코드,mid,synthetic,1
SYS-2006-0239,CODE,합성-과제코드,mid,synthetic,1
DP-2014-0589,CODE,합성-과제코드,mid,synthetic,1
SYS-2015-0429,CODE,합성-과제코드,mid,synthetic,1
EXP-2025-0570,CODE,합성-과제코드,mid,synthetic,1
SEC-2025-0501,CODE,합성-과제코드,mid,synthetic,1
DP-2008-0028,CODE,합성-과제코드,mid,synthetic,1
PRJ-2018-0563,CODE,합성-과제코드,mid,synthetic,1
TECH-2010-0526,CODE,합성-과제코드,mid,synthetic,1
PRJ-2021-0078,CODE,합성-과제코드,mid,synthetic,1
EXP-2021-0053,CODE,합성-과제코드,mid,synthetic,1
MIL-2014-0263,CODE,합성-과제코드,mid,synthetic,1
ROC-2025-0084,CODE,합성-과제코드,mid,synthetic,1
SYS-2009-0195,CODE,합성-과제코드,mid,synthetic,1
MIL-2012-0013,CODE,합성-과제코드,mid,synthetic,1
위성 시뮬레이터 설계도면,TECH_DOC,합성-체계부품문서,high,synthetic,1
MIL-2010-0273,CODE,합성-과제코드,mid,synthetic,1
MIL-2011-0050,CODE,합성-과제코드,mid,synthetic,1
PRJ-2019-0315,CODE,합성-과제코드,mid,synthetic,1
ROC-2008-0105,CODE,합성-과제코드,mid,synthetic,1
SYS-2014-0067,CODE,합성-과제코드,mid,synthetic,1
ROC-2017-0508,CODE,합성-과제코드,mid,synthetic,1
ROC-2005-0030,CODE,합성-과제코드,mid,synthetic,1
EXP-2019-0290,CODE,합성-과제코드,mid,synthetic,1
TECH-2014-0368,CODE,합성-과제코드,mid,synthetic,1
PRJ-2020-0230,CODE,합성-과제코드,mid,synthetic,1
EXP-2025-0540,CODE,합성-과제코드,mid,synthetic,1
ROC-2007-0178,CODE,합성-과제코드,mid,synthetic,1
DP-2007-0434,CODE,합성-과제코드,mid,synthetic,1
EXP-2018-0583,CODE,합성-과제코드,mid,synthetic,1
SEC-2017-0507,CODE,합성-과제코드,mid,synthetic,1
SEC-2024-0256,CODE,합성-과제코드,mid,synthetic,1
EXP-2005-0430,CODE,합성-과제코드,mid,synthetic,1
EXP-2025-0023,CODE,합성-과제코드,mid,synthetic,1
MIL-2014-0346,CODE,합성-과제코드,mid,synthetic,1
ROC-2024-0556,CODE,합성-과제코드,mid,synthetic,1
SYS-2009-0517,CODE,합성-과제코드,mid,synthetic,1
DP-2019-0316,CODE,합성-과제코드,mid,synthetic,1
ROC-2008-0462,CODE,합성-과제코드,mid,synthetic,1
SYS-2010-0467,CODE,합성-과제코드,mid,synthetic,1
SEC-2012-0480,CODE,합성-과제코드,mid,synthetic,1
EXP-2020-0522,CODE,합성-과제코드,mid,synthetic,1
MIL-2006-0130,CODE,합성-과제코드,mid,synthetic,1
SYS-2024-0577,CODE,합성-과제코드,mid,synthetic,1
SEC-2026-0442,CODE,합성-과제코드,mid,synthetic,1
EXP-2010-0090,CODE,합성-과제코드,mid,synthetic,1
SEC-2021-0146,CODE,합성-과제코드,mid,synthetic,1
TECH-2006-0509,CODE,합성-과제코드,mid,synthetic,1
EXP-2005-0085,CODE,합성-과제코드,mid,synthetic,1
SYS-2013-0344,CODE,합성-과제코드,mid,synthetic,1
PRJ-2014-0313,CODE,합성-과제코드,mid,synthetic,1
DP-2005-0064,CODE,합성-과제코드,mid,synthetic,1
MIL-2011-0482,CODE,합성-과제코드,mid,synthetic,1
PRJ-2008-0062,CODE,합성-과제코드,mid,synthetic,1
DP-2020-0031,CODE,합성-과제코드,mid,synthetic,1
ROC-2016-0173,CODE,합성-과제코드,mid,synthetic,1
SEC-2005-0537,CODE,합성-과제코드,mid,synthetic,1
ROC-2019-0093,CODE,합성-과제코드,mid,synthetic,1
PRJ-2014-0474,CODE,합성-과제코드,mid,synthetic,1
ROC-2015-0453,CODE,합성-과제코드,mid,synthetic,1
DP-2026-0165,CODE,합성-과제코드,mid,synthetic,1
ROC-2018-0043,CODE,합성-과제코드,mid,synthetic,1
비밀 함정 제어기 시험성적서,TECH_DOC,합성-체계부품문서,high,synthetic,1
DP-2007-0218,CODE,합성-과제코드,mid,synthetic,1
TECH-2011-0132,CODE,합성-과제코드,mid,synthetic,1
EXP-2010-0585,CODE,합성-과제코드,mid,synthetic,1
PRJ-2005-0523,CODE,합성-과제코드,mid,synthetic,1
PRJ-2024-0567,CODE,합성-과제코드,mid,synthetic,1
TECH-2019-0496,CODE,합성-과제코드,mid,synthetic,1
ROC-2008-0543,CODE,합성-과제코드,mid,synthetic,1
SYS-2005-0292,CODE,합성-과제코드,mid,synthetic,1
PRJ-2025-0246,CODE,합성-과제코드,mid,synthetic,1
PRJ-2008-0538,CODE,합성-과제코드,mid,synthetic,1
EXP-2011-0124,CODE,합성-과제코드,mid,synthetic,1
ROC-2012-0492,CODE,합성-과제코드,mid,synthetic,1
EXP-2015-0304,CODE,합성-과제코드,mid,synthetic,1
EXP-2013-0349,CODE,합성-과제코드,mid,synthetic,1
PRJ-2024-0291,CODE,합성-과제코드,mid,synthetic,1
PRJ-2022-0240,CODE,합성-과제코드,mid,synthetic,1
SEC-2022-0156,CODE,합성-과제코드,mid,synthetic,1
EXP-2018-0586,CODE,합성-과제코드,mid,synthetic,1
SEC-2012-0241,CODE,합성-과제코드,mid,synthetic,1
TECH-2020-0593,CODE,합성-과제코드,mid,synthetic,1
TECH-2026-0221,CODE,합성-과제코드,mid,synthetic,1
ROC-2021-0327,CODE,합성-과제코드,mid,synthetic,1
SYS-2021-0575,CODE,합성-과제코드,mid,synthetic,1
SYS-2024-0509,CODE,합성-과제코드,mid,synthetic,1
MIL-2007-0137,CODE,합성-과제코드,mid,synthetic,1
PRJ-2011-0561,CODE,합성-과제코드,mid,synthetic,1
PRJ-2025-0166,CODE,합성-과제코드,mid,synthetic,1
레이더 추진기관 시험성적서,TECH_DOC,합성-체계부품문서,high,synthetic,1
SYS-2022-0288,CODE,합성-과제코드,mid,synthetic,1
SEC-2022-0196,CODE,합성-과제코드,mid,synthetic,1
DP-2013-0095,CODE,합성-과제코드,mid,synthetic,1
MIL-2010-0078,CODE,합성-과제코드,mid,synthetic,1
ROC-2014-0425,CODE,합성-과제코드,mid,synthetic,1
EXP-2011-0451,CODE,합성-과제코드,mid,synthetic,1
DP-2011-0111,CODE,합성-과제코드,mid,synthetic,1
SYS-2007-0144,CODE,합성-과제코드,mid,synthetic,1
TECH-2023-0528,CODE,합성-과제코드,mid,synthetic,1
DP-2018-0149,CODE,합성-과제코드,mid,synthetic,1
PRJ-2019-0477,CODE,합성-과제코드,mid,synthetic,1
ROC-2018-0123,CODE,합성-과제코드,mid,synthetic,1
DP-2005-0055,CODE,합성-과제코드,mid,synthetic,1
ROC-2005-0437,CODE,합성-과제코드,mid,synthetic,1
DP-2017-0498,CODE,합성-과제코드,mid,synthetic,1
ROC-2007-0361,CODE,합성-과제코드,mid,synthetic,1
SYS-2020-0353,CODE,합성-과제코드,mid,synthetic,1
SYS-2010-0599,CODE,합성-과제코드,mid,synthetic,1
ROC-2018-0186,CODE,합성-과제코드,mid,synthetic,1
DP-2009-0426,CODE,합성-과제코드,mid,synthetic,1
DP-2021-0275,CODE,합성-과제코드,mid,synthetic,1
SEC-2024-0440,CODE,합성-과제코드,mid,synthetic,1
MIL-2023-0561,CODE,합성-과제코드,mid,synthetic,1
ROC-2012-0353,CODE,합성-과제코드,mid,synthetic,1
EXP-2018-0226,CODE,합성-과제코드,mid,synthetic,1
ROC-2012-0318,CODE,합성-과제코드,mid,synthetic,1
SEC-2010-0299,CODE,합성-과제코드,mid,synthetic,1
SEC-2024-0577,CODE,합성-과제코드,mid,synthetic,1
EXP-2009-0567,CODE,합성-과제코드,mid,synthetic,1
DP-2022-0522,CODE,합성-과제코드,mid,synthetic,1
PRJ-2007-0462,CODE,합성-과제코드,mid,synthetic,1
PRJ-2024-0436,CODE,합성-과제코드,mid,synthetic,1
PRJ-2025-0387,CODE,합성-과제코드,mid,synthetic,1
ROC-2008-0370,CODE,합성-과제코드,mid,synthetic,1
PRJ-2024-0426,CODE,합성-과제코드,mid,synthetic,1
PRJ-2008-0395,CODE,합성-과제코드,mid,synthetic,1
MIL-2022-0290,CODE,합성-과제코드,mid,synthetic,1
DP-2009-0282,CODE,합성-과제코드,mid,synthetic,1
TECH-2005-0056,CODE,합성-과제코드,mid,synthetic,1
SEC-2010-0480,CODE,합성-과제코드,mid,synthetic,1
SYS-2011-0509,CODE,합성-과제코드,mid,synthetic,1
EXP-2010-0352,CODE,합성-과제코드,mid,synthetic,1
TECH-2008-0360,CODE,합성-과제코드,mid,synthetic,1
ROC-2019-0354,CODE,합성-과제코드,mid,synthetic,1
MIL-2017-0502,CODE,합성-과제코드,mid,synthetic,1
MIL-2023-0271,CODE,합성-과제코드,mid,synthetic,1
TECH-2008-0434,CODE,합성-과제코드,mid,synthetic,1
DP-2014-0313,CODE,합성-과제코드,mid,synthetic,1
ROC-2007-0299,CODE,합성-과제코드,mid,synthetic,1
ROC-2018-0279,CODE,합성-과제코드,mid,synthetic,1
ROC-2005-0455,CODE,합성-과제코드,mid,synthetic,1
DP-2010-0352,CODE,합성-과제코드,mid,synthetic,1
PRJ-2009-0126,CODE,합성-과제코드,mid,synthetic,1
SEC-2007-0108,CODE,합성-과제코드,mid,synthetic,1
TECH-2008-0042,CODE,합성-과제코드,mid,synthetic,1
PRJ-2010-0570,CODE,합성-과제코드,mid,synthetic,1
PRJ-2011-0019,CODE,합성-과제코드,mid,synthetic,1
EXP-2025-0076,CODE,합성-과제코드,mid,synthetic,1
EXP-2017-0187,CODE,합성-과제코드,mid,synthetic,1
MIL-2024-0359,CODE,합성-과제코드,mid,synthetic,1
EXP-2010-0421,CODE,합성-과제코드,mid,synthetic,1
DP-2019-0306,CODE,합성-과제코드,mid,synthetic,1
EXP-2016-0266,CODE,합성-과제코드,mid,synthetic,1
PRJ-2016-0163,CODE,합성-과제코드,mid,synthetic,1
DP-2009-0160,CODE,합성-과제코드,mid,synthetic,1
DP-2022-0015,CODE,합성-과제코드,mid,synthetic,1
SEC-2012-0278,CODE,합성-과제코드,mid,synthetic,1
DP-2005-0448,CODE,합성-과제코드,mid,synthetic,1
TECH-2017-0195,CODE,합성-과제코드,mid,synthetic,1
PRJ-2020-0282,CODE,합성-과제코드,mid,synthetic,1
SYS-2019-0581,CODE,합성-과제코드,mid,synthetic,1
EXP-2009-0044,CODE,합성-과제코드,mid,synthetic,1
PRJ-2009-0060,CODE,합성-과제코드,mid,synthetic,1
DP-2023-0245,CODE,합성-과제코드,mid,synthetic,1
TECH-2015-0222,CODE,합성-과제코드,mid,synthetic,1
EXP-2016-0032,CODE,합성-과제코드,mid,synthetic,1
ROC-2009-0118,CODE,합성-과제코드,mid,synthetic,1
SEC-2026-0548,CODE,합성-과제코드,mid,synthetic,1
DP-2020-0286,CODE,합성-과제코드,mid,synthetic,1
TECH-2026-0429,CODE,합성-과제코드,mid,synthetic,1
DP-2026-0480,CODE,합성-과제코드,mid,synthetic,1
PRJ-2026-0240,CODE,합성-과제코드,mid,synthetic,1
DP-2025-0196,CODE,합성-과제코드,mid,synthetic,1
EXP-2010-0121,CODE,합성-과제코드,mid,synthetic,1
SEC-2012-0582,CODE,합성-과제코드,mid,synthetic,1
SYS-2016-0021,CODE,합성-과제코드,mid,synthetic,1
SEC-2024-0283,CODE,합성-과제코드,mid,synthetic,1
TECH-2025-0205,CODE,합성-과제코드,mid,synthetic,1
SYS-2024-0029,CODE,합성-과제코드,mid,synthetic,1
PRJ-2007-0400,CODE,합성-과제코드,mid,synthetic,1
TECH-2026-0505,CODE,합성-과제코드,mid,synthetic,1
PRJ-2019-0307,CODE,합성-과제코드,mid,synthetic,1
EXP-2026-0364,CODE,합성-과제코드,mid,synthetic,1
SEC-2026-0467,CODE,합성-과제코드,mid,synthetic,1
SYS-2009-0049,CODE,합성-과제코드,mid,synthetic,1
DP-2021-0264,CODE,합성-과제코드,mid,synthetic,1
SEC-2007-0306,CODE,합성-과제코드,mid,synthetic,1
PRJ-2016-0070,CODE,합성-과제코드,mid,synthetic,1
SEC-2024-0526,CODE,합성-과제코드,mid,synthetic,1
DP-2026-0132,CODE,합성-과제코드,mid,synthetic,1
DP-2019-0363,CODE,합성-과제코드,mid,synthetic,1
PRJ-2014-0207,CODE,합성-과제코드,mid,synthetic,1
SYS-2006-0340,CODE,합성-과제코드,mid,synthetic,1
SYS-2015-0333,CODE,합성-과제코드,mid,synthetic,1
PRJ-2018-0067,CODE,합성-과제코드,mid,synthetic,1
SYS-2012-0054,CODE,합성-과제코드,mid,synthetic,1
ROC-2025-0400,CODE,합성-과제코드,mid,synthetic,1
SYS-2015-0081,CODE,합성-과제코드,mid,synthetic,1
PRJ-2023-0350,CODE,합성-과제코드,mid,synthetic,1
SYS-2019-0232,CODE,합성-과제코드,mid,synthetic,1
ROC-2015-0301,CODE,합성-과제코드,mid,synthetic,1
PRJ-2011-0114,CODE,합성-과제코드,mid,synthetic,1
유도무기 냉각장치 제조사양서,TECH_DOC,합성-체계부품문서,high,synthetic,1
EXP-2013-0309,CODE,합성-과제코드,mid,synthetic,1
PRJ-2018-0596,CODE,합성-과제코드,mid,synthetic,1
SEC-2020-0111,CODE,합성-과제코드,mid,synthetic,1
MIL-2013-0223,CODE,합성-과제코드,mid,synthetic,1
TECH-2006-0022,CODE,합성-과제코드,mid,synthetic,1
TECH-2006-0444,CODE,합성-과제코드,mid,synthetic,1
EXP-2022-0481,CODE,합성-과제코드,mid,synthetic,1
자주포 구동장치 구매규격서,TECH_DOC,합성-체계부품문서,high,synthetic,1
SEC-2005-0048,CODE,합성-과제코드,mid,synthetic,1
SYS-2022-0033,CODE,합성-과제코드,mid,synthetic,1
ROC-2023-0136,CODE,합성-과제코드,mid,synthetic,1
MIL-2018-0112,CODE,합성-과제코드,mid,synthetic,1
EXP-2024-0074,CODE,합성-과제코드,mid,synthetic,1
PRJ-2014-0216,CODE,합성-과제코드,mid,synthetic,1
ROC-2005-0327,CODE,합성-과제코드,mid,synthetic,1
ROC-2015-0144,CODE,합성-과제코드,mid,synthetic,1
PRJ-2022-0574,CODE,합성-과제코드,mid,synthetic,1
SEC-2018-0183,CODE,합성-과제코드,mid,synthetic,1
ROC-2017-0056,CODE,합성-과제코드,mid,synthetic,1
PRJ-2018-0141,CODE,합성-과제코드,mid,synthetic,1
SEC-2016-0580,CODE,합성-과제코드,mid,synthetic,1
MIL-2019-0501,CODE,합성-과제코드,mid,synthetic,1
TECH-2022-0584,CODE,합성-과제코드,mid,synthetic,1
DP-2014-0401,CODE,합성-과제코드,mid,synthetic,1
DP-2018-0358,CODE,합성-과제코드,mid,synthetic,1
DP-2010-0169,CODE,합성-과제코드,mid,synthetic,1
EXP-2022-0408,CODE,합성-과제코드,mid,synthetic,1
SYS-2010-0447,CODE,합성-과제코드,mid,synthetic,1
SEC-2019-0151,CODE,합성-과제코드,mid,synthetic,1
DP-2025-0238,CODE,합성-과제코드,mid,synthetic,1
MIL-2014-0344,CODE,합성-과제코드,mid,synthetic,1
SEC-2008-0386,CODE,합성-과제코드,mid,synthetic,1
DP-2018-0492,CODE,합성-과제코드,mid,synthetic,1
MIL-2013-0449,CODE,합성-과제코드,mid,synthetic,1
SYS-2007-0510,CODE,합성-과제코드,mid,synthetic,1
DP-2008-0205,CODE,합성-과제코드,mid,synthetic,1
TECH-2015-0531,CODE,합성-과제코드,mid,synthetic,1
EXP-2006-0051,CODE,합성-과제코드,mid,synthetic,1
SYS-2012-0591,CODE,합성-과제코드,mid,synthetic,1
ROC-2010-0380,CODE,합성-과제코드,mid,synthetic,1
MIL-2009-0549,CODE,합성-과제코드,mid,synthetic,1
ROC-2006-0044,CODE,합성-과제코드,mid,synthetic,1
MIL-2014-0467,CODE,합성-과제코드,mid,synthetic,1
MIL-2021-0398,CODE,합성-과제코드,mid,synthetic,1
DP-2014-0554,CODE,합성-과제코드,mid,synthetic,1
TECH-2015-0033,CODE,합성-과제코드,mid,synthetic,1
MIL-2010-0209,CODE,합성-과제코드,mid,synthetic,1
SYS-2008-0191,CODE,합성-과제코드,mid,synthetic,1
ROC-2014-0181,CODE,합성-과제코드,mid,synthetic,1
EXP-2009-0020,CODE,합성-과제코드,mid,synthetic,1
MIL-2018-0446,CODE,합성-과제코드,mid,synthetic,1
SEC-2009-0415,CODE,합성-과제코드,mid,synthetic,1
EXP-2014-0200,CODE,합성-과제코드,mid,synthetic,1
PRJ-2024-0050,CODE,합성-과제코드,mid,synthetic,1
MIL-2024-0049,CODE,합성-과제코드,mid,synthetic,1
SEC-2015-0438,CODE,합성-과제코드,mid,synthetic,1
ROC-2008-0272,CODE,합성-과제코드,mid,synthetic,1
TECH-2006-0207,CODE,합성-과제코드,mid,synthetic,1
ROC-2024-0484,CODE,합성-과제코드,mid,synthetic,1
SYS-2016-0127,CODE,합성-과제코드,mid,synthetic,1
SEC-2014-0061,CODE,합성-과제코드,mid,synthetic,1
EXP-2006-0115,CODE,합성-과제코드,mid,synthetic,1
EXP-2016-0020,CODE,합성-과제코드,mid,synthetic,1
ROC-2026-0372,CODE,합성-과제코드,mid,synthetic,1
DP-2013-0132,CODE,합성-과제코드,mid,synthetic,1
DP-2021-0218,CODE,합성-과제코드,mid,synthetic,1
TECH-2015-0015,CODE,합성-과제코드,mid,synthetic,1
TECH-2021-0104,CODE,합성-과제코드,mid,synthetic,1
TECH-2020-0472,CODE,합성-과제코드,mid,synthetic,1
비밀 헬기 추진기관 제조사양서,TECH_DOC,합성-체계부품문서,high,synthetic,1
ROC-2013-0213,CODE,합성-과제코드,mid,synthetic,1
SEC-2006-0058,CODE,합성-과제코드,mid,synthetic,1
EXP-2008-0498,CODE,합성-과제코드,mid,synthetic,1
ROC-2019-0180,CODE,합성-과제코드,mid,synthetic,1
SYS-2014-0296,CODE,합성-과제코드,mid,synthetic,1
DP-2024-0215,CODE,합성-과제코드,mid,synthetic,1
EXP-2018-0507,CODE,합성-과제코드,mid,synthetic,1
EXP-2011-0364,CODE,합성-과제코드,mid,synthetic,1
EXP-2007-0249,CODE,합성-과제코드,mid,synthetic,1
ROC-2022-0410,CODE,합성-과제코드,mid,synthetic,1
ROC-2005-0517,CODE,합성-과제코드,mid,synthetic,1
위성 펌웨어 소스코드,TECH_DOC,합성-체계부품문서,high,synthetic,1
PRJ-2008-0386,CODE,합성-과제코드,mid,synthetic,1
SYS-2018-0587,CODE,합성-과제코드,mid,synthetic,1
EXP-2005-0107,CODE,합성-과제코드,mid,synthetic,1
MIL-2023-0444,CODE,합성-과제코드,mid,synthetic,1
MIL-2013-0499,CODE,합성-과제코드,mid,synthetic,1
SYS-2005-0035,CODE,합성-과제코드,mid,synthetic,1
DP-2008-0430,CODE,합성-과제코드,mid,synthetic,1
비밀 헬기 안테나 공정도,TECH_DOC,합성-체계부품문서,high,synthetic,1
TECH-2008-0178,CODE,합성-과제코드,mid,synthetic,1
SYS-2022-0286,CODE,합성-과제코드,mid,synthetic,1
EXP-2021-0492,CODE,합성-과제코드,mid,synthetic,1
SEC-2018-0366,CODE,합성-과제코드,mid,synthetic,1
PRJ-2019-0251,CODE,합성-과제코드,mid,synthetic,1
EXP-2018-0318,CODE,합성-과제코드,mid,synthetic,1
ROC-2010-0579,CODE,합성-과제코드,mid,synthetic,1
DP-2009-0050,CODE,합성-과제코드,mid,synthetic,1
PRJ-2018-0250,CODE,합성-과제코드,mid,synthetic,1
TECH-2012-0493,CODE,합성-과제코드,mid,synthetic,1
SYS-2013-0116,CODE,합성-과제코드,mid,synthetic,1
SYS-2013-0275,CODE,합성-과제코드,mid,synthetic,1
TECH-2015-0165,CODE,합성-과제코드,mid,synthetic,1
ROC-2025-0507,CODE,합성-과제코드,mid,synthetic,1
ROC-2014-0557,CODE,합성-과제코드,mid,synthetic,1
SEC-2020-0046,CODE,합성-과제코드,mid,synthetic,1
EXP-2007-0082,CODE,합성-과제코드,mid,synthetic,1
EXP-2007-0419,CODE,합성-과제코드,mid,synthetic,1
PRJ-2022-0127,CODE,합성-과제코드,mid,synthetic,1
PRJ-2006-0239,CODE,합성-과제코드,mid,synthetic,1
TECH-2016-0199,CODE,합성-과제코드,mid,synthetic,1
SEC-2025-0190,CODE,합성-과제코드,mid,synthetic,1
SEC-2016-0432,CODE,합성-과제코드,mid,synthetic,1
MIL-2017-0488,CODE,합성-과제코드,mid,synthetic,1
SYS-2015-0541,CODE,합성-과제코드,mid,synthetic,1
MIL-2009-0543,CODE,합성-과제코드,mid,synthetic,1
MIL-2009-0068,CODE,합성-과제코드,mid,synthetic,1
MIL-2021-0129,CODE,합성-과제코드,mid,synthetic,1
DP-2026-0295,CODE,합성-과제코드,mid,synthetic,1
SYS-2013-0495,CODE,합성-과제코드,mid,synthetic,1
DP-2009-0113,CODE,합성-과제코드,mid,synthetic,1
ROC-2014-0098,CODE,합성-과제코드,mid,synthetic,1
PRJ-2017-0058,CODE,합성-과제코드,mid,synthetic,1
SEC-2011-0377,CODE,합성-과제코드,mid,synthetic,1
PRJ-2007-0326,CODE,합성-과제코드,mid,synthetic,1
SEC-2022-0124,CODE,합성-과제코드,mid,synthetic,1
ROC-2009-0129,CODE,합성-과제코드,mid,synthetic,1
DP-2025-0173,CODE,합성-과제코드,mid,synthetic,1
DP-2011-0318,CODE,합성-과제코드,mid,synthetic,1
MIL-2024-0581,CODE,합성-과제코드,mid,synthetic,1
ROC-2021-0193,CODE,합성-과제코드,mid,synthetic,1
TECH-2024-0030,CODE,합성-과제코드,mid,synthetic,1
SEC-2021-0032,CODE,합성-과제코드,mid,synthetic,1
TECH-2021-0412,CODE,합성-과제코드,mid,synthetic,1
ROC-2007-0353,CODE,합성-과제코드,mid,synthetic,1
ROC-2025-0589,CODE,합성-과제코드,mid,synthetic,1
ROC-2024-0444,CODE,합성-과제코드,mid,synthetic,1
ROC-2026-0027,CODE,합성-과제코드,mid,synthetic,1
ROC-2014-0060,CODE,합성-과제코드,mid,synthetic,1
DP-2014-0208,CODE,합성-과제코드,mid,synthetic,1
PRJ-2007-0480,CODE,합성-과제코드,mid,synthetic,1
ROC-2011-0434,CODE,합성-과제코드,mid,synthetic,1
SYS-2008-0575,CODE,합성-과제코드,mid,synthetic,1
ROC-2019-0505,CODE,합성-과제코드,mid,synthetic,1
MIL-2022-0242,CODE,합성-과제코드,mid,synthetic,1
PRJ-2005-0160,CODE,합성-과제코드,mid,synthetic,1
ROC-2013-0027,CODE,합성-과제코드,mid,synthetic,1
TECH-2012-0114,CODE,합성-과제코드,mid,synthetic,1
TECH-2023-0464,CODE,합성-과제코드,mid,synthetic,1
PRJ-2015-0453,CODE,합성-과제코드,mid,synthetic,1
비밀 위성 통신모듈 형상관리문서,TECH_DOC,합성-체계부품문서,high,synthetic,1
SEC-2022-0092,CODE,합성-과제코드,mid,synthetic,1
TECH-2021-0417,CODE,합성-과제코드,mid,synthetic,1
SYS-2021-0012,CODE,합성-과제코드,mid,synthetic,1
DP-2023-0151,CODE,합성-과제코드,mid,synthetic,1
ROC-2026-0419,CODE,합성-과제코드,mid,synthetic,1
PRJ-2012-0076,CODE,합성-과제코드,mid,synthetic,1
PRJ-2009-0321,CODE,합성-과제코드,mid,synthetic,1
EXP-2008-0330,CODE,합성-과제코드,mid,synthetic,1
SEC-2013-0012,CODE,합성-과제코드,mid,synthetic,1
EXP-2021-0207,CODE,합성-과제코드,mid,synthetic,1
TECH-2011-0177,CODE,합성-과제코드,mid,synthetic,1
ROC-2011-0367,CODE,합성-과제코드,mid,synthetic,1
TECH-2009-0269,CODE,합성-과제코드,mid,synthetic,1
TECH-2025-0425,CODE,합성-과제코드,mid,synthetic,1
ROC-2026-0511,CODE,합성-과제코드,mid,synthetic,1
TECH-2008-0078,CODE,합성-과제코드,mid,synthetic,1
DP-2006-0189,CODE,합성-과제코드,mid,synthetic,1
소나 펌웨어 개발계획서,TECH_DOC,합성-체계부품문서,high,synthetic,1
PRJ-2006-0070,CODE,합성-과제코드,mid,synthetic,1
SEC-2020-0297,CODE,합성-과제코드,mid,synthetic,1
SYS-2025-0215,CODE,합성-과제코드,mid,synthetic,1
PRJ-2025-0314,CODE,합성-과제코드,mid,synthetic,1
ROC-2008-0500,CODE,합성-과제코드,mid,synthetic,1
ROC-2005-0436,CODE,합성-과제코드,mid,synthetic,1
EXP-2015-0078,CODE,합성-과제코드,mid,synthetic,1
SYS-2024-0520,CODE,합성-과제코드,mid,synthetic,1
MIL-2013-0016,CODE,합성-과제코드,mid,synthetic,1
SYS-2018-0135,CODE,합성-과제코드,mid,synthetic,1
ROC-2015-0103,CODE,합성-과제코드,mid,synthetic,1
PRJ-2005-0056,CODE,합성-과제코드,mid,synthetic,1
SYS-2012-0125,CODE,합성-과제코드,mid,synthetic,1
TECH-2025-0034,CODE,합성-과제코드,mid,synthetic,1
SEC-2007-0237,CODE,합성-과제코드,mid,synthetic,1
SEC-2021-0501,CODE,합성-과제코드,mid,synthetic,1
SYS-2022-0331,CODE,합성-과제코드,mid,synthetic,1
DP-2014-0419,CODE,합성-과제코드,mid,synthetic,1
SEC-2021-0580,CODE,합성-과제코드,mid,synthetic,1
MIL-2007-0409,CODE,합성-과제코드,mid,synthetic,1
DP-2017-0321,CODE,합성-과제코드,mid,synthetic,1
TECH-2024-0555,CODE,합성-과제코드,mid,synthetic,1
TECH-2006-0595,CODE,합성-과제코드,mid,synthetic,1
TECH-2016-0266,CODE,합성-과제코드,mid,synthetic,1
MIL-2007-0167,CODE,합성-과제코드,mid,synthetic,1
PRJ-2010-0532,CODE,합성-과제코드,mid,synthetic,1
TECH-2011-0317,CODE,합성-과제코드,mid,synthetic,1
MIL-2009-0461,CODE,합성-과제코드,mid,synthetic,1
MIL-2011-0225,CODE,합성-과제코드,mid,synthetic,1
MIL-2024-0275,CODE,합성-과제코드,mid,synthetic,1
ROC-2026-0538,CODE,합성-과제코드,mid,synthetic,1
TECH-2006-0373,CODE,합성-과제코드,mid,synthetic,1
ROC-2019-0352,CODE,합성-과제코드,mid,synthetic,1
ROC-2025-0041,CODE,합성-과제코드,mid,synthetic,1
ROC-2022-0084,CODE,합성-과제코드,mid,synthetic,1
EXP-2010-0467,CODE,합성-과제코드,mid,synthetic,1
TECH-2013-0070,CODE,합성-과제코드,mid,synthetic,1
DP-2006-0073,CODE,합성-과제코드,mid,synthetic,1
TECH-2020-0538,CODE,합성-과제코드,mid,synthetic,1
SYS-2005-0513,CODE,합성-과제코드,mid,synthetic,1
SEC-2017-0046,CODE,합성-과제코드,mid,synthetic,1
DP-2024-0277,CODE,합성-과제코드,mid,synthetic,1
MIL-2019-0069,CODE,합성-과제코드,mid,synthetic,1
TECH-2014-0568,CODE,합성-과제코드,mid,synthetic,1
DP-2014-0399,CODE,합성-과제코드,mid,synthetic,1
DP-2019-0319,CODE,합성-과제코드,mid,synthetic,1
MIL-2009-0546,CODE,합성-과제코드,mid,synthetic,1
DP-2005-0044,CODE,합성-과제코드,mid,synthetic,1
지휘통제 관성항법장치 개발계획서,TECH_DOC,합성-체계부품문서,high,synthetic,1
PRJ-2009-0159,CODE,합성-과제코드,mid,synthetic,1
DP-2014-0288,CODE,합성-과제코드,mid,synthetic,1
SEC-2011-0165,CODE,합성-과제코드,mid,synthetic,1
EXP-2013-0318,CODE,합성-과제코드,mid,synthetic,1
MIL-2026-0444,CODE,합성-과제코드,mid,synthetic,1
MIL-2005-0165,CODE,합성-과제코드,mid,synthetic,1
SYS-2026-0420,CODE,합성-과제코드,mid,synthetic,1
DP-2011-0267,CODE,합성-과제코드,mid,synthetic,1
TECH-2023-0146,CODE,합성-과제코드,mid,synthetic,1
MIL-2012-0405,CODE,합성-과제코드,mid,synthetic,1
MIL-2006-0433,CODE,합성-과제코드,mid,synthetic,1
PRJ-2020-0050,CODE,합성-과제코드,mid,synthetic,1
DP-2010-0049,CODE,합성-과제코드,mid,synthetic,1
MIL-2019-0580,CODE,합성-과제코드,mid,synthetic,1
TECH-2014-0474,CODE,합성-과제코드,mid,synthetic,1
ROC-2011-0461,CODE,합성-과제코드,mid,synthetic,1
DP-2026-0596,CODE,합성-과제코드,mid,synthetic,1
ROC-2005-0499,CODE,합성-과제코드,mid,synthetic,1
MIL-2011-0445,CODE,합성-과제코드,mid,synthetic,1
SYS-2007-0227,CODE,합성-과제코드,mid,synthetic,1
SYS-2021-0013,CODE,합성-과제코드,mid,synthetic,1
TECH-2012-0380,CODE,합성-과제코드,mid,synthetic,1
TECH-2014-0113,CODE,합성-과제코드,mid,synthetic,1
DP-2016-0459,CODE,합성-과제코드,mid,synthetic,1
SYS-2009-0183,CODE,합성-과제코드,mid,synthetic,1
SYS-2016-0118,CODE,합성-과제코드,mid,synthetic,1
EXP-2007-0067,CODE,합성-과제코드,mid,synthetic,1
PRJ-2012-0546,CODE,합성-과제코드,mid,synthetic,1
TECH-2024-0233,CODE,합성-과제코드,mid,synthetic,1
MIL-2016-0508,CODE,합성-과제코드,mid,synthetic,1
PRJ-2007-0342,CODE,합성-과제코드,mid,synthetic,1
ROC-2013-0084,CODE,합성-과제코드,mid,synthetic,1
PRJ-2006-0163,CODE,합성-과제코드,mid,synthetic,1
SYS-2020-0380,CODE,합성-과제코드,mid,synthetic,1
SYS-2019-0381,CODE,합성-과제코드,mid,synthetic,1
PRJ-2025-0028,CODE,합성-과제코드,mid,synthetic,1
PRJ-2017-0539,CODE,합성-과제코드,mid,synthetic,1
MIL-2017-0064,CODE,합성-과제코드,mid,synthetic,1
PRJ-2010-0425,CODE,합성-과제코드,mid,synthetic,1
EXP-2006-0233,CODE,합성-과제코드,mid,synthetic,1
SYS-2013-0093,CODE,합성-과제코드,mid,synthetic,1
PRJ-2007-0071,CODE,합성-과제코드,mid,synthetic,1
MIL-2023-0273,CODE,합성-과제코드,mid,synthetic,1
MIL-2018-0470,CODE,합성-과제코드,mid,synthetic,1
SEC-2014-0063,CODE,합성-과제코드,mid,synthetic,1
SYS-2006-0408,CODE,합성-과제코드,mid,synthetic,1
DP-2021-0196,CODE,합성-과제코드,mid,synthetic,1
ROC-2005-0584,CODE,합성-과제코드,mid,synthetic,1
TECH-2025-0489,CODE,합성-과제코드,mid,synthetic,1
TECH-2021-0292,CODE,합성-과제코드,mid,synthetic,1
DP-2011-0015,CODE,합성-과제코드,mid,synthetic,1
TECH-2026-0294,CODE,합성-과제코드,mid,synthetic,1
EXP-2007-0049,CODE,합성-과제코드,mid,synthetic,1
SEC-2007-0418,CODE,합성-과제코드,mid,synthetic,1
미사일 암호모듈 설계도면,TECH_DOC,합성-체계부품문서,high,synthetic,1
DP-2005-0232,CODE,합성-과제코드,mid,synthetic,1
SEC-2017-0378,CODE,합성-과제코드,mid,synthetic,1
ROC-2015-0438,CODE,합성-과제코드,mid,synthetic,1
DP-2010-0538,CODE,합성-과제코드,mid,synthetic,1
PRJ-2012-0438,CODE,합성-과제코드,mid,synthetic,1
MIL-2007-0227,CODE,합성-과제코드,mid,synthetic,1
MIL-2019-0487,CODE,합성-과제코드,mid,synthetic,1
DP-2012-0371,CODE,합성-과제코드,mid,synthetic,1
TECH-2014-0234,CODE,합성-과제코드,mid,synthetic,1
SEC-2006-0235,CODE,합성-과제코드,mid,synthetic,1
PRJ-2015-0450,CODE,합성-과제코드,mid,synthetic,1
ROC-2016-0106,CODE,합성-과제코드,mid,synthetic,1
EXP-2023-0306,CODE,합성-과제코드,mid,synthetic,1
ROC-2016-0507,CODE,합성-과제코드,mid,synthetic,1
DP-2006-0560,CODE,합성-과제코드,mid,synthetic,1
SYS-2006-0128,CODE,합성-과제코드,mid,synthetic,1
MIL-2011-0114,CODE,합성-과제코드,mid,synthetic,1
TECH-2024-0548,CODE,합성-과제코드,mid,synthetic,1
PRJ-2021-0350,CODE,합성-과제코드,mid,synthetic,1
ROC-2010-0041,CODE,합성-과제코드,mid,synthetic,1
SYS-2019-0254,CODE,합성-과제코드,mid,synthetic,1
SEC-2019-0098,CODE,합성-과제코드,mid,synthetic,1
TECH-2024-0334,CODE,합성-과제코드,mid,synthetic,1
DP-2007-0198,CODE,합성-과제코드,mid,synthetic,1
MIL-2005-0484,CODE,합성-과제코드,mid,synthetic,1
PRJ-2014-0523,CODE,합성-과제코드,mid,synthetic,1
EXP-2011-0140,CODE,합성-과제코드,mid,synthetic,1
TECH-2020-0013,CODE,합성-과제코드,mid,synthetic,1
DP-2024-0351,CODE,합성-과제코드,mid,synthetic,1
DP-2012-0020,CODE,합성-과제코드,mid,synthetic,1
ROC-2019-0498,CODE,합성-과제코드,mid,synthetic,1
DP-2019-0314,CODE,합성-과제코드,mid,synthetic,1
전자전 시험장비 공정도,TECH_DOC,합성-체계부품문서,high,synthetic,1
SYS-2014-0547,CODE,합성-과제코드,mid,synthetic,1
SEC-2011-0364,CODE,합성-과제코드,mid,synthetic,1
DP-2007-0113,CODE,합성-과제코드,mid,synthetic,1
MIL-2023-0030,CODE,합성-과제코드,mid,synthetic,1
TECH-2011-0519,CODE,합성-과제코드,mid,synthetic,1
DP-2024-0394,CODE,합성-과제코드,mid,synthetic,1
PRJ-2023-0431,CODE,합성-과제코드,mid,synthetic,1
MIL-2016-0299,CODE,합성-과제코드,mid,synthetic,1
MIL-2005-0345,CODE,합성-과제코드,mid,synthetic,1
MIL-2021-0233,CODE,합성-과제코드,mid,synthetic,1
DP-2008-0158,CODE,합성-과제코드,mid,synthetic,1
PRJ-2014-0506,CODE,합성-과제코드,mid,synthetic,1
SEC-2013-0371,CODE,합성-과제코드,mid,synthetic,1
ROC-2007-0251,CODE,합성-과제코드,mid,synthetic,1
ROC-2020-0027,CODE,합성-과제코드,mid,synthetic,1
DP-2012-0217,CODE,합성-과제코드,mid,synthetic,1
PRJ-2019-0115,CODE,합성-과제코드,mid,synthetic,1
DP-2007-0175,CODE,합성-과제코드,mid,synthetic,1
EXP-2010-0217,CODE,합성-과제코드,mid,synthetic,1
MIL-2013-0320,CODE,합성-과제코드,mid,synthetic,1
PRJ-2015-0246,CODE,합성-과제코드,mid,synthetic,1
ROC-2011-0389,CODE,합성-과제코드,mid,synthetic,1
대외비 전자전 펌웨어 제조사양서,TECH_DOC,합성-체계부품문서,high,synthetic,1
SYS-2020-0492,CODE,합성-과제코드,mid,synthetic,1
EXP-2022-0118,CODE,합성-과제코드,mid,synthetic,1
SYS-2005-0071,CODE,합성-과제코드,mid,synthetic,1
PRJ-2021-0307,CODE,합성-과제코드,mid,synthetic,1
TECH-2009-0420,CODE,합성-과제코드,mid,synthetic,1
SYS-2006-0267,CODE,합성-과제코드,mid,synthetic,1
SYS-2020-0433,CODE,합성-과제코드,mid,synthetic,1
PRJ-2025-0049,CODE,합성-과제코드,mid,synthetic,1
SEC-2018-0147,CODE,합성-과제코드,mid,synthetic,1
DP-2019-0226,CODE,합성-과제코드,mid,synthetic,1
ROC-2017-0514,CODE,합성-과제코드,mid,synthetic,1
SYS-2010-0175,CODE,합성-과제코드,mid,synthetic,1
PRJ-2011-0059,CODE,합성-과제코드,mid,synthetic,1
MIL-2012-0035,CODE,합성-과제코드,mid,synthetic,1
SEC-2011-0055,CODE,합성-과제코드,mid,synthetic,1
DP-2015-0046,CODE,합성-과제코드,mid,synthetic,1
TECH-2022-0470,CODE,합성-과제코드,mid,synthetic,1
EXP-2024-0342,CODE,합성-과제코드,mid,synthetic,1
SYS-2016-0176,CODE,합성-과제코드,mid,synthetic,1
MIL-2021-0303,CODE,합성-과제코드,mid,synthetic,1
ROC-2014-0064,CODE,합성-과제코드,mid,synthetic,1
SEC-2015-0263,CODE,합성-과제코드,mid,synthetic,1
DP-2011-0418,CODE,합성-과제코드,mid,synthetic,1
EXP-2007-0423,CODE,합성-과제코드,mid,synthetic,1
TECH-2005-0539,CODE,합성-과제코드,mid,synthetic,1
SYS-2026-0550,CODE,합성-과제코드,mid,synthetic,1
PRJ-2017-0583,CODE,합성-과제코드,mid,synthetic,1
EXP-2017-0425,CODE,합성-과제코드,mid,synthetic,1
PRJ-2011-0131,CODE,합성-과제코드,mid,synthetic,1
PRJ-2008-0535,CODE,합성-과제코드,mid,synthetic,1
PRJ-2012-0460,CODE,합성-과제코드,mid,synthetic,1
SEC-2020-0280,CODE,합성-과제코드,mid,synthetic,1
DP-2025-0125,CODE,합성-과제코드,mid,synthetic,1
SYS-2009-0538,CODE,합성-과제코드,mid,synthetic,1
SYS-2015-0311,CODE,합성-과제코드,mid,synthetic,1
EXP-2018-0162,CODE,합성-과제코드,mid,synthetic,1
ROC-2020-0140,CODE,합성-과제코드,mid,synthetic,1
ROC-2014-0581,CODE,합성-과제코드,mid,synthetic,1
MIL-2008-0570,CODE,합성-과제코드,mid,synthetic,1
SEC-2026-0557,CODE,합성-과제코드,mid,synthetic,1
EXP-2011-0073,CODE,합성-과제코드,mid,synthetic,1
MIL-2009-0531,CODE,합성-과제코드,mid,synthetic,1
SEC-2012-0260,CODE,합성-과제코드,mid,synthetic,1
MIL-2009-0103,CODE,합성-과제코드,mid,synthetic,1
TECH-2012-0240,CODE,합성-과제코드,mid,synthetic,1
MIL-2026-0152,CODE,합성-과제코드,mid,synthetic,1
ROC-2015-0422,CODE,합성-과제코드,mid,synthetic,1
PRJ-2006-0097,CODE,합성-과제코드,mid,synthetic,1
EXP-2016-0148,CODE,합성-과제코드,mid,synthetic,1
SEC-2023-0278,CODE,합성-과제코드,mid,synthetic,1
SYS-2005-0153,CODE,합성-과제코드,mid,synthetic,1
ROC-2013-0331,CODE,합성-과제코드,mid,synthetic,1
EXP-2022-0189,CODE,합성-과제코드,mid,synthetic,1
TECH-2011-0214,CODE,합성-과제코드,mid,synthetic,1
SEC-2011-0398,CODE,합성-과제코드,mid,synthetic,1
PRJ-2016-0192,CODE,합성-과제코드,mid,synthetic,1
MIL-2013-0193,CODE,합성-과제코드,mid,synthetic,1
TECH-2006-0051,CODE,합성-과제코드,mid,synthetic,1
전자전 탐색기 형상관리문서,TECH_DOC,합성-체계부품문서,high,synthetic,1
PRJ-2015-0362,CODE,합성-과제코드,mid,synthetic,1
ROC-2020-0075,CODE,합성-과제코드,mid,synthetic,1
DP-2018-0250,CODE,합성-과제코드,mid,synthetic,1
TECH-2006-0066,CODE,합성-과제코드,mid,synthetic,1
SEC-2009-0110,CODE,합성-과제코드,mid,synthetic,1
SEC-2015-0489,CODE,합성-과제코드,mid,synthetic,1
SYS-2021-0492,CODE,합성-과제코드,mid,synthetic,1
TECH-2016-0066,CODE,합성-과제코드,mid,synthetic,1
DP-2021-0552,CODE,합성-과제코드,mid,synthetic,1
SYS-2024-0524,CODE,합성-과제코드,mid,synthetic,1
MIL-2017-0347,CODE,합성-과제코드,mid,synthetic,1
ROC-2022-0566,CODE,합성-과제코드,mid,synthetic,1
TECH-2012-0247,CODE,합성-과제코드,mid,synthetic,1
TECH-2014-0135,CODE,합성-과제코드,mid,synthetic,1
PRJ-2019-0541,CODE,합성-과제코드,mid,synthetic,1
PRJ-2011-0224,CODE,합성-과제코드,mid,synthetic,1
PRJ-2025-0390,CODE,합성-과제코드,mid,synthetic,1
PRJ-2023-0503,CODE,합성-과제코드,mid,synthetic,1
SYS-2007-0129,CODE,합성-과제코드,mid,synthetic,1
EXP-2017-0222,CODE,합성-과제코드,mid,synthetic,1
PRJ-2016-0579,CODE,합성-과제코드,mid,synthetic,1
EXP-2010-0093,CODE,합성-과제코드,mid,synthetic,1
TECH-2008-0431,CODE,합성-과제코드,mid,synthetic,1
SYS-2013-0054,CODE,합성-과제코드,mid,synthetic,1
SEC-2022-0380,CODE,합성-과제코드,mid,synthetic,1
DP-2026-0224,CODE,합성-과제코드,mid,synthetic,1
SEC-2014-0516,CODE,합성-과제코드,mid,synthetic,1
MIL-2025-0323,CODE,합성-과제코드,mid,synthetic,1
PRJ-2009-0567,CODE,합성-과제코드,mid,synthetic,1
SYS-2011-0158,CODE,합성-과제코드,mid,synthetic,1
ROC-2005-0598,CODE,합성-과제코드,mid,synthetic,1
ROC-2010-0101,CODE,합성-과제코드,mid,synthetic,1
TECH-2024-0048,CODE,합성-과제코드,mid,synthetic,1
TECH-2021-0278,CODE,합성-과제코드,mid,synthetic,1
ROC-2013-0381,CODE,합성-과제코드,mid,synthetic,1
PRJ-2009-0459,CODE,합성-과제코드,mid,synthetic,1
ROC-2015-0217,CODE,합성-과제코드,mid,synthetic,1
ROC-2009-0088,CODE,합성-과제코드,mid,synthetic,1
DP-2011-0459,CODE,합성-과제코드,mid,synthetic,1
TECH-2005-0304,CODE,합성-과제코드,mid,synthetic,1
TECH-2015-0431,CODE,합성-과제코드,mid,synthetic,1
MIL-2011-0455,CODE,합성-과제코드,mid,synthetic,1
TECH-2012-0309,CODE,합성-과제코드,mid,synthetic,1
SEC-2026-0361,CODE,합성-과제코드,mid,synthetic,1
EXP-2019-0159,CODE,합성-과제코드,mid,synthetic,1
MIL-2015-0060,CODE,합성-과제코드,mid,synthetic,1
DP-2015-0518,CODE,합성-과제코드,mid,synthetic,1
EXP-2017-0221,CODE,합성-과제코드,mid,synthetic,1
MIL-2008-0192,CODE,합성-과제코드,mid,synthetic,1
SEC-2022-0237,CODE,합성-과제코드,mid,synthetic,1
MIL-2024-0550,CODE,합성-과제코드,mid,synthetic,1
SYS-2006-0017,CODE,합성-과제코드,mid,synthetic,1
SEC-2014-0488,CODE,합성-과제코드,mid,synthetic,1
DP-2017-0506,CODE,합성-과제코드,mid,synthetic,1
비밀 방공체계 통신모듈 구매규격서,TECH_DOC,합성-체계부품문서,high,synthetic,1
DP-2011-0588,CODE,합성-과제코드,mid,synthetic,1
TECH-2011-0234,CODE,합성-과제코드,mid,synthetic,1
MIL-2022-0297,CODE,합성-과제코드,mid,synthetic,1
PRJ-2026-0169,CODE,합성-과제코드,mid,synthetic,1
TECH-2009-0303,CODE,합성-과제코드,mid,synthetic,1
SEC-2022-0072,CODE,합성-과제코드,mid,synthetic,1
SEC-2010-0296,CODE,합성-과제코드,mid,synthetic,1
SEC-2024-0574,CODE,합성-과제코드,mid,synthetic,1
PRJ-2015-0001,CODE,합성-과제코드,mid,synthetic,1
TECH-2008-0383,CODE,합성-과제코드,mid,synthetic,1
DP-2021-0251,CODE,합성-과제코드,mid,synthetic,1
EXP-2018-0310,CODE,합성-과제코드,mid,synthetic,1
SYS-2014-0066,CODE,합성-과제코드,mid,synthetic,1
EXP-2023-0376,CODE,합성-과제코드,mid,synthetic,1
SEC-2026-0515,CODE,합성-과제코드,mid,synthetic,1
SYS-2012-0033,CODE,합성-과제코드,mid,synthetic,1
TECH-2013-0591,CODE,합성-과제코드,mid,synthetic,1
TECH-2009-0422,CODE,합성-과제코드,mid,synthetic,1
SYS-2015-0357,CODE,합성-과제코드,mid,synthetic,1
EXP-2008-0273,CODE,합성-과제코드,mid,synthetic,1
TECH-2006-0146,CODE,합성-과제코드,mid,synthetic,1
SYS-2021-0547,CODE,합성-과제코드,mid,synthetic,1
SEC-2011-0591,CODE,합성-과제코드,mid,synthetic,1
ROC-2023-0350,CODE,합성-과제코드,mid,synthetic,1
DP-2008-0466,CODE,합성-과제코드,mid,synthetic,1
TECH-2006-0220,CODE,합성-과제코드,mid,synthetic,1
EXP-2008-0187,CODE,합성-과제코드,mid,synthetic,1
EXP-2013-0496,CODE,합성-과제코드,mid,synthetic,1
MIL-2017-0249,CODE,합성-과제코드,mid,synthetic,1
TECH-2008-0112,CODE,합성-과제코드,mid,synthetic,1
비밀 전술통신 센서모듈 형상관리문서,TECH_DOC,합성-체계부품문서,high,synthetic,1
ROC-2012-0381,CODE,합성-과제코드,mid,synthetic,1
SYS-2012-0064,CODE,합성-과제코드,mid,synthetic,1
SYS-2014-0230,CODE,합성-과제코드,mid,synthetic,1
SYS-2020-0085,CODE,합성-과제코드,mid,synthetic,1
ROC-2014-0343,CODE,합성-과제코드,mid,synthetic,1
ROC-2009-0328,CODE,합성-과제코드,mid,synthetic,1
EXP-2010-0012,CODE,합성-과제코드,mid,synthetic,1
ROC-2024-0277,CODE,합성-과제코드,mid,synthetic,1
MIL-2013-0127,CODE,합성-과제코드,mid,synthetic,1
함정 암호모듈 제조사양서,TECH_DOC,합성-체계부품문서,high,synthetic,1
SYS-2011-0206,CODE,합성-과제코드,mid,synthetic,1
SYS-2021-0475,CODE,합성-과제코드,mid,synthetic,1
ROC-2007-0102,CODE,합성-과제코드,mid,synthetic,1
SYS-2005-0023,CODE,합성-과제코드,mid,synthetic,1
SEC-2011-0456,CODE,합성-과제코드,mid,synthetic,1
SEC-2012-0389,CODE,합성-과제코드,mid,synthetic,1
SEC-2016-0490,CODE,합성-과제코드,mid,synthetic,1
MIL-2016-0550,CODE,합성-과제코드,mid,synthetic,1
DP-2016-0329,CODE,합성-과제코드,mid,synthetic,1
ROC-2017-0286,CODE,합성-과제코드,mid,synthetic,1
ROC-2012-0238,CODE,합성-과제코드,mid,synthetic,1
ROC-2018-0137,CODE,합성-과제코드,mid,synthetic,1
TECH-2010-0365,CODE,합성-과제코드,mid,synthetic,1
SEC-2011-0349,CODE,합성-과제코드,mid,synthetic,1
EXP-2017-0493,CODE,합성-과제코드,mid,synthetic,1
SEC-2017-0031,CODE,합성-과제코드,mid,synthetic,1
SEC-2025-0009,CODE,합성-과제코드,mid,synthetic,1
MIL-2007-0174,CODE,합성-과제코드,mid,synthetic,1
ROC-2018-0309,CODE,합성-과제코드,mid,synthetic,1
SYS-2006-0282,CODE,합성-과제코드,mid,synthetic,1
SYS-2015-0483,CODE,합성-과제코드,mid,synthetic,1
DP-2024-0331,CODE,합성-과제코드,mid,synthetic,1
TECH-2020-0033,CODE,합성-과제코드,mid,synthetic,1
ROC-2021-0119,CODE,합성-과제코드,mid,synthetic,1
PRJ-2010-0555,CODE,합성-과제코드,mid,synthetic,1
DP-2011-0332,CODE,합성-과제코드,mid,synthetic,1
DP-2005-0579,CODE,합성-과제코드,mid,synthetic,1
ROC-2013-0597,CODE,합성-과제코드,mid,synthetic,1
TECH-2025-0024,CODE,합성-과제코드,mid,synthetic,1
DP-2013-0500,CODE,합성-과제코드,mid,synthetic,1
ROC-2016-0029,CODE,합성-과제코드,mid,synthetic,1
PRJ-2021-0347,CODE,합성-과제코드,mid,synthetic,1
ROC-2021-0557,CODE,합성-과제코드,mid,synthetic,1
SYS-2016-0574,CODE,합성-과제코드,mid,synthetic,1
PRJ-2008-0106,CODE,합성-과제코드,mid,synthetic,1
MIL-2009-0122,CODE,합성-과제코드,mid,synthetic,1
EXP-2025-0408,CODE,합성-과제코드,mid,synthetic,1
DP-2021-0562,CODE,합성-과제코드,mid,synthetic,1
ROC-2017-0267,CODE,합성-과제코드,mid,synthetic,1
TECH-2016-0373,CODE,합성-과제코드,mid,synthetic,1
SYS-2011-0563,CODE,합성-과제코드,mid,synthetic,1
비밀 지휘통제 관성항법장치 정비교범,TECH_DOC,합성-체계부품문서,high,synthetic,1
DP-2019-0450,CODE,합성-과제코드,mid,synthetic,1
ROC-2009-0090,CODE,합성-과제코드,mid,synthetic,1
EXP-2015-0060,CODE,합성-과제코드,mid,synthetic,1
TECH-2006-0537,CODE,합성-과제코드,mid,synthetic,1
SEC-2008-0149,CODE,합성-과제코드,mid,synthetic,1
DP-2025-0118,CODE,합성-과제코드,mid,synthetic,1
MIL-2009-0199,CODE,합성-과제코드,mid,synthetic,1
MIL-2026-0171,CODE,합성-과제코드,mid,synthetic,1
SEC-2005-0130,CODE,합성-과제코드,mid,synthetic,1
PRJ-2007-0384,CODE,합성-과제코드,mid,synthetic,1
TECH-2014-0511,CODE,합성-과제코드,mid,synthetic,1
ROC-2010-0223,CODE,합성-과제코드,mid,synthetic,1
TECH-2020-0280,CODE,합성-과제코드,mid,synthetic,1
ROC-2018-0458,CODE,합성-과제코드,mid,synthetic,1
ROC-2009-0326,CODE,합성-과제코드,mid,synthetic,1
ROC-2006-0266,CODE,합성-과제코드,mid,synthetic,1
DP-2008-0498,CODE,합성-과제코드,mid,synthetic,1
EXP-2022-0471,CODE,합성-과제코드,mid,synthetic,1
SYS-2005-0184,CODE,합성-과제코드,mid,synthetic,1
EXP-2014-0587,CODE,합성-과제코드,mid,synthetic,1
DP-2006-0281,CODE,합성-과제코드,mid,synthetic,1
ROC-2022-0206,CODE,합성-과제코드,mid,synthetic,1
DP-2011-0228,CODE,합성-과제코드,mid,synthetic,1
MIL-2021-0289,CODE,합성-과제코드,mid,synthetic,1
ROC-2012-0055,CODE,합성-과제코드,mid,synthetic,1
DP-2007-0176,CODE,합성-과제코드,mid,synthetic,1
DP-2016-0382,CODE,합성-과제코드,mid,synthetic,1
ROC-2012-0566,CODE,합성-과제코드,mid,synthetic,1
ROC-2026-0401,CODE,합성-과제코드,mid,synthetic,1
EXP-2020-0348,CODE,합성-과제코드,mid,synthetic,1
ROC-2026-0554,CODE,합성-과제코드,mid,synthetic,1
TECH-2022-0519,CODE,합성-과제코드,mid,synthetic,1
ROC-2009-0231,CODE,합성-과제코드,mid,synthetic,1
SYS-2009-0465,CODE,합성-과제코드,mid,synthetic,1
EXP-2005-0194,CODE,합성-과제코드,mid,synthetic,1
DP-2019-0015,CODE,합성-과제코드,mid,synthetic,1
TECH-2013-0499,CODE,합성-과제코드,mid,synthetic,1
TECH-2007-0237,CODE,합성-과제코드,mid,synthetic,1
EXP-2025-0318,CODE,합성-과제코드,mid,synthetic,1
EXP-2015-0357,CODE,합성-과제코드,mid,synthetic,1
MIL-2010-0100,CODE,합성-과제코드,mid,synthetic,1
추진체 펌웨어 공정도,TECH_DOC,합성-체계부품문서,high,synthetic,1
ROC-2012-0550,CODE,합성-과제코드,mid,synthetic,1
PRJ-2025-0341,CODE,합성-과제코드,mid,synthetic,1
DP-2015-0300,CODE,합성-과제코드,mid,synthetic,1
SYS-2020-0308,CODE,합성-과제코드,mid,synthetic,1
DP-2010-0243,CODE,합성-과제코드,mid,synthetic,1
PRJ-2018-0208,CODE,합성-과제코드,mid,synthetic,1
SEC-2021-0234,CODE,합성-과제코드,mid,synthetic,1
SEC-2017-0517,CODE,합성-과제코드,mid,synthetic,1
SYS-2005-0197,CODE,합성-과제코드,mid,synthetic,1
ROC-2005-0567,CODE,합성-과제코드,mid,synthetic,1
TECH-2025-0383,CODE,합성-과제코드,mid,synthetic,1
PRJ-2016-0429,CODE,합성-과제코드,mid,synthetic,1
ROC-2008-0190,CODE,합성-과제코드,mid,synthetic,1
TECH-2026-0520,CODE,합성-과제코드,mid,synthetic,1
TECH-2016-0092,CODE,합성-과제코드,mid,synthetic,1
PRJ-2011-0178,CODE,합성-과제코드,mid,synthetic,1
위성 전원장치 구매규격서,TECH_DOC,합성-체계부품문서,high,synthetic,1
비밀 위성 펌웨어 제조사양서,TECH_DOC,합성-체계부품문서,high,synthetic,1
SYS-2023-0366,CODE,합성-과제코드,mid,synthetic,1
SYS-2010-0522,CODE,합성-과제코드,mid,synthetic,1
DP-2024-0359,CODE,합성-과제코드,mid,synthetic,1
ROC-2009-0025,CODE,합성-과제코드,mid,synthetic,1
MIL-2008-0493,CODE,합성-과제코드,mid,synthetic,1
EXP-2006-0208,CODE,합성-과제코드,mid,synthetic,1
PRJ-2023-0551,CODE,합성-과제코드,mid,synthetic,1
PRJ-2011-0129,CODE,합성-과제코드,mid,synthetic,1
PRJ-2025-0491,CODE,합성-과제코드,mid,synthetic,1
MIL-2021-0118,CODE,합성-과제코드,mid,synthetic,1
SYS-2017-0451,CODE,합성-과제코드,mid,synthetic,1
DP-2007-0052,CODE,합성-과제코드,mid,synthetic,1
DP-2017-0079,CODE,합성-과제코드,mid,synthetic,1
SEC-2024-0007,CODE,합성-과제코드,mid,synthetic,1
TECH-2005-0499,CODE,합성-과제코드,mid,synthetic,1
PRJ-2019-0396,CODE,합성-과제코드,mid,synthetic,1
EXP-2014-0540,CODE,합성-과제코드,mid,synthetic,1
ROC-2026-0513,CODE,합성-과제코드,mid,synthetic,1
PRJ-2011-0470,CODE,합성-과제코드,mid,synthetic,1
항법 암호모듈 시험성적서,TECH_DOC,합성-체계부품문서,high,synthetic,1
SEC-2016-0158,CODE,합성-과제코드,mid,synthetic,1
MIL-2011-0247,CODE,합성-과제코드,mid,synthetic,1
MIL-2021-0026,CODE,합성-과제코드,mid,synthetic,1
EXP-2007-0484,CODE,합성-과제코드,mid,synthetic,1
ROC-2023-0438,CODE,합성-과제코드,mid,synthetic,1
SYS-2014-0435,CODE,합성-과제코드,mid,synthetic,1
DP-2015-0348,CODE,합성-과제코드,mid,synthetic,1
SYS-2009-0117,CODE,합성-과제코드,mid,synthetic,1
유도무기 안테나 설계도면,TECH_DOC,합성-체계부품문서,high,synthetic,1
PRJ-2016-0565,CODE,합성-과제코드,mid,synthetic,1
ROC-2007-0257,CODE,합성-과제코드,mid,synthetic,1
SYS-2013-0218,CODE,합성-과제코드,mid,synthetic,1
MIL-2005-0389,CODE,합성-과제코드,mid,synthetic,1
SEC-2015-0079,CODE,합성-과제코드,mid,synthetic,1
MIL-2019-0597,CODE,합성-과제코드,mid,synthetic,1
ROC-2020-0520,CODE,합성-과제코드,mid,synthetic,1
MIL-2026-0265,CODE,합성-과제코드,mid,synthetic,1
SEC-2011-0327,CODE,합성-과제코드,mid,synthetic,1
PRJ-2023-0182,CODE,합성-과제코드,mid,synthetic,1
PRJ-2012-0329,CODE,합성-과제코드,mid,synthetic,1
PRJ-2006-0238,CODE,합성-과제코드,mid,synthetic,1
SEC-2014-0069,CODE,합성-과제코드,mid,synthetic,1
전술통신 제어기 성능분석자료,TECH_DOC,합성-체계부품문서,high,synthetic,1
SEC-2009-0040,CODE,합성-과제코드,mid,synthetic,1
EXP-2010-0320,CODE,합성-과제코드,mid,synthetic,1
TECH-2005-0574,CODE,합성-과제코드,mid,synthetic,1
TECH-2021-0314,CODE,합성-과제코드,mid,synthetic,1
PRJ-2020-0496,CODE,합성-과제코드,mid,synthetic,1
SYS-2016-0201,CODE,합성-과제코드,mid,synthetic,1
PRJ-2007-0505,CODE,합성-과제코드,mid,synthetic,1
EXP-2018-0008,CODE,합성-과제코드,mid,synthetic,1
DP-2023-0202,CODE,합성-과제코드,mid,synthetic,1
탄약 시뮬레이터 공정도,TECH_DOC,합성-체계부품문서,high,synthetic,1
TECH-2024-0332,CODE,합성-과제코드,mid,synthetic,1
SEC-2025-0113,CODE,합성-과제코드,mid,synthetic,1
PRJ-2021-0052,CODE,합성-과제코드,mid,synthetic,1
TECH-2021-0086,CODE,합성-과제코드,mid,synthetic,1
TECH-2022-0114,CODE,합성-과제코드,mid,synthetic,1
MIL-2014-0251,CODE,합성-과제코드,mid,synthetic,1
비밀 전투기 암호모듈 공정도,TECH_DOC,합성-체계부품문서,high,synthetic,1
PRJ-2021-0507,CODE,합성-과제코드,mid,synthetic,1
TECH-2014-0387,CODE,합성-과제코드,mid,synthetic,1
SYS-2024-0159,CODE,합성-과제코드,mid,synthetic,1
DP-2008-0249,CODE,합성-과제코드,mid,synthetic,1
EXP-2007-0406,CODE,합성-과제코드,mid,synthetic,1
EXP-2024-0442,CODE,합성-과제코드,mid,synthetic,1
ROC-2008-0467,CODE,합성-과제코드,mid,synthetic,1
TECH-2025-0351,CODE,합성-과제코드,mid,synthetic,1
TECH-2019-0202,CODE,합성-과제코드,mid,synthetic,1
대외비 전차 냉각장치 구매규격서,TECH_DOC,합성-체계부품문서,high,synthetic,1
TECH-2021-0550,CODE,합성-과제코드,mid,synthetic,1
PRJ-2019-0402,CODE,합성-과제코드,mid,synthetic,1
SYS-2013-0262,CODE,합성-과제코드,mid,synthetic,1
무인기 시뮬레이터 정비교범,TECH_DOC,합성-체계부품문서,high,synthetic,1
EXP-2026-0194,CODE,합성-과제코드,mid,synthetic,1
SYS-2017-0457,CODE,합성-과제코드,mid,synthetic,1
SEC-2023-0250,CODE,합성-과제코드,mid,synthetic,1
TECH-2021-0051,CODE,합성-과제코드,mid,synthetic,1
TECH-2024-0052,CODE,합성-과제코드,mid,synthetic,1
TECH-2012-0385,CODE,합성-과제코드,mid,synthetic,1
ROC-2018-0491,CODE,합성-과제코드,mid,synthetic,1
EXP-2023-0177,CODE,합성-과제코드,mid,synthetic,1
SEC-2011-0110,CODE,합성-과제코드,mid,synthetic,1
DP-2023-0308,CODE,합성-과제코드,mid,synthetic,1
SYS-2015-0058,CODE,합성-과제코드,mid,synthetic,1
SYS-2009-0289,CODE,합성-과제코드,mid,synthetic,1
MIL-2020-0078,CODE,합성-과제코드,mid,synthetic,1
SYS-2012-0065,CODE,합성-과제코드,mid,synthetic,1
DP-2024-0560,CODE,합성-과제코드,mid,synthetic,1
PRJ-2019-0204,CODE,합성-과제코드,mid,synthetic,1
ROC-2022-0517,CODE,합성-과제코드,mid,synthetic,1
PRJ-2013-0226,CODE,합성-과제코드,mid,synthetic,1
PRJ-2015-0566,CODE,합성-과제코드,mid,synthetic,1
SEC-2007-0040,CODE,합성-과제코드,mid,synthetic,1
MIL-2024-0025,CODE,합성-과제코드,mid,synthetic,1
ROC-2015-0265,CODE,합성-과제코드,mid,synthetic,1
DP-2013-0554,CODE,합성-과제코드,mid,synthetic,1
TECH-2026-0346,CODE,합성-과제코드,mid,synthetic,1
항법 펌웨어 공정도,TECH_DOC,합성-체계부품문서,high,synthetic,1
PRJ-2023-0076,CODE,합성-과제코드,mid,synthetic,1
DP-2012-0260,CODE,합성-과제코드,mid,synthetic,1
PRJ-2011-0476,CODE,합성-과제코드,mid,synthetic,1
EXP-2020-0044,CODE,합성-과제코드,mid,synthetic,1
MIL-2017-0561,CODE,합성-과제코드,mid,synthetic,1
DP-2025-0587,CODE,합성-과제코드,mid,synthetic,1
SYS-2022-0476,CODE,합성-과제코드,mid,synthetic,1
MIL-2012-0127,CODE,합성-과제코드,mid,synthetic,1
SEC-2024-0148,CODE,합성-과제코드,mid,synthetic,1
SYS-2022-0242,CODE,합성-과제코드,mid,synthetic,1
MIL-2026-0001,CODE,합성-과제코드,mid,synthetic,1
SEC-2005-0536,CODE,합성-과제코드,mid,synthetic,1
SEC-2024-0191,CODE,합성-과제코드,mid,synthetic,1
EXP-2005-0393,CODE,합성-과제코드,mid,synthetic,1
SYS-2018-0107,CODE,합성-과제코드,mid,synthetic,1
TECH-2005-0386,CODE,합성-과제코드,mid,synthetic,1
SYS-2008-0426,CODE,합성-과제코드,mid,synthetic,1
TECH-2013-0311,CODE,합성-과제코드,mid,synthetic,1
SYS-2007-0500,CODE,합성-과제코드,mid,synthetic,1
DP-2015-0026,CODE,합성-과제코드,mid,synthetic,1
PRJ-2015-0487,CODE,합성-과제코드,mid,synthetic,1
EXP-2025-0153,CODE,합성-과제코드,mid,synthetic,1
SYS-2013-0443,CODE,합성-과제코드,mid,synthetic,1
SYS-2005-0523,CODE,합성-과제코드,mid,synthetic,1
SYS-2020-0427,CODE,합성-과제코드,mid,synthetic,1
ROC-2013-0040,CODE,합성-과제코드,mid,synthetic,1
SEC-2023-0364,CODE,합성-과제코드,mid,synthetic,1
SEC-2006-0423,CODE,합성-과제코드,mid,synthetic,1
TECH-2007-0016,CODE,합성-과제코드,mid,synthetic,1
TECH-2007-0325,CODE,합성-과제코드,mid,synthetic,1
MIL-2021-0538,CODE,합성-과제코드,mid,synthetic,1
PRJ-2014-0339,CODE,합성-과제코드,mid,synthetic,1
SYS-2005-0442,CODE,합성-과제코드,mid,synthetic,1
TECH-2014-0425,CODE,합성-과제코드,mid,synthetic,1
SEC-2012-0349,CODE,합성-과제코드,mid,synthetic,1
TECH-2022-0587,CODE,합성-과제코드,mid,synthetic,1
SEC-2025-0048,CODE,합성-과제코드,mid,synthetic,1
MIL-2006-0557,CODE,합성-과제코드,mid,synthetic,1
SEC-2019-0101,CODE,합성-과제코드,mid,synthetic,1
PRJ-2005-0386,CODE,합성-과제코드,mid,synthetic,1
MIL-2007-0398,CODE,합성-과제코드,mid,synthetic,1
미사일 제어기 형상관리문서,TECH_DOC,합성-체계부품문서,high,synthetic,1
ROC-2025-0252,CODE,합성-과제코드,mid,synthetic,1
EXP-2020-0007,CODE,합성-과제코드,mid,synthetic,1
MIL-2021-0330,CODE,합성-과제코드,mid,synthetic,1
PRJ-2023-0585,CODE,합성-과제코드,mid,synthetic,1
TECH-2006-0017,CODE,합성-과제코드,mid,synthetic,1
TECH-2021-0007,CODE,합성-과제코드,mid,synthetic,1
EXP-2006-0448,CODE,합성-과제코드,mid,synthetic,1
EXP-2007-0506,CODE,합성-과제코드,mid,synthetic,1
ROC-2018-0278,CODE,합성-과제코드,mid,synthetic,1
MIL-2016-0111,CODE,합성-과제코드,mid,synthetic,1
ROC-2025-0303,CODE,합성-과제코드,mid,synthetic,1
EXP-2021-0221,CODE,합성-과제코드,mid,synthetic,1
SEC-2014-0229,CODE,합성-과제코드,mid,synthetic,1
MIL-2016-0056,CODE,합성-과제코드,mid,synthetic,1
PRJ-2015-0015,CODE,합성-과제코드,mid,synthetic,1
MIL-2013-0044,CODE,합성-과제코드,mid,synthetic,1
ROC-2007-0284,CODE,합성-과제코드,mid,synthetic,1
PRJ-2007-0477,CODE,합성-과제코드,mid,synthetic,1
PRJ-2022-0480,CODE,합성-과제코드,mid,synthetic,1
MIL-2021-0277,CODE,합성-과제코드,mid,synthetic,1
DP-2018-0565,CODE,합성-과제코드,mid,synthetic,1
PRJ-2024-0194,CODE,합성-과제코드,mid,synthetic,1
EXP-2018-0428,CODE,합성-과제코드,mid,synthetic,1
PRJ-2008-0414,CODE,합성-과제코드,mid,synthetic,1
SYS-2014-0401,CODE,합성-과제코드,mid,synthetic,1
TECH-2010-0388,CODE,합성-과제코드,mid,synthetic,1
MIL-2019-0506,CODE,합성-과제코드,mid,synthetic,1
MIL-2009-0207,CODE,합성-과제코드,mid,synthetic,1
EXP-2015-0176,CODE,합성-과제코드,mid,synthetic,1
SYS-2019-0407,CODE,합성-과제코드,mid,synthetic,1
SEC-2017-0394,CODE,합성-과제코드,mid,synthetic,1
ROC-2009-0467,CODE,합성-과제코드,mid,synthetic,1
MIL-2026-0229,CODE,합성-과제코드,mid,synthetic,1
DP-2018-0102,CODE,합성-과제코드,mid,synthetic,1
EXP-2013-0416,CODE,합성-과제코드,mid,synthetic,1
ROC-2009-0123,CODE,합성-과제코드,mid,synthetic,1
DP-2017-0116,CODE,합성-과제코드,mid,synthetic,1
PRJ-2011-0239,CODE,합성-과제코드,mid,synthetic,1
PRJ-2013-0094,CODE,합성-과제코드,mid,synthetic,1
ROC-2013-0450,CODE,합성-과제코드,mid,synthetic,1
EXP-2013-0166,CODE,합성-과제코드,mid,synthetic,1
DP-2019-0407,CODE,합성-과제코드,mid,synthetic,1
DP-2010-0064,CODE,합성-과제코드,mid,synthetic,1
TECH-2014-0194,CODE,합성-과제코드,mid,synthetic,1
EXP-2025-0243,CODE,합성-과제코드,mid,synthetic,1
TECH-2006-0172,CODE,합성-과제코드,mid,synthetic,1
PRJ-2010-0397,CODE,합성-과제코드,mid,synthetic,1
SYS-2019-0286,CODE,합성-과제코드,mid,synthetic,1
ROC-2015-0124,CODE,합성-과제코드,mid,synthetic,1
MIL-2019-0432,CODE,합성-과제코드,mid,synthetic,1
PRJ-2018-0150,CODE,합성-과제코드,mid,synthetic,1
MIL-2021-0101,CODE,합성-과제코드,mid,synthetic,1
DP-2025-0014,CODE,합성-과제코드,mid,synthetic,1
MIL-2014-0210,CODE,합성-과제코드,mid,synthetic,1
TECH-2018-0194,CODE,합성-과제코드,mid,synthetic,1
SEC-2005-0326,CODE,합성-과제코드,mid,synthetic,1
TECH-2017-0168,CODE,합성-과제코드,mid,synthetic,1
DP-2019-0590,CODE,합성-과제코드,mid,synthetic,1
EXP-2017-0184,CODE,합성-과제코드,mid,synthetic,1
SEC-2019-0293,CODE,합성-과제코드,mid,synthetic,1
DP-2007-0145,CODE,합성-과제코드,mid,synthetic,1
ROC-2005-0210,CODE,합성-과제코드,mid,synthetic,1
EXP-2014-0417,CODE,합성-과제코드,mid,synthetic,1
PRJ-2018-0433,CODE,합성-과제코드,mid,synthetic,1
TECH-2025-0417,CODE,합성-과제코드,mid,synthetic,1
MIL-2014-0051,CODE,합성-과제코드,mid,synthetic,1
유도무기 시뮬레이터 소스코드,TECH_DOC,합성-체계부품문서,high,synthetic,1
SEC-2016-0498,CODE,합성-과제코드,mid,synthetic,1
TECH-2007-0375,CODE,합성-과제코드,mid,synthetic,1
PRJ-2006-0121,CODE,합성-과제코드,mid,synthetic,1
PRJ-2019-0281,CODE,합성-과제코드,mid,synthetic,1
SYS-2012-0382,CODE,합성-과제코드,mid,synthetic,1
PRJ-2008-0205,CODE,합성-과제코드,mid,synthetic,1
DP-2013-0456,CODE,합성-과제코드,mid,synthetic,1
PRJ-2011-0242,CODE,합성-과제코드,mid,synthetic,1
PRJ-2013-0111,CODE,합성-과제코드,mid,synthetic,1
SYS-2022-0530,CODE,합성-과제코드,mid,synthetic,1
SEC-2015-0235,CODE,합성-과제코드,mid,synthetic,1
DP-2005-0262,CODE,합성-과제코드,mid,synthetic,1
SEC-2012-0538,CODE,합성-과제코드,mid,synthetic,1
PRJ-2008-0412,CODE,합성-과제코드,mid,synthetic,1
ROC-2013-0022,CODE,합성-과제코드,mid,synthetic,1
MIL-2018-0017,CODE,합성-과제코드,mid,synthetic,1
MIL-2021-0115,CODE,합성-과제코드,mid,synthetic,1
TECH-2010-0492,CODE,합성-과제코드,mid,synthetic,1
ROC-2006-0230,CODE,합성-과제코드,mid,synthetic,1
DP-2016-0496,CODE,합성-과제코드,mid,synthetic,1
MIL-2022-0012,CODE,합성-과제코드,mid,synthetic,1
MIL-2018-0273,CODE,합성-과제코드,mid,synthetic,1
EXP-2009-0471,CODE,합성-과제코드,mid,synthetic,1
MIL-2023-0021,CODE,합성-과제코드,mid,synthetic,1
ROC-2011-0372,CODE,합성-과제코드,mid,synthetic,1
PRJ-2022-0067,CODE,합성-과제코드,mid,synthetic,1
DP-2022-0117,CODE,합성-과제코드,mid,synthetic,1
MIL-2014-0574,CODE,합성-과제코드,mid,synthetic,1
EXP-2009-0585,CODE,합성-과제코드,mid,synthetic,1
SEC-2016-0093,CODE,합성-과제코드,mid,synthetic,1
SYS-2022-0424,CODE,합성-과제코드,mid,synthetic,1
ROC-2016-0043,CODE,합성-과제코드,mid,synthetic,1
TECH-2011-0402,CODE,합성-과제코드,mid,synthetic,1
MIL-2010-0417,CODE,합성-과제코드,mid,synthetic,1
DP-2010-0273,CODE,합성-과제코드,mid,synthetic,1
EXP-2005-0338,CODE,합성-과제코드,mid,synthetic,1
EXP-2013-0587,CODE,합성-과제코드,mid,synthetic,1
EXP-2021-0261,CODE,합성-과제코드,mid,synthetic,1
DP-2017-0514,CODE,합성-과제코드,mid,synthetic,1
SEC-2022-0020,CODE,합성-과제코드,mid,synthetic,1
TECH-2025-0378,CODE,합성-과제코드,mid,synthetic,1
SYS-2017-0089,CODE,합성-과제코드,mid,synthetic,1
DP-2022-0213,CODE,합성-과제코드,mid,synthetic,1
ROC-2010-0519,CODE,합성-과제코드,mid,synthetic,1
SYS-2008-0098,CODE,합성-과제코드,mid,synthetic,1
탄약 통신모듈 성능분석자료,TECH_DOC,합성-체계부품문서,high,synthetic,1
ROC-2016-0172,CODE,합성-과제코드,mid,synthetic,1
DP-2023-0200,CODE,합성-과제코드,mid,synthetic,1
MIL-2015-0017,CODE,합성-과제코드,mid,synthetic,1
PRJ-2005-0149,CODE,합성-과제코드,mid,synthetic,1
TECH-2022-0576,CODE,합성-과제코드,mid,synthetic,1
DP-2010-0539,CODE,합성-과제코드,mid,synthetic,1
EXP-2006-0311,CODE,합성-과제코드,mid,synthetic,1
DP-2017-0263,CODE,합성-과제코드,mid,synthetic,1
SYS-2009-0424,CODE,합성-과제코드,mid,synthetic,1
SEC-2015-0177,CODE,합성-과제코드,mid,synthetic,1
비밀 소나 탐색기 정비교범,TECH_DOC,합성-체계부품문서,high,synthetic,1
ROC-2015-0191,CODE,합성-과제코드,mid,synthetic,1
SYS-2026-0581,CODE,합성-과제코드,mid,synthetic,1
SYS-2024-0543,CODE,합성-과제코드,mid,synthetic,1
ROC-2012-0437,CODE,합성-과제코드,mid,synthetic,1
PRJ-2014-0508,CODE,합성-과제코드,mid,synthetic,1
DP-2021-0015,CODE,합성-과제코드,mid,synthetic,1
SYS-2006-0318,CODE,합성-과제코드,mid,synthetic,1
DP-2014-0592,CODE,합성-과제코드,mid,synthetic,1
MIL-2024-0428,CODE,합성-과제코드,mid,synthetic,1
TECH-2012-0197,CODE,합성-과제코드,mid,synthetic,1
MIL-2007-0053,CODE,합성-과제코드,mid,synthetic,1
ROC-2013-0487,CODE,합성-과제코드,mid,synthetic,1
SYS-2014-0203,CODE,합성-과제코드,mid,synthetic,1
MIL-2016-0576,CODE,합성-과제코드,mid,synthetic,1
ROC-2023-0171,CODE,합성-과제코드,mid,synthetic,1
SYS-2013-0050,CODE,합성-과제코드,mid,synthetic,1
SEC-2023-0505,CODE,합성-과제코드,mid,synthetic,1
SEC-2026-0050,CODE,합성-과제코드,mid,synthetic,1
EXP-2014-0158,CODE,합성-과제코드,mid,synthetic,1
SYS-2020-0474,CODE,합성-과제코드,mid,synthetic,1
PRJ-2014-0549,CODE,합성-과제코드,mid,synthetic,1
ROC-2025-0066,CODE,합성-과제코드,mid,synthetic,1
PRJ-2016-0127,CODE,합성-과제코드,mid,synthetic,1
SEC-2022-0562,CODE,합성-과제코드,mid,synthetic,1
SEC-2025-0553,CODE,합성-과제코드,mid,synthetic,1
TECH-2022-0447,CODE,합성-과제코드,mid,synthetic,1
EXP-2013-0583,CODE,합성-과제코드,mid,synthetic,1
ROC-2015-0240,CODE,합성-과제코드,mid,synthetic,1
DP-2011-0461,CODE,합성-과제코드,mid,synthetic,1
대외비 함정 열영상장비 구매규격서,TECH_DOC,합성-체계부품문서,high,synthetic,1
SYS-2023-0058,CODE,합성-과제코드,mid,synthetic,1
SYS-2009-0215,CODE,합성-과제코드,mid,synthetic,1
DP-2026-0459,CODE,합성-과제코드,mid,synthetic,1
TECH-2008-0088,CODE,합성-과제코드,mid,synthetic,1
TECH-2016-0076,CODE,합성-과제코드,mid,synthetic,1
MIL-2013-0386,CODE,합성-과제코드,mid,synthetic,1
ROC-2022-0110,CODE,합성-과제코드,mid,synthetic,1
EXP-2013-0031,CODE,합성-과제코드,mid,synthetic,1
ROC-2011-0163,CODE,합성-과제코드,mid,synthetic,1
ROC-2019-0230,CODE,합성-과제코드,mid,synthetic,1
MIL-2024-0196,CODE,합성-과제코드,mid,synthetic,1
ROC-2012-0578,CODE,합성-과제코드,mid,synthetic,1
비밀 소나 통신모듈 정비교범,TECH_DOC,합성-체계부품문서,high,synthetic,1
ROC-2026-0399,CODE,합성-과제코드,mid,synthetic,1
SEC-2024-0077,CODE,합성-과제코드,mid,synthetic,1
TECH-2015-0312,CODE,합성-과제코드,mid,synthetic,1
TECH-2020-0122,CODE,합성-과제코드,mid,synthetic,1
MIL-2017-0170,CODE,합성-과제코드,mid,synthetic,1
MIL-2005-0377,CODE,합성-과제코드,mid,synthetic,1
TECH-2023-0330,CODE,합성-과제코드,mid,synthetic,1
PRJ-2023-0192,CODE,합성-과제코드,mid,synthetic,1
ROC-2009-0465,CODE,합성-과제코드,mid,synthetic,1
SEC-2013-0305,CODE,합성-과제코드,mid,synthetic,1
EXP-2015-0405,CODE,합성-과제코드,mid,synthetic,1
EXP-2006-0360,CODE,합성-과제코드,mid,synthetic,1
TECH-2006-0558,CODE,합성-과제코드,mid,synthetic,1
MIL-2008-0036,CODE,합성-과제코드,mid,synthetic,1
MIL-2016-0206,CODE,합성-과제코드,mid,synthetic,1
SEC-2011-0173,CODE,합성-과제코드,mid,synthetic,1
TECH-2015-0330,CODE,합성-과제코드,mid,synthetic,1
MIL-2010-0479,CODE,합성-과제코드,mid,synthetic,1
TECH-2017-0067,CODE,합성-과제코드,mid,synthetic,1
DP-2024-0494,CODE,합성-과제코드,mid,synthetic,1
EXP-2024-0025,CODE,합성-과제코드,mid,synthetic,1
DP-2014-0163,CODE,합성-과제코드,mid,synthetic,1
SYS-2023-0309,CODE,합성-과제코드,mid,synthetic,1
MIL-2020-0446,CODE,합성-과제코드,mid,synthetic,1
DP-2009-0269,CODE,합성-과제코드,mid,synthetic,1
MIL-2018-0521,CODE,합성-과제코드,mid,synthetic,1
PRJ-2022-0399,CODE,합성-과제코드,mid,synthetic,1
SEC-2015-0360,CODE,합성-과제코드,mid,synthetic,1
TECH-2013-0258,CODE,합성-과제코드,mid,synthetic,1
SYS-2015-0543,CODE,합성-과제코드,mid,synthetic,1
MIL-2021-0497,CODE,합성-과제코드,mid,synthetic,1
PRJ-2018-0235,CODE,합성-과제코드,mid,synthetic,1
EXP-2024-0167,CODE,합성-과제코드,mid,synthetic,1
MIL-2020-0376,CODE,합성-과제코드,mid,synthetic,1
TECH-2006-0127,CODE,합성-과제코드,mid,synthetic,1
PRJ-2018-0405,CODE,합성-과제코드,mid,synthetic,1
ROC-2009-0298,CODE,합성-과제코드,mid,synthetic,1
MIL-2015-0025,CODE,합성-과제코드,mid,synthetic,1
ROC-2013-0395,CODE,합성-과제코드,mid,synthetic,1
ROC-2012-0170,CODE,합성-과제코드,mid,synthetic,1
SYS-2024-0255,CODE,합성-과제코드,mid,synthetic,1
SEC-2015-0427,CODE,합성-과제코드,mid,synthetic,1
SEC-2016-0375,CODE,합성-과제코드,mid,synthetic,1
DP-2014-0543,CODE,합성-과제코드,mid,synthetic,1
PRJ-2025-0161,CODE,합성-과제코드,mid,synthetic,1
MIL-2024-0363,CODE,합성-과제코드,mid,synthetic,1
PRJ-2020-0386,CODE,합성-과제코드,mid,synthetic,1
DP-2017-0552,CODE,합성-과제코드,mid,synthetic,1
MIL-2025-0478,CODE,합성-과제코드,mid,synthetic,1
MIL-2018-0573,CODE,합성-과제코드,mid,synthetic,1
PRJ-2012-0215,CODE,합성-과제코드,mid,synthetic,1
TECH-2019-0075,CODE,합성-과제코드,mid,synthetic,1
TECH-2017-0521,CODE,합성-과제코드,mid,synthetic,1
EXP-2020-0245,CODE,합성-과제코드,mid,synthetic,1
ROC-2026-0500,CODE,합성-과제코드,mid,synthetic,1
추진체 냉각장치 형상관리문서,TECH_DOC,합성-체계부품문서,high,synthetic,1
ROC-2015-0053,CODE,합성-과제코드,mid,synthetic,1
TECH-2023-0410,CODE,합성-과제코드,mid,synthetic,1
SEC-2012-0032,CODE,합성-과제코드,mid,synthetic,1
TECH-2005-0474,CODE,합성-과제코드,mid,synthetic,1
SEC-2018-0514,CODE,합성-과제코드,mid,synthetic,1
SYS-2011-0454,CODE,합성-과제코드,mid,synthetic,1
EXP-2005-0253,CODE,합성-과제코드,mid,synthetic,1
ROC-2025-0142,CODE,합성-과제코드,mid,synthetic,1
PRJ-2020-0547,CODE,합성-과제코드,mid,synthetic,1
대외비 소나 냉각장치 성능분석자료,TECH_DOC,합성-체계부품문서,high,synthetic,1
ROC-2018-0295,CODE,합성-과제코드,mid,synthetic,1
DP-2016-0320,CODE,합성-과제코드,mid,synthetic,1
EXP-2012-0199,CODE,합성-과제코드,mid,synthetic,1
PRJ-2026-0236,CODE,합성-과제코드,mid,synthetic,1
EXP-2005-0510,CODE,합성-과제코드,mid,synthetic,1
SYS-2018-0446,CODE,합성-과제코드,mid,synthetic,1
PRJ-2008-0467,CODE,합성-과제코드,mid,synthetic,1
SEC-2017-0574,CODE,합성-과제코드,mid,synthetic,1
MIL-2017-0256,CODE,합성-과제코드,mid,synthetic,1
SEC-2021-0337,CODE,합성-과제코드,mid,synthetic,1
PRJ-2016-0324,CODE,합성-과제코드,mid,synthetic,1
SEC-2012-0133,CODE,합성-과제코드,mid,synthetic,1
SYS-2012-0276,CODE,합성-과제코드,mid,synthetic,1
MIL-2014-0563,CODE,합성-과제코드,mid,synthetic,1
MIL-2015-0407,CODE,합성-과제코드,mid,synthetic,1
EXP-2022-0543,CODE,합성-과제코드,mid,synthetic,1
TECH-2011-0328,CODE,합성-과제코드,mid,synthetic,1
MIL-2023-0064,CODE,합성-과제코드,mid,synthetic,1
TECH-2013-0538,CODE,합성-과제코드,mid,synthetic,1
DP-2018-0334,CODE,합성-과제코드,mid,synthetic,1
SEC-2023-0528,CODE,합성-과제코드,mid,synthetic,1
EXP-2013-0119,CODE,합성-과제코드,mid,synthetic,1
SYS-2006-0056,CODE,합성-과제코드,mid,synthetic,1
SEC-2014-0589,CODE,합성-과제코드,mid,synthetic,1
TECH-2013-0495,CODE,합성-과제코드,mid,synthetic,1
PRJ-2017-0186,CODE,합성-과제코드,mid,synthetic,1
SEC-2021-0401,CODE,합성-과제코드,mid,synthetic,1
MIL-2018-0520,CODE,합성-과제코드,mid,synthetic,1
ROC-2023-0564,CODE,합성-과제코드,mid,synthetic,1
ROC-2008-0555,CODE,합성-과제코드,mid,synthetic,1
TECH-2013-0184,CODE,합성-과제코드,mid,synthetic,1
MIL-2022-0421,CODE,합성-과제코드,mid,synthetic,1
탄약 열영상장비 성능분석자료,TECH_DOC,합성-체계부품문서,high,synthetic,1
ROC-2024-0112,CODE,합성-과제코드,mid,synthetic,1
SYS-2007-0353,CODE,합성-과제코드,mid,synthetic,1
MIL-2022-0434,CODE,합성-과제코드,mid,synthetic,1
SEC-2018-0212,CODE,합성-과제코드,mid,synthetic,1
TECH-2014-0599,CODE,합성-과제코드,mid,synthetic,1
ROC-2010-0106,CODE,합성-과제코드,mid,synthetic,1
DP-2021-0401,CODE,합성-과제코드,mid,synthetic,1
PRJ-2013-0312,CODE,합성-과제코드,mid,synthetic,1
EXP-2010-0561,CODE,합성-과제코드,mid,synthetic,1
EXP-2022-0203,CODE,합성-과제코드,mid,synthetic,1
EXP-2016-0159,CODE,합성-과제코드,mid,synthetic,1
MIL-2018-0562,CODE,합성-과제코드,mid,synthetic,1
EXP-2025-0326,CODE,합성-과제코드,mid,synthetic,1
MIL-2023-0598,CODE,합성-과제코드,mid,synthetic,1
DP-2012-0229,CODE,합성-과제코드,mid,synthetic,1
MIL-2007-0240,CODE,합성-과제코드,mid,synthetic,1
TECH-2008-0183,CODE,합성-과제코드,mid,synthetic,1
DP-2024-0102,CODE,합성-과제코드,mid,synthetic,1
SYS-2013-0468,CODE,합성-과제코드,mid,synthetic,1
SYS-2018-0071,CODE,합성-과제코드,mid,synthetic,1
SEC-2026-0080,CODE,합성-과제코드,mid,synthetic,1
EXP-2022-0364,CODE,합성-과제코드,mid,synthetic,1
SYS-2022-0088,CODE,합성-과제코드,mid,synthetic,1
TECH-2021-0102,CODE,합성-과제코드,mid,synthetic,1
MIL-2026-0012,CODE,합성-과제코드,mid,synthetic,1
PRJ-2016-0186,CODE,합성-과제코드,mid,synthetic,1
TECH-2005-0023,CODE,합성-과제코드,mid,synthetic,1
SEC-2006-0397,CODE,합성-과제코드,mid,synthetic,1
SYS-2021-0099,CODE,합성-과제코드,mid,synthetic,1
TECH-2014-0027,CODE,합성-과제코드,mid,synthetic,1
SEC-2009-0275,CODE,합성-과제코드,mid,synthetic,1
DP-2009-0565,CODE,합성-과제코드,mid,synthetic,1
PRJ-2017-0374,CODE,합성-과제코드,mid,synthetic,1
PRJ-2019-0068,CODE,합성-과제코드,mid,synthetic,1
ROC-2020-0267,CODE,합성-과제코드,mid,synthetic,1
PRJ-2010-0487,CODE,합성-과제코드,mid,synthetic,1
SEC-2012-0315,CODE,합성-과제코드,mid,synthetic,1
MIL-2008-0233,CODE,합성-과제코드,mid,synthetic,1
SYS-2013-0128,CODE,합성-과제코드,mid,synthetic,1
DP-2019-0510,CODE,합성-과제코드,mid,synthetic,1
SEC-2013-0358,CODE,합성-과제코드,mid,synthetic,1
SYS-2019-0372,CODE,합성-과제코드,mid,synthetic,1
SYS-2016-0509,CODE,합성-과제코드,mid,synthetic,1
TECH-2016-0506,CODE,합성-과제코드,mid,synthetic,1
PRJ-2019-0350,CODE,합성-과제코드,mid,synthetic,1
PRJ-2006-0487,CODE,합성-과제코드,mid,synthetic,1
ROC-2005-0254,CODE,합성-과제코드,mid,synthetic,1
EXP-2018-0382,CODE,합성-과제코드,mid,synthetic,1
SEC-2026-0096,CODE,합성-과제코드,mid,synthetic,1
MIL-2007-0443,CODE,합성-과제코드,mid,synthetic,1
MIL-2005-0089,CODE,합성-과제코드,mid,synthetic,1
PRJ-2023-0574,CODE,합성-과제코드,mid,synthetic,1
EXP-2026-0433,CODE,합성-과제코드,mid,synthetic,1
ROC-2008-0419,CODE,합성-과제코드,mid,synthetic,1
TECH-2026-0319,CODE,합성-과제코드,mid,synthetic,1
SYS-2025-0031,CODE,합성-과제코드,mid,synthetic,1
SEC-2019-0243,CODE,합성-과제코드,mid,synthetic,1
TECH-2023-0431,CODE,합성-과제코드,mid,synthetic,1
MIL-2021-0257,CODE,합성-과제코드,mid,synthetic,1
MIL-2024-0126,CODE,합성-과제코드,mid,synthetic,1
ROC-2020-0503,CODE,합성-과제코드,mid,synthetic,1
PRJ-2023-0233,CODE,합성-과제코드,mid,synthetic,1
SYS-2010-0516,CODE,합성-과제코드,mid,synthetic,1
MIL-2017-0136,CODE,합성-과제코드,mid,synthetic,1
무인기 전원장치 제조사양서,TECH_DOC,합성-체계부품문서,high,synthetic,1
PRJ-2018-0298,CODE,합성-과제코드,mid,synthetic,1
PRJ-2010-0231,CODE,합성-과제코드,mid,synthetic,1
ROC-2007-0229,CODE,합성-과제코드,mid,synthetic,1
DP-2021-0367,CODE,합성-과제코드,mid,synthetic,1
TECH-2024-0365,CODE,합성-과제코드,mid,synthetic,1
EXP-2007-0302,CODE,합성-과제코드,mid,synthetic,1
DP-2005-0499,CODE,합성-과제코드,mid,synthetic,1
PRJ-2025-0395,CODE,합성-과제코드,mid,synthetic,1
TECH-2019-0146,CODE,합성-과제코드,mid,synthetic,1
EXP-2011-0147,CODE,합성-과제코드,mid,synthetic,1
DP-2010-0493,CODE,합성-과제코드,mid,synthetic,1
ROC-2021-0274,CODE,합성-과제코드,mid,synthetic,1
MIL-2017-0105,CODE,합성-과제코드,mid,synthetic,1
SYS-2015-0307,CODE,합성-과제코드,mid,synthetic,1
MIL-2025-0547,CODE,합성-과제코드,mid,synthetic,1
DP-2014-0525,CODE,합성-과제코드,mid,synthetic,1
DP-2025-0431,CODE,합성-과제코드,mid,synthetic,1
ROC-2019-0319,CODE,합성-과제코드,mid,synthetic,1
SEC-2008-0008,CODE,합성-과제코드,mid,synthetic,1
MIL-2022-0419,CODE,합성-과제코드,mid,synthetic,1
ROC-2025-0365,CODE,합성-과제코드,mid,synthetic,1
MIL-2010-0512,CODE,합성-과제코드,mid,synthetic,1
SEC-2015-0552,CODE,합성-과제코드,mid,synthetic,1
SYS-2026-0027,CODE,합성-과제코드,mid,synthetic,1
SEC-2010-0267,CODE,합성-과제코드,mid,synthetic,1
MIL-2009-0246,CODE,합성-과제코드,mid,synthetic,1
EXP-2008-0121,CODE,합성-과제코드,mid,synthetic,1
EXP-2017-0139,CODE,합성-과제코드,mid,synthetic,1
DP-2007-0311,CODE,합성-과제코드,mid,synthetic,1
PRJ-2026-0276,CODE,합성-과제코드,mid,synthetic,1
SEC-2021-0273,CODE,합성-과제코드,mid,synthetic,1
DP-2006-0525,CODE,합성-과제코드,mid,synthetic,1
EXP-2021-0352,CODE,합성-과제코드,mid,synthetic,1
ROC-2025-0458,CODE,합성-과제코드,mid,synthetic,1
MIL-2007-0441,CODE,합성-과제코드,mid,synthetic,1
DP-2005-0290,CODE,합성-과제코드,mid,synthetic,1
DP-2010-0265,CODE,합성-과제코드,mid,synthetic,1
EXP-2007-0189,CODE,합성-과제코드,mid,synthetic,1
ROC-2022-0234,CODE,합성-과제코드,mid,synthetic,1
ROC-2012-0062,CODE,합성-과제코드,mid,synthetic,1
EXP-2012-0543,CODE,합성-과제코드,mid,synthetic,1
ROC-2007-0316,CODE,합성-과제코드,mid,synthetic,1
EXP-2024-0363,CODE,합성-과제코드,mid,synthetic,1
EXP-2013-0023,CODE,합성-과제코드,mid,synthetic,1
PRJ-2017-0273,CODE,합성-과제코드,mid,synthetic,1
SEC-2022-0499,CODE,합성-과제코드,mid,synthetic,1
ROC-2013-0563,CODE,합성-과제코드,mid,synthetic,1
TECH-2021-0572,CODE,합성-과제코드,mid,synthetic,1
SYS-2007-0263,CODE,합성-과제코드,mid,synthetic,1
TECH-2023-0373,CODE,합성-과제코드,mid,synthetic,1
SYS-2011-0449,CODE,합성-과제코드,mid,synthetic,1
SYS-2019-0516,CODE,합성-과제코드,mid,synthetic,1
PRJ-2016-0119,CODE,합성-과제코드,mid,synthetic,1
TECH-2009-0405,CODE,합성-과제코드,mid,synthetic,1
MIL-2006-0168,CODE,합성-과제코드,mid,synthetic,1
ROC-2023-0541,CODE,합성-과제코드,mid,synthetic,1
PRJ-2020-0014,CODE,합성-과제코드,mid,synthetic,1
ROC-2026-0316,CODE,합성-과제코드,mid,synthetic,1
TECH-2019-0061,CODE,합성-과제코드,mid,synthetic,1
EXP-2013-0403,CODE,합성-과제코드,mid,synthetic,1
DP-2007-0325,CODE,합성-과제코드,mid,synthetic,1
DP-2016-0473,CODE,합성-과제코드,mid,synthetic,1
SEC-2026-0384,CODE,합성-과제코드,mid,synthetic,1
DP-2008-0516,CODE,합성-과제코드,mid,synthetic,1
SEC-2020-0269,CODE,합성-과제코드,mid,synthetic,1
TECH-2013-0335,CODE,합성-과제코드,mid,synthetic,1
EXP-2011-0016,CODE,합성-과제코드,mid,synthetic,1
SYS-2013-0521,CODE,합성-과제코드,mid,synthetic,1
EXP-2012-0484,CODE,합성-과제코드,mid,synthetic,1
EXP-2009-0195,CODE,합성-과제코드,mid,synthetic,1
MIL-2018-0502,CODE,합성-과제코드,mid,synthetic,1
ROC-2020-0582,CODE,합성-과제코드,mid,synthetic,1
SYS-2021-0298,CODE,합성-과제코드,mid,synthetic,1
SYS-2010-0524,CODE,합성-과제코드,mid,synthetic,1
대외비 장갑 안테나 시험성적서,TECH_DOC,합성-체계부품문서,high,synthetic,1
TECH-2013-0129,CODE,합성-과제코드,mid,synthetic,1
ROC-2007-0414,CODE,합성-과제코드,mid,synthetic,1
MIL-2017-0280,CODE,합성-과제코드,mid,synthetic,1
SEC-2007-0341,CODE,합성-과제코드,mid,synthetic,1
PRJ-2014-0329,CODE,합성-과제코드,mid,synthetic,1
MIL-2008-0454,CODE,합성-과제코드,mid,synthetic,1
EXP-2026-0021,CODE,합성-과제코드,mid,synthetic,1
TECH-2016-0089,CODE,합성-과제코드,mid,synthetic,1
SYS-2021-0503,CODE,합성-과제코드,mid,synthetic,1
DP-2013-0094,CODE,합성-과제코드,mid,synthetic,1
EXP-2023-0371,CODE,합성-과제코드,mid,synthetic,1
ROC-2020-0105,CODE,합성-과제코드,mid,synthetic,1
SEC-2016-0215,CODE,합성-과제코드,mid,synthetic,1
DP-2026-0218,CODE,합성-과제코드,mid,synthetic,1
TECH-2024-0497,CODE,합성-과제코드,mid,synthetic,1
EXP-2021-0343,CODE,합성-과제코드,mid,synthetic,1
EXP-2025-0444,CODE,합성-과제코드,mid,synthetic,1
SYS-2014-0287,CODE,합성-과제코드,mid,synthetic,1
DP-2007-0335,CODE,합성-과제코드,mid,synthetic,1
PRJ-2020-0118,CODE,합성-과제코드,mid,synthetic,1
MIL-2026-0596,CODE,합성-과제코드,mid,synthetic,1
ROC-2012-0553,CODE,합성-과제코드,mid,synthetic,1
SYS-2016-0266,CODE,합성-과제코드,mid,synthetic,1
EXP-2026-0456,CODE,합성-과제코드,mid,synthetic,1
MIL-2022-0112,CODE,합성-과제코드,mid,synthetic,1
PRJ-2012-0100,CODE,합성-과제코드,mid,synthetic,1
EXP-2009-0406,CODE,합성-과제코드,mid,synthetic,1
SYS-2010-0212,CODE,합성-과제코드,mid,synthetic,1
ROC-2025-0511,CODE,합성-과제코드,mid,synthetic,1
PRJ-2018-0396,CODE,합성-과제코드,mid,synthetic,1
ROC-2012-0431,CODE,합성-과제코드,mid,synthetic,1
SYS-2018-0336,CODE,합성-과제코드,mid,synthetic,1
SEC-2025-0248,CODE,합성-과제코드,mid,synthetic,1
DP-2005-0242,CODE,합성-과제코드,mid,synthetic,1
TECH-2018-0191,CODE,합성-과제코드,mid,synthetic,1
DP-2015-0515,CODE,합성-과제코드,mid,synthetic,1
TECH-2015-0517,CODE,합성-과제코드,mid,synthetic,1
PRJ-2019-0241,CODE,합성-과제코드,mid,synthetic,1
무인기 암호모듈 구매규격서,TECH_DOC,합성-체계부품문서,high,synthetic,1
PRJ-2023-0234,CODE,합성-과제코드,mid,synthetic,1
SEC-2023-0215,CODE,합성-과제코드,mid,synthetic,1
TECH-2012-0014,CODE,합성-과제코드,mid,synthetic,1
ROC-2005-0084,CODE,합성-과제코드,mid,synthetic,1
EXP-2021-0084,CODE,합성-과제코드,mid,synthetic,1
방공체계 열영상장비 구매규격서,TECH_DOC,합성-체계부품문서,high,synthetic,1
SYS-2020-0249,CODE,합성-과제코드,mid,synthetic,1
ROC-2023-0084,CODE,합성-과제코드,mid,synthetic,1
PRJ-2006-0397,CODE,합성-과제코드,mid,synthetic,1
TECH-2005-0145,CODE,합성-과제코드,mid,synthetic,1
SYS-2010-0331,CODE,합성-과제코드,mid,synthetic,1
PRJ-2022-0167,CODE,합성-과제코드,mid,synthetic,1
DP-2006-0390,CODE,합성-과제코드,mid,synthetic,1
PRJ-2019-0236,CODE,합성-과제코드,mid,synthetic,1
ROC-2015-0004,CODE,합성-과제코드,mid,synthetic,1
PRJ-2019-0590,CODE,합성-과제코드,mid,synthetic,1
DP-2009-0470,CODE,합성-과제코드,mid,synthetic,1
SYS-2012-0395,CODE,합성-과제코드,mid,synthetic,1
EXP-2020-0224,CODE,합성-과제코드,mid,synthetic,1
TECH-2022-0347,CODE,합성-과제코드,mid,synthetic,1
ROC-2006-0346,CODE,합성-과제코드,mid,synthetic,1
TECH-2020-0167,CODE,합성-과제코드,mid,synthetic,1
TECH-2007-0134,CODE,합성-과제코드,mid,synthetic,1
PRJ-2021-0257,CODE,합성-과제코드,mid,synthetic,1
MIL-2011-0252,CODE,합성-과제코드,mid,synthetic,1
PRJ-2020-0408,CODE,합성-과제코드,mid,synthetic,1
DP-2025-0423,CODE,합성-과제코드,mid,synthetic,1
MIL-2008-0381,CODE,합성-과제코드,mid,synthetic,1
SYS-2016-0103,CODE,합성-과제코드,mid,synthetic,1
ROC-2006-0413,CODE,합성-과제코드,mid,synthetic,1
TECH-2018-0246,CODE,합성-과제코드,mid,synthetic,1
DP-2008-0426,CODE,합성-과제코드,mid,synthetic,1
TECH-2009-0558,CODE,합성-과제코드,mid,synthetic,1
MIL-2024-0215,CODE,합성-과제코드,mid,synthetic,1
TECH-2012-0082,CODE,합성-과제코드,mid,synthetic,1
MIL-2018-0049,CODE,합성-과제코드,mid,synthetic,1
EXP-2006-0272,CODE,합성-과제코드,mid,synthetic,1
SEC-2018-0239,CODE,합성-과제코드,mid,synthetic,1
TECH-2007-0126,CODE,합성-과제코드,mid,synthetic,1
ROC-2025-0014,CODE,합성-과제코드,mid,synthetic,1
PRJ-2021-0062,CODE,합성-과제코드,mid,synthetic,1
PRJ-2005-0307,CODE,합성-과제코드,mid,synthetic,1
SEC-2025-0574,CODE,합성-과제코드,mid,synthetic,1
MIL-2022-0556,CODE,합성-과제코드,mid,synthetic,1
EXP-2024-0061,CODE,합성-과제코드,mid,synthetic,1
MIL-2005-0031,CODE,합성-과제코드,mid,synthetic,1
EXP-2006-0194,CODE,합성-과제코드,mid,synthetic,1
PRJ-2008-0361,CODE,합성-과제코드,mid,synthetic,1
ROC-2025-0506,CODE,합성-과제코드,mid,synthetic,1
DP-2020-0378,CODE,합성-과제코드,mid,synthetic,1
TECH-2021-0072,CODE,합성-과제코드,mid,synthetic,1
DP-2012-0272,CODE,합성-과제코드,mid,synthetic,1
ROC-2006-0381,CODE,합성-과제코드,mid,synthetic,1
EXP-2024-0547,CODE,합성-과제코드,mid,synthetic,1
EXP-2026-0104,CODE,합성-과제코드,mid,synthetic,1
EXP-2023-0579,CODE,합성-과제코드,mid,synthetic,1
DP-2023-0113,CODE,합성-과제코드,mid,synthetic,1
MIL-2024-0103,CODE,합성-과제코드,mid,synthetic,1
SEC-2010-0221,CODE,합성-과제코드,mid,synthetic,1
TECH-2026-0292,CODE,합성-과제코드,mid,synthetic,1
EXP-2013-0139,CODE,합성-과제코드,mid,synthetic,1
EXP-2015-0323,CODE,합성-과제코드,mid,synthetic,1
SYS-2007-0135,CODE,합성-과제코드,mid,synthetic,1
ROC-2013-0116,CODE,합성-과제코드,mid,synthetic,1
ROC-2014-0586,CODE,합성-과제코드,mid,synthetic,1
SYS-2023-0137,CODE,합성-과제코드,mid,synthetic,1
SYS-2016-0157,CODE,합성-과제코드,mid,synthetic,1
SEC-2026-0219,CODE,합성-과제코드,mid,synthetic,1
대외비 레이더 암호모듈 성능분석자료,TECH_DOC,합성-체계부품문서,high,synthetic,1
MIL-2016-0003,CODE,합성-과제코드,mid,synthetic,1
SEC-2025-0384,CODE,합성-과제코드,mid,synthetic,1
ROC-2006-0156,CODE,합성-과제코드,mid,synthetic,1
SEC-2019-0224,CODE,합성-과제코드,mid,synthetic,1
MIL-2015-0450,CODE,합성-과제코드,mid,synthetic,1
MIL-2019-0374,CODE,합성-과제코드,mid,synthetic,1
SEC-2018-0431,CODE,합성-과제코드,mid,synthetic,1
MIL-2020-0037,CODE,합성-과제코드,mid,synthetic,1
PRJ-2022-0346,CODE,합성-과제코드,mid,synthetic,1
EXP-2006-0494,CODE,합성-과제코드,mid,synthetic,1
TECH-2012-0486,CODE,합성-과제코드,mid,synthetic,1
EXP-2005-0444,CODE,합성-과제코드,mid,synthetic,1
TECH-2015-0450,CODE,합성-과제코드,mid,synthetic,1
TECH-2012-0130,CODE,합성-과제코드,mid,synthetic,1
MIL-2010-0168,CODE,합성-과제코드,mid,synthetic,1
SEC-2012-0380,CODE,합성-과제코드,mid,synthetic,1
SYS-2020-0071,CODE,합성-과제코드,mid,synthetic,1
ROC-2017-0247,CODE,합성-과제코드,mid,synthetic,1
PRJ-2014-0400,CODE,합성-과제코드,mid,synthetic,1
SEC-2021-0423,CODE,합성-과제코드,mid,synthetic,1
SYS-2025-0549,CODE,합성-과제코드,mid,synthetic,1
MIL-2023-0417,CODE,합성-과제코드,mid,synthetic,1
SYS-2026-0535,CODE,합성-과제코드,mid,synthetic,1
ROC-2005-0561,CODE,합성-과제코드,mid,synthetic,1
PRJ-2023-0303,CODE,합성-과제코드,mid,synthetic,1
TECH-2022-0518,CODE,합성-과제코드,mid,synthetic,1
SEC-2023-0557,CODE,합성-과제코드,mid,synthetic,1
PRJ-2026-0135,CODE,합성-과제코드,mid,synthetic,1
DP-2008-0045,CODE,합성-과제코드,mid,synthetic,1
MIL-2015-0083,CODE,합성-과제코드,mid,synthetic,1
EXP-2007-0491,CODE,합성-과제코드,mid,synthetic,1
SYS-2007-0418,CODE,합성-과제코드,mid,synthetic,1
PRJ-2021-0373,CODE,합성-과제코드,mid,synthetic,1
EXP-2026-0304,CODE,합성-과제코드,mid,synthetic,1
TECH-2005-0077,CODE,합성-과제코드,mid,synthetic,1
EXP-2011-0388,CODE,합성-과제코드,mid,synthetic,1
SYS-2020-0218,CODE,합성-과제코드,mid,synthetic,1
EXP-2021-0101,CODE,합성-과제코드,mid,synthetic,1
비밀 소나 통신모듈 개발계획서,TECH_DOC,합성-체계부품문서,high,synthetic,1
EXP-2013-0579,CODE,합성-과제코드,mid,synthetic,1
MIL-2018-0042,CODE,합성-과제코드,mid,synthetic,1
MIL-2015-0485,CODE,합성-과제코드,mid,synthetic,1
ROC-2010-0517,CODE,합성-과제코드,mid,synthetic,1
SYS-2020-0286,CODE,합성-과제코드,mid,synthetic,1
PRJ-2023-0482,CODE,합성-과제코드,mid,synthetic,1
DP-2021-0448,CODE,합성-과제코드,mid,synthetic,1
SEC-2011-0081,CODE,합성-과제코드,mid,synthetic,1
PRJ-2022-0198,CODE,합성-과제코드,mid,synthetic,1
TECH-2012-0442,CODE,합성-과제코드,mid,synthetic,1
SEC-2014-0149,CODE,합성-과제코드,mid,synthetic,1
EXP-2021-0153,CODE,합성-과제코드,mid,synthetic,1
DP-2008-0243,CODE,합성-과제코드,mid,synthetic,1
DP-2010-0214,CODE,합성-과제코드,mid,synthetic,1
EXP-2024-0066,CODE,합성-과제코드,mid,synthetic,1
TECH-2016-0217,CODE,합성-과제코드,mid,synthetic,1
SYS-2017-0556,CODE,합성-과제코드,mid,synthetic,1
ROC-2015-0104,CODE,합성-과제코드,mid,synthetic,1
DP-2008-0388,CODE,합성-과제코드,mid,synthetic,1
PRJ-2015-0349,CODE,합성-과제코드,mid,synthetic,1
PRJ-2026-0314,CODE,합성-과제코드,mid,synthetic,1
SEC-2016-0494,CODE,합성-과제코드,mid,synthetic,1
PRJ-2015-0192,CODE,합성-과제코드,mid,synthetic,1
PRJ-2005-0398,CODE,합성-과제코드,mid,synthetic,1
SEC-2020-0469,CODE,합성-과제코드,mid,synthetic,1
MIL-2016-0587,CODE,합성-과제코드,mid,synthetic,1
MIL-2015-0561,CODE,합성-과제코드,mid,synthetic,1
PRJ-2009-0210,CODE,합성-과제코드,mid,synthetic,1
DP-2025-0515,CODE,합성-과제코드,mid,synthetic,1
TECH-2012-0242,CODE,합성-과제코드,mid,synthetic,1
TECH-2007-0474,CODE,합성-과제코드,mid,synthetic,1
DP-2013-0192,CODE,합성-과제코드,mid,synthetic,1
MIL-2025-0088,CODE,합성-과제코드,mid,synthetic,1
TECH-2021-0395,CODE,합성-과제코드,mid,synthetic,1
EXP-2025-0332,CODE,합성-과제코드,mid,synthetic,1
TECH-2010-0544,CODE,합성-과제코드,mid,synthetic,1
MIL-2019-0426,CODE,합성-과제코드,mid,synthetic,1
SEC-2017-0144,CODE,합성-과제코드,mid,synthetic,1
전투기 탐색기 개발계획서,TECH_DOC,합성-체계부품문서,high,synthetic,1
SYS-2020-0197,CODE,합성-과제코드,mid,synthetic,1
TECH-2013-0180,CODE,합성-과제코드,mid,synthetic,1
EXP-2013-0559,CODE,합성-과제코드,mid,synthetic,1
EXP-2020-0033,CODE,합성-과제코드,mid,synthetic,1
TECH-2012-0425,CODE,합성-과제코드,mid,synthetic,1
MIL-2024-0460,CODE,합성-과제코드,mid,synthetic,1
EXP-2008-0467,CODE,합성-과제코드,mid,synthetic,1
MIL-2020-0300,CODE,합성-과제코드,mid,synthetic,1
MIL-2021-0517,CODE,합성-과제코드,mid,synthetic,1
EXP-2024-0553,CODE,합성-과제코드,mid,synthetic,1
TECH-2010-0265,CODE,합성-과제코드,mid,synthetic,1
DP-2008-0314,CODE,합성-과제코드,mid,synthetic,1
TECH-2013-0091,CODE,합성-과제코드,mid,synthetic,1
SEC-2026-0051,CODE,합성-과제코드,mid,synthetic,1
ROC-2012-0304,CODE,합성-과제코드,mid,synthetic,1
TECH-2013-0517,CODE,합성-과제코드,mid,synthetic,1
TECH-2020-0215,CODE,합성-과제코드,mid,synthetic,1
EXP-2023-0541,CODE,합성-과제코드,mid,synthetic,1
SEC-2015-0128,CODE,합성-과제코드,mid,synthetic,1
SEC-2011-0147,CODE,합성-과제코드,mid,synthetic,1
TECH-2025-0486,CODE,합성-과제코드,mid,synthetic,1
PRJ-2010-0413,CODE,합성-과제코드,mid,synthetic,1
소나 추진기관 제조사양서,TECH_DOC,합성-체계부품문서,high,synthetic,1
SEC-2009-0226,CODE,합성-과제코드,mid,synthetic,1
EXP-2022-0407,CODE,합성-과제코드,mid,synthetic,1
DP-2024-0257,CODE,합성-과제코드,mid,synthetic,1
ROC-2018-0035,CODE,합성-과제코드,mid,synthetic,1
SYS-2019-0448,CODE,합성-과제코드,mid,synthetic,1
DP-2014-0356,CODE,합성-과제코드,mid,synthetic,1
EXP-2024-0238,CODE,합성-과제코드,mid,synthetic,1
SYS-2008-0359,CODE,합성-과제코드,mid,synthetic,1
SYS-2021-0135,CODE,합성-과제코드,mid,synthetic,1
SEC-2021-0398,CODE,합성-과제코드,mid,synthetic,1
DP-2009-0013,CODE,합성-과제코드,mid,synthetic,1
DP-2009-0047,CODE,합성-과제코드,mid,synthetic,1
MIL-2018-0413,CODE,합성-과제코드,mid,synthetic,1
TECH-2015-0483,CODE,합성-과제코드,mid,synthetic,1
SYS-2009-0093,CODE,합성-과제코드,mid,synthetic,1
장갑 전원장치 설계도면,TECH_DOC,합성-체계부품문서,high,synthetic,1
TECH-2020-0044,CODE,합성-과제코드,mid,synthetic,1
MIL-2015-0536,CODE,합성-과제코드,mid,synthetic,1
DP-2020-0341,CODE,합성-과제코드,mid,synthetic,1
EXP-2023-0095,CODE,합성-과제코드,mid,synthetic,1
DP-2013-0035,CODE,합성-과제코드,mid,synthetic,1
PRJ-2026-0521,CODE,합성-과제코드,mid,synthetic,1
MIL-2011-0470,CODE,합성-과제코드,mid,synthetic,1
MIL-2022-0361,CODE,합성-과제코드,mid,synthetic,1
MIL-2015-0550,CODE,합성-과제코드,mid,synthetic,1
ROC-2015-0593,CODE,합성-과제코드,mid,synthetic,1
MIL-2010-0565,CODE,합성-과제코드,mid,synthetic,1
SYS-2022-0316,CODE,합성-과제코드,mid,synthetic,1
SYS-2014-0553,CODE,합성-과제코드,mid,synthetic,1
EXP-2021-0149,CODE,합성-과제코드,mid,synthetic,1
SYS-2019-0375,CODE,합성-과제코드,mid,synthetic,1
DP-2006-0165,CODE,합성-과제코드,mid,synthetic,1
PRJ-2019-0026,CODE,합성-과제코드,mid,synthetic,1
TECH-2010-0583,CODE,합성-과제코드,mid,synthetic,1
DP-2011-0586,CODE,합성-과제코드,mid,synthetic,1
TECH-2018-0326,CODE,합성-과제코드,mid,synthetic,1
SYS-2019-0225,CODE,합성-과제코드,mid,synthetic,1
TECH-2012-0576,CODE,합성-과제코드,mid,synthetic,1
PRJ-2014-0397,CODE,합성-과제코드,mid,synthetic,1
PRJ-2005-0280,CODE,합성-과제코드,mid,synthetic,1
PRJ-2012-0242,CODE,합성-과제코드,mid,synthetic,1
DP-2016-0307,CODE,합성-과제코드,mid,synthetic,1
TECH-2024-0080,CODE,합성-과제코드,mid,synthetic,1
SYS-2010-0517,CODE,합성-과제코드,mid,synthetic,1
SYS-2011-0595,CODE,합성-과제코드,mid,synthetic,1
EXP-2007-0547,CODE,합성-과제코드,mid,synthetic,1
PRJ-2013-0164,CODE,합성-과제코드,mid,synthetic,1
EXP-2011-0029,CODE,합성-과제코드,mid,synthetic,1
PRJ-2026-0477,CODE,합성-과제코드,mid,synthetic,1
DP-2021-0112,CODE,합성-과제코드,mid,synthetic,1
MIL-2016-0585,CODE,합성-과제코드,mid,synthetic,1
ROC-2009-0397,CODE,합성-과제코드,mid,synthetic,1
MIL-2011-0595,CODE,합성-과제코드,mid,synthetic,1
SEC-2019-0211,CODE,합성-과제코드,mid,synthetic,1
TECH-2018-0210,CODE,합성-과제코드,mid,synthetic,1
MIL-2014-0331,CODE,합성-과제코드,mid,synthetic,1
SEC-2013-0595,CODE,합성-과제코드,mid,synthetic,1
TECH-2026-0451,CODE,합성-과제코드,mid,synthetic,1
EXP-2021-0045,CODE,합성-과제코드,mid,synthetic,1
SYS-2015-0223,CODE,합성-과제코드,mid,synthetic,1
EXP-2013-0402,CODE,합성-과제코드,mid,synthetic,1
ROC-2012-0357,CODE,합성-과제코드,mid,synthetic,1
SEC-2017-0514,CODE,합성-과제코드,mid,synthetic,1
PRJ-2023-0468,CODE,합성-과제코드,mid,synthetic,1
PRJ-2020-0200,CODE,합성-과제코드,mid,synthetic,1
PRJ-2005-0519,CODE,합성-과제코드,mid,synthetic,1
TECH-2013-0408,CODE,합성-과제코드,mid,synthetic,1
PRJ-2016-0456,CODE,합성-과제코드,mid,synthetic,1
SEC-2025-0505,CODE,합성-과제코드,mid,synthetic,1
SEC-2013-0082,CODE,합성-과제코드,mid,synthetic,1
EXP-2017-0553,CODE,합성-과제코드,mid,synthetic,1
MIL-2017-0217,CODE,합성-과제코드,mid,synthetic,1
DP-2020-0258,CODE,합성-과제코드,mid,synthetic,1
DP-2012-0481,CODE,합성-과제코드,mid,synthetic,1
PRJ-2011-0260,CODE,합성-과제코드,mid,synthetic,1
TECH-2022-0507,CODE,합성-과제코드,mid,synthetic,1
SYS-2022-0299,CODE,합성-과제코드,mid,synthetic,1
EXP-2011-0204,CODE,합성-과제코드,mid,synthetic,1
EXP-2026-0507,CODE,합성-과제코드,mid,synthetic,1
MIL-2011-0359,CODE,합성-과제코드,mid,synthetic,1
MIL-2006-0479,CODE,합성-과제코드,mid,synthetic,1
ROC-2012-0309,CODE,합성-과제코드,mid,synthetic,1
비밀 함정 추진기관 개발계획서,TECH_DOC,합성-체계부품문서,high,synthetic,1
TECH-2009-0314,CODE,합성-과제코드,mid,synthetic,1
PRJ-2014-0494,CODE,합성-과제코드,mid,synthetic,1
ROC-2013-0447,CODE,합성-과제코드,mid,synthetic,1
MIL-2016-0244,CODE,합성-과제코드,mid,synthetic,1
SEC-2005-0580,CODE,합성-과제코드,mid,synthetic,1
ROC-2011-0388,CODE,합성-과제코드,mid,synthetic,1
MIL-2020-0214,CODE,합성-과제코드,mid,synthetic,1
SEC-2005-0225,CODE,합성-과제코드,mid,synthetic,1
TECH-2012-0406,CODE,합성-과제코드,mid,synthetic,1
대외비 잠수함 열영상장비 개발계획서,TECH_DOC,합성-체계부품문서,high,synthetic,1
MIL-2025-0517,CODE,합성-과제코드,mid,synthetic,1
DP-2015-0324,CODE,합성-과제코드,mid,synthetic,1
MIL-2009-0123,CODE,합성-과제코드,mid,synthetic,1
PRJ-2022-0379,CODE,합성-과제코드,mid,synthetic,1
DP-2008-0345,CODE,합성-과제코드,mid,synthetic,1
MIL-2009-0020,CODE,합성-과제코드,mid,synthetic,1
SEC-2020-0037,CODE,합성-과제코드,mid,synthetic,1
MIL-2018-0089,CODE,합성-과제코드,mid,synthetic,1
TECH-2010-0049,CODE,합성-과제코드,mid,synthetic,1
PRJ-2026-0206,CODE,합성-과제코드,mid,synthetic,1
EXP-2013-0394,CODE,합성-과제코드,mid,synthetic,1
SEC-2011-0337,CODE,합성-과제코드,mid,synthetic,1
MIL-2022-0035,CODE,합성-과제코드,mid,synthetic,1
EXP-2009-0096,CODE,합성-과제코드,mid,synthetic,1
EXP-2023-0434,CODE,합성-과제코드,mid,synthetic,1
TECH-2013-0016,CODE,합성-과제코드,mid,synthetic,1
TECH-2010-0206,CODE,합성-과제코드,mid,synthetic,1
EXP-2019-0598,CODE,합성-과제코드,mid,synthetic,1
SEC-2024-0056,CODE,합성-과제코드,mid,synthetic,1
EXP-2011-0554,CODE,합성-과제코드,mid,synthetic,1
SEC-2011-0067,CODE,합성-과제코드,mid,synthetic,1
MIL-2018-0165,CODE,합성-과제코드,mid,synthetic,1
SEC-2020-0596,CODE,합성-과제코드,mid,synthetic,1
ROC-2006-0008,CODE,합성-과제코드,mid,synthetic,1
PRJ-2007-0093,CODE,합성-과제코드,mid,synthetic,1
ROC-2016-0523,CODE,합성-과제코드,mid,synthetic,1
SYS-2005-0303,CODE,합성-과제코드,mid,synthetic,1
ROC-2018-0154,CODE,합성-과제코드,mid,synthetic,1
EXP-2018-0454,CODE,합성-과제코드,mid,synthetic,1
EXP-2024-0257,CODE,합성-과제코드,mid,synthetic,1
SEC-2018-0507,CODE,합성-과제코드,mid,synthetic,1
ROC-2024-0312,CODE,합성-과제코드,mid,synthetic,1
MIL-2009-0198,CODE,합성-과제코드,mid,synthetic,1
MIL-2015-0026,CODE,합성-과제코드,mid,synthetic,1
대외비 추진체 전원장치 형상관리문서,TECH_DOC,합성-체계부품문서,high,synthetic,1
PRJ-2005-0274,CODE,합성-과제코드,mid,synthetic,1
MIL-2009-0178,CODE,합성-과제코드,mid,synthetic,1
DP-2024-0266,CODE,합성-과제코드,mid,synthetic,1
MIL-2025-0327,CODE,합성-과제코드,mid,synthetic,1
DP-2024-0362,CODE,합성-과제코드,mid,synthetic,1
ROC-2013-0424,CODE,합성-과제코드,mid,synthetic,1
SEC-2017-0141,CODE,합성-과제코드,mid,synthetic,1
MIL-2005-0509,CODE,합성-과제코드,mid,synthetic,1
ROC-2006-0511,CODE,합성-과제코드,mid,synthetic,1
MIL-2017-0133,CODE,합성-과제코드,mid,synthetic,1
MIL-2011-0446,CODE,합성-과제코드,mid,synthetic,1
DP-2021-0103,CODE,합성-과제코드,mid,synthetic,1
TECH-2015-0481,CODE,합성-과제코드,mid,synthetic,1
EXP-2015-0513,CODE,합성-과제코드,mid,synthetic,1
MIL-2011-0149,CODE,합성-과제코드,mid,synthetic,1
PRJ-2013-0010,CODE,합성-과제코드,mid,synthetic,1
SEC-2005-0093,CODE,합성-과제코드,mid,synthetic,1
SYS-2023-0438,CODE,합성-과제코드,mid,synthetic,1
DP-2017-0178,CODE,합성-과제코드,mid,synthetic,1
EXP-2019-0405,CODE,합성-과제코드,mid,synthetic,1
DP-2023-0372,CODE,합성-과제코드,mid,synthetic,1
ROC-2013-0306,CODE,합성-과제코드,mid,synthetic,1
TECH-2025-0570,CODE,합성-과제코드,mid,synthetic,1
SEC-2014-0266,CODE,합성-과제코드,mid,synthetic,1
ROC-2017-0580,CODE,합성-과제코드,mid,synthetic,1
TECH-2020-0103,CODE,합성-과제코드,mid,synthetic,1
DP-2013-0510,CODE,합성-과제코드,mid,synthetic,1
SYS-2012-0302,CODE,합성-과제코드,mid,synthetic,1
MIL-2020-0335,CODE,합성-과제코드,mid,synthetic,1
SEC-2009-0466,CODE,합성-과제코드,mid,synthetic,1
MIL-2020-0330,CODE,합성-과제코드,mid,synthetic,1
SEC-2007-0302,CODE,합성-과제코드,mid,synthetic,1
DP-2018-0021,CODE,합성-과제코드,mid,synthetic,1
SEC-2012-0513,CODE,합성-과제코드,mid,synthetic,1
TECH-2020-0247,CODE,합성-과제코드,mid,synthetic,1
SEC-2016-0576,CODE,합성-과제코드,mid,synthetic,1
PRJ-2005-0540,CODE,합성-과제코드,mid,synthetic,1
MIL-2005-0067,CODE,합성-과제코드,mid,synthetic,1
전자전 신호처리기 제조사양서,TECH_DOC,합성-체계부품문서,high,synthetic,1
SEC-2013-0410,CODE,합성-과제코드,mid,synthetic,1
EXP-2024-0051,CODE,합성-과제코드,mid,synthetic,1
ROC-2026-0042,CODE,합성-과제코드,mid,synthetic,1
ROC-2005-0335,CODE,합성-과제코드,mid,synthetic,1
EXP-2008-0362,CODE,합성-과제코드,mid,synthetic,1
DP-2007-0495,CODE,합성-과제코드,mid,synthetic,1
DP-2026-0060,CODE,합성-과제코드,mid,synthetic,1
MIL-2006-0212,CODE,합성-과제코드,mid,synthetic,1
DP-2018-0236,CODE,합성-과제코드,mid,synthetic,1
SEC-2018-0475,CODE,합성-과제코드,mid,synthetic,1
DP-2009-0214,CODE,합성-과제코드,mid,synthetic,1
소나 센서모듈 시험성적서,TECH_DOC,합성-체계부품문서,high,synthetic,1
DP-2009-0534,CODE,합성-과제코드,mid,synthetic,1
PRJ-2023-0272,CODE,합성-과제코드,mid,synthetic,1
SEC-2026-0354,CODE,합성-과제코드,mid,synthetic,1
SYS-2023-0470,CODE,합성-과제코드,mid,synthetic,1
EXP-2021-0059,CODE,합성-과제코드,mid,synthetic,1
TECH-2014-0283,CODE,합성-과제코드,mid,synthetic,1
MIL-2017-0551,CODE,합성-과제코드,mid,synthetic,1
SYS-2007-0045,CODE,합성-과제코드,mid,synthetic,1
SEC-2021-0432,CODE,합성-과제코드,mid,synthetic,1
TECH-2021-0121,CODE,합성-과제코드,mid,synthetic,1
ROC-2010-0549,CODE,합성-과제코드,mid,synthetic,1
SEC-2023-0038,CODE,합성-과제코드,mid,synthetic,1
PRJ-2022-0219,CODE,합성-과제코드,mid,synthetic,1
MIL-2009-0184,CODE,합성-과제코드,mid,synthetic,1
ROC-2023-0099,CODE,합성-과제코드,mid,synthetic,1
PRJ-2005-0174,CODE,합성-과제코드,mid,synthetic,1
SEC-2021-0110,CODE,합성-과제코드,mid,synthetic,1
SYS-2008-0430,CODE,합성-과제코드,mid,synthetic,1
PRJ-2006-0391,CODE,합성-과제코드,mid,synthetic,1
SEC-2017-0502,CODE,합성-과제코드,mid,synthetic,1
SEC-2013-0256,CODE,합성-과제코드,mid,synthetic,1
PRJ-2012-0044,CODE,합성-과제코드,mid,synthetic,1
MIL-2011-0578,CODE,합성-과제코드,mid,synthetic,1
MIL-2010-0204,CODE,합성-과제코드,mid,synthetic,1
PRJ-2021-0083,CODE,합성-과제코드,mid,synthetic,1
비밀 지휘통제 냉각장치 구매규격서,TECH_DOC,합성-체계부품문서,high,synthetic,1
TECH-2010-0508,CODE,합성-과제코드,mid,synthetic,1
SYS-2015-0052,CODE,합성-과제코드,mid,synthetic,1
PRJ-2025-0191,CODE,합성-과제코드,mid,synthetic,1
SYS-2020-0185,CODE,합성-과제코드,mid,synthetic,1
PRJ-2023-0381,CODE,합성-과제코드,mid,synthetic,1
ROC-2024-0233,CODE,합성-과제코드,mid,synthetic,1
SEC-2008-0083,CODE,합성-과제코드,mid,synthetic,1
ROC-2020-0330,CODE,합성-과제코드,mid,synthetic,1
DP-2026-0197,CODE,합성-과제코드,mid,synthetic,1
MIL-2026-0453,CODE,합성-과제코드,mid,synthetic,1
DP-2024-0289,CODE,합성-과제코드,mid,synthetic,1
PRJ-2019-0483,CODE,합성-과제코드,mid,synthetic,1
ROC-2006-0555,CODE,합성-과제코드,mid,synthetic,1
EXP-2016-0370,CODE,합성-과제코드,mid,synthetic,1
무인기 냉각장치 구매규격서,TECH_DOC,합성-체계부품문서,high,synthetic,1
EXP-2015-0535,CODE,합성-과제코드,mid,synthetic,1
PRJ-2017-0017,CODE,합성-과제코드,mid,synthetic,1
EXP-2009-0301,CODE,합성-과제코드,mid,synthetic,1
MIL-2013-0092,CODE,합성-과제코드,mid,synthetic,1
PRJ-2010-0553,CODE,합성-과제코드,mid,synthetic,1
DP-2009-0554,CODE,합성-과제코드,mid,synthetic,1
SYS-2023-0321,CODE,합성-과제코드,mid,synthetic,1
PRJ-2017-0357,CODE,합성-과제코드,mid,synthetic,1
DP-2021-0197,CODE,합성-과제코드,mid,synthetic,1
TECH-2014-0272,CODE,합성-과제코드,mid,synthetic,1
PRJ-2006-0472,CODE,합성-과제코드,mid,synthetic,1
ROC-2013-0430,CODE,합성-과제코드,mid,synthetic,1
DP-2022-0351,CODE,합성-과제코드,mid,synthetic,1
비밀 추진체 안테나 개발계획서,TECH_DOC,합성-체계부품문서,high,synthetic,1
DP-2008-0518,CODE,합성-과제코드,mid,synthetic,1
ROC-2009-0494,CODE,합성-과제코드,mid,synthetic,1
MIL-2021-0262,CODE,합성-과제코드,mid,synthetic,1
MIL-2025-0309,CODE,합성-과제코드,mid,synthetic,1
ROC-2017-0188,CODE,합성-과제코드,mid,synthetic,1
DP-2011-0400,CODE,합성-과제코드,mid,synthetic,1
PRJ-2025-0141,CODE,합성-과제코드,mid,synthetic,1
MIL-2022-0326,CODE,합성-과제코드,mid,synthetic,1
ROC-2019-0477,CODE,합성-과제코드,mid,synthetic,1
TECH-2005-0075,CODE,합성-과제코드,mid,synthetic,1
SYS-2018-0041,CODE,합성-과제코드,mid,synthetic,1
DP-2010-0442,CODE,합성-과제코드,mid,synthetic,1
EXP-2013-0334,CODE,합성-과제코드,mid,synthetic,1
SEC-2025-0162,CODE,합성-과제코드,mid,synthetic,1
EXP-2005-0211,CODE,합성-과제코드,mid,synthetic,1
SEC-2018-0509,CODE,합성-과제코드,mid,synthetic,1
DP-2006-0003,CODE,합성-과제코드,mid,synthetic,1
SYS-2007-0347,CODE,합성-과제코드,mid,synthetic,1
SYS-2021-0570,CODE,합성-과제코드,mid,synthetic,1
SYS-2017-0143,CODE,합성-과제코드,mid,synthetic,1
ROC-2024-0072,CODE,합성-과제코드,mid,synthetic,1
ROC-2014-0436,CODE,합성-과제코드,mid,synthetic,1
PRJ-2022-0367,CODE,합성-과제코드,mid,synthetic,1
ROC-2021-0466,CODE,합성-과제코드,mid,synthetic,1
MIL-2023-0182,CODE,합성-과제코드,mid,synthetic,1
SEC-2022-0295,CODE,합성-과제코드,mid,synthetic,1
DP-2020-0434,CODE,합성-과제코드,mid,synthetic,1
SEC-2010-0585,CODE,합성-과제코드,mid,synthetic,1
TECH-2026-0378,CODE,합성-과제코드,mid,synthetic,1
SEC-2024-0338,CODE,합성-과제코드,mid,synthetic,1
SYS-2020-0213,CODE,합성-과제코드,mid,synthetic,1
DP-2026-0151,CODE,합성-과제코드,mid,synthetic,1
EXP-2026-0449,CODE,합성-과제코드,mid,synthetic,1
PRJ-2010-0251,CODE,합성-과제코드,mid,synthetic,1
PRJ-2007-0244,CODE,합성-과제코드,mid,synthetic,1
TECH-2020-0303,CODE,합성-과제코드,mid,synthetic,1
SYS-2011-0110,CODE,합성-과제코드,mid,synthetic,1
SYS-2005-0068,CODE,합성-과제코드,mid,synthetic,1
TECH-2021-0316,CODE,합성-과제코드,mid,synthetic,1
DP-2012-0552,CODE,합성-과제코드,mid,synthetic,1
EXP-2011-0345,CODE,합성-과제코드,mid,synthetic,1
SYS-2022-0412,CODE,합성-과제코드,mid,synthetic,1
ROC-2025-0549,CODE,합성-과제코드,mid,synthetic,1
SYS-2015-0329,CODE,합성-과제코드,mid,synthetic,1
PRJ-2005-0132,CODE,합성-과제코드,mid,synthetic,1
SYS-2026-0161,CODE,합성-과제코드,mid,synthetic,1
MIL-2011-0093,CODE,합성-과제코드,mid,synthetic,1
SEC-2006-0052,CODE,합성-과제코드,mid,synthetic,1
ROC-2026-0385,CODE,합성-과제코드,mid,synthetic,1
DP-2015-0102,CODE,합성-과제코드,mid,synthetic,1
TECH-2018-0319,CODE,합성-과제코드,mid,synthetic,1
EXP-2024-0123,CODE,합성-과제코드,mid,synthetic,1
MIL-2008-0225,CODE,합성-과제코드,mid,synthetic,1
SEC-2006-0511,CODE,합성-과제코드,mid,synthetic,1
EXP-2016-0043,CODE,합성-과제코드,mid,synthetic,1
ROC-2018-0284,CODE,합성-과제코드,mid,synthetic,1
DP-2016-0433,CODE,합성-과제코드,mid,synthetic,1
EXP-2012-0354,CODE,합성-과제코드,mid,synthetic,1
TECH-2021-0355,CODE,합성-과제코드,mid,synthetic,1
EXP-2020-0129,CODE,합성-과제코드,mid,synthetic,1
비밀 무인기 통신모듈 공정도,TECH_DOC,합성-체계부품문서,high,synthetic,1
EXP-2009-0348,CODE,합성-과제코드,mid,synthetic,1
ROC-2022-0323,CODE,합성-과제코드,mid,synthetic,1
SYS-2022-0482,CODE,합성-과제코드,mid,synthetic,1
SYS-2005-0558,CODE,합성-과제코드,mid,synthetic,1
EXP-2022-0121,CODE,합성-과제코드,mid,synthetic,1
DP-2018-0413,CODE,합성-과제코드,mid,synthetic,1
MIL-2022-0027,CODE,합성-과제코드,mid,synthetic,1
ROC-2005-0575,CODE,합성-과제코드,mid,synthetic,1
DP-2006-0020,CODE,합성-과제코드,mid,synthetic,1
ROC-2006-0129,CODE,합성-과제코드,mid,synthetic,1
SEC-2022-0110,CODE,합성-과제코드,mid,synthetic,1
DP-2016-0510,CODE,합성-과제코드,mid,synthetic,1
SYS-2022-0005,CODE,합성-과제코드,mid,synthetic,1
ROC-2025-0379,CODE,합성-과제코드,mid,synthetic,1
SYS-2007-0334,CODE,합성-과제코드,mid,synthetic,1
PRJ-2013-0453,CODE,합성-과제코드,mid,synthetic,1
SYS-2013-0081,CODE,합성-과제코드,mid,synthetic,1
TECH-2010-0450,CODE,합성-과제코드,mid,synthetic,1
ROC-2007-0586,CODE,합성-과제코드,mid,synthetic,1
SEC-2011-0293,CODE,합성-과제코드,mid,synthetic,1
MIL-2022-0501,CODE,합성-과제코드,mid,synthetic,1
비밀 잠수함 통신모듈 시험성적서,TECH_DOC,합성-체계부품문서,high,synthetic,1
ROC-2006-0278,CODE,합성-과제코드,mid,synthetic,1
PRJ-2020-0598,CODE,합성-과제코드,mid,synthetic,1
SYS-2019-0537,CODE,합성-과제코드,mid,synthetic,1
EXP-2005-0100,CODE,합성-과제코드,mid,synthetic,1
MIL-2015-0319,CODE,합성-과제코드,mid,synthetic,1
PRJ-2013-0589,CODE,합성-과제코드,mid,synthetic,1
DP-2021-0568,CODE,합성-과제코드,mid,synthetic,1
EXP-2024-0201,CODE,합성-과제코드,mid,synthetic,1
ROC-2018-0265,CODE,합성-과제코드,mid,synthetic,1
PRJ-2011-0018,CODE,합성-과제코드,mid,synthetic,1
비밀 추진체 통신모듈 공정도,TECH_DOC,합성-체계부품문서,high,synthetic,1
SYS-2005-0353,CODE,합성-과제코드,mid,synthetic,1
EXP-2024-0399,CODE,합성-과제코드,mid,synthetic,1
PRJ-2005-0503,CODE,합성-과제코드,mid,synthetic,1
MIL-2021-0305,CODE,합성-과제코드,mid,synthetic,1
ROC-2009-0511,CODE,합성-과제코드,mid,synthetic,1
ROC-2008-0357,CODE,합성-과제코드,mid,synthetic,1
EXP-2009-0402,CODE,합성-과제코드,mid,synthetic,1
TECH-2011-0405,CODE,합성-과제코드,mid,synthetic,1
SEC-2022-0543,CODE,합성-과제코드,mid,synthetic,1
ROC-2007-0373,CODE,합성-과제코드,mid,synthetic,1
SYS-2011-0109,CODE,합성-과제코드,mid,synthetic,1
SYS-2025-0494,CODE,합성-과제코드,mid,synthetic,1
DP-2009-0243,CODE,합성-과제코드,mid,synthetic,1
SYS-2014-0132,CODE,합성-과제코드,mid,synthetic,1
대외비 무인기 열영상장비 설계도면,TECH_DOC,합성-체계부품문서,high,synthetic,1
EXP-2020-0062,CODE,합성-과제코드,mid,synthetic,1
MIL-2011-0019,CODE,합성-과제코드,mid,synthetic,1
TECH-2009-0284,CODE,합성-과제코드,mid,synthetic,1
SYS-2006-0468,CODE,합성-과제코드,mid,synthetic,1
EXP-2013-0264,CODE,합성-과제코드,mid,synthetic,1
DP-2007-0599,CODE,합성-과제코드,mid,synthetic,1
PRJ-2023-0416,CODE,합성-과제코드,mid,synthetic,1
ROC-2007-0076,CODE,합성-과제코드,mid,synthetic,1
SEC-2012-0201,CODE,합성-과제코드,mid,synthetic,1
MIL-2017-0023,CODE,합성-과제코드,mid,synthetic,1
PRJ-2015-0324,CODE,합성-과제코드,mid,synthetic,1
TECH-2006-0422,CODE,합성-과제코드,mid,synthetic,1
MIL-2008-0142,CODE,합성-과제코드,mid,synthetic,1
TECH-2014-0502,CODE,합성-과제코드,mid,synthetic,1
TECH-2022-0162,CODE,합성-과제코드,mid,synthetic,1
EXP-2016-0290,CODE,합성-과제코드,mid,synthetic,1
MIL-2015-0444,CODE,합성-과제코드,mid,synthetic,1
EXP-2025-0167,CODE,합성-과제코드,mid,synthetic,1
비밀 위성 냉각장치 공정도,TECH_DOC,합성-체계부품문서,high,synthetic,1
ROC-2020-0454,CODE,합성-과제코드,mid,synthetic,1
EXP-2015-0103,CODE,합성-과제코드,mid,synthetic,1
SEC-2011-0205,CODE,합성-과제코드,mid,synthetic,1
SEC-2011-0460,CODE,합성-과제코드,mid,synthetic,1
SEC-2006-0421,CODE,합성-과제코드,mid,synthetic,1
TECH-2009-0086,CODE,합성-과제코드,mid,synthetic,1
MIL-2013-0209,CODE,합성-과제코드,mid,synthetic,1
EXP-2023-0277,CODE,합성-과제코드,mid,synthetic,1
ROC-2018-0436,CODE,합성-과제코드,mid,synthetic,1
PRJ-2009-0162,CODE,합성-과제코드,mid,synthetic,1
EXP-2019-0384,CODE,합성-과제코드,mid,synthetic,1
ROC-2008-0489,CODE,합성-과제코드,mid,synthetic,1
EXP-2005-0262,CODE,합성-과제코드,mid,synthetic,1
PRJ-2019-0358,CODE,합성-과제코드,mid,synthetic,1
DP-2024-0147,CODE,합성-과제코드,mid,synthetic,1
ROC-2009-0274,CODE,합성-과제코드,mid,synthetic,1
SEC-2025-0476,CODE,합성-과제코드,mid,synthetic,1
PRJ-2011-0394,CODE,합성-과제코드,mid,synthetic,1
TECH-2009-0354,CODE,합성-과제코드,mid,synthetic,1
DP-2011-0161,CODE,합성-과제코드,mid,synthetic,1
ROC-2024-0396,CODE,합성-과제코드,mid,synthetic,1
PRJ-2024-0098,CODE,합성-과제코드,mid,synthetic,1
SEC-2019-0029,CODE,합성-과제코드,mid,synthetic,1
MIL-2017-0004,CODE,합성-과제코드,mid,synthetic,1
TECH-2007-0096,CODE,합성-과제코드,mid,synthetic,1
DP-2007-0330,CODE,합성-과제코드,mid,synthetic,1
SEC-2018-0506,CODE,합성-과제코드,mid,synthetic,1
PRJ-2014-0003,CODE,합성-과제코드,mid,synthetic,1
PRJ-2013-0228,CODE,합성-과제코드,mid,synthetic,1
PRJ-2018-0330,CODE,합성-과제코드,mid,synthetic,1
ROC-2005-0539,CODE,합성-과제코드,mid,synthetic,1
SEC-2009-0280,CODE,합성-과제코드,mid,synthetic,1
EXP-2006-0329,CODE,합성-과제코드,mid,synthetic,1
SEC-2007-0538,CODE,합성-과제코드,mid,synthetic,1
TECH-2009-0555,CODE,합성-과제코드,mid,synthetic,1
PRJ-2015-0278,CODE,합성-과제코드,mid,synthetic,1
EXP-2020-0168,CODE,합성-과제코드,mid,synthetic,1
MIL-2009-0015,CODE,합성-과제코드,mid,synthetic,1
ROC-2010-0274,CODE,합성-과제코드,mid,synthetic,1
TECH-2018-0505,CODE,합성-과제코드,mid,synthetic,1
DP-2010-0012,CODE,합성-과제코드,mid,synthetic,1
TECH-2026-0432,CODE,합성-과제코드,mid,synthetic,1
MIL-2019-0129,CODE,합성-과제코드,mid,synthetic,1
DP-2020-0093,CODE,합성-과제코드,mid,synthetic,1
PRJ-2021-0106,CODE,합성-과제코드,mid,synthetic,1
SEC-2013-0021,CODE,합성-과제코드,mid,synthetic,1
TECH-2009-0188,CODE,합성-과제코드,mid,synthetic,1
MIL-2010-0420,CODE,합성-과제코드,mid,synthetic,1
DP-2024-0591,CODE,합성-과제코드,mid,synthetic,1
SYS-2014-0026,CODE,합성-과제코드,mid,synthetic,1
TECH-2022-0384,CODE,합성-과제코드,mid,synthetic,1
